id,text,label
1,"Wells Fargo did the same to me several years ago. Those morons **knew** the fraud was happening. Before I had found out the bank called me when the thief was cashing one of my checks. They asked to talk to me and I said ""Yes, this is me."" And WF says ""that's odd you are in the bank right now cashing a check.""  Agitated by the stupid reply I told the guy, obviously it's not me stop him!  They didn't.  They gave him the money then locked my account so I couldn't withdraw any money for about 6 weeks because ""you may have been involved in it."" 

Believe it or not I didn't change banks until they erroneously bounced my mortgage payment 6 months later as a result of the the indecent.  ",ANECDOTE
2,We can only go up from here right??? ,APPRAISAL
3,"Truthfully, I feel like the problems you are having are your personal problems and her financial situation shouldn’t have to counter into them. How is she handling her own financial situation? Is she stressed and dependent on you during your time of stress? If so, that could be a new burden and that’s another story. ",ANECDOTE
4,"Maybe your past behaviour has attracted some fuckboys. You're not being rude nor manipulative. He is being both rude and manipulative. Lmk if you want to share thoughts on how to find better guys.

Also, your ex has an ""expectation"" that you'll provide sex to him, since you did before. This expectation contributes to his anger. It does not make him good, and it does not make you bad. Since you guys have different expectations now, you're not good for each other anymore.",EMOTIONAL_SUPPORT
5,"Yeah, he’s nice to me in every other way. I definitely do worry about this one aspect. We’ve talked about it once before. He said he just doesn’t understand why the things I get upset about are a big deal and he has a hard time seeing past the surface. Like in this situation he would think I’m just getting upset at him for hanging out with his friend, not for bailing on our plans. Definitely something me and him need to communicate and work on better in the future . ",ANECDOTE
6,"Right there you're fucking up by saying ""he deserves better than me."" No one can judge what another deserves, only we can decide that for ourselves. In my opinion at least. Your boyfriend I think needs to figure things out for himself, and I think you telling him why you're leaving may be a wake up call to him. Maybe he's depressed but hasn't been diagnosed? Something clearly happened to him, but if what you're telling me is true then you've done all you really can. 

As a rebuttal to your one point of ""I don't want to be alone I don't think I can blah blah yadda yadda."" Long story short I was in a relationship for a year and a half that ended horribly, and that experience made me want to do nothing but stay by myself. Now of course that scenario is different than yours, but being by yourself doesn't mean forever nor does it mean you're ""alone"" as my ex liked to call it. Embrace it, and focus on your goals, your hobbies, your interests. Maybe save some money, something. Stressing about relationships isn't healthy and I can tell you right now if you just jump into another one immediately after, you will regret it. I've been there. 

Maybe I'm wrong, I don't encourage you to try and prove me wrong, but people are a diamond dozen. You live and learn, people come and go. All of my exes I shared something special with, and even though our time has come and gone I still reflect on them and care about them just as much as I did the day I met them. Life will go on I can promise you that. ",ANECDOTE
7,"Please write a review of this store online - if you got the guy's name include it in the review. 

This is unacceptable behavior in a comic book store - really any store. I know you didn't ask for this responsibility, but please help others avoid the same fate by saying something about it. ",ADVICE
8,Thank you. I'll break it off with him 2day,APPRAISAL
9,"If you are going to do this (and I'd recommend you find some other way), I'd suggest baiting. Don't throw the first punch. In that situation, either; you bait them into attacking you and defend yourself succesfully (remember reasonable force). Or, they back down, lose face, and won't see you as you seem to think they do anymore.


I would find some other way to 'prove' you aren't intimidated. The way I'd try to look at it, tomorrow once you've calmed down a bit, is this... do you want to go to prison over some dickhead? Do you want to lose your job over some dickhead? I'm sure in the moment it'd feel great to beat the crap out of this guy, but the repurcussions would not be good.


It sounds like all you need to do in this situation is let these people know you're not to be fucked with. There's ways to do that without going to prison.


Hope you get this sorted! Deep breaths bro. I know how hurtful it is when people assume that because you're not straight, you're some sort of pushover. Try to remind yourself that THEY are the defective ones. There's nothing wrong with you, they're the ones with a basic brain.",ADVICE
10,"She has to pay income tax on the value of the stock grant.

That is regardless of whether she sells the stock or not.  The stock grant is just salary,  paid in the form of stock rather than cash, so, she owes income tax on it.

If she does not sell the stock (or all of the stock), and it goes up in value, she will owe capital gains  tax on any gains when she sells it.  Long term capital gains tax (which is less than income tax) if she holds it for more than a year.  Short term capital gains tax (which is the same as income tax) if she holds it for less than a year.

Good luck.",ADVICE
11,If he was telling the truth about the relationship problems of that friend then he would have not deleted it because he could have proven that he was innocent. The friend could have easily been in on it no doubt but that's hard to prove. I always expect the worst so i can never be dissapointed but i know that's not a very healthy attitude. If you can't get over it wich i would completely understand then he has the obligation and responsability to prove his innosence to you in a way that you will accept because when there's a possibility of cheating it should not be taken lightly.,ADVICE
12,"My first concert (Outside of Choir or Bands) was a Lindsey Stirling concert, as an adult -because I'm super introverted.  People dressed up sort of dorky and cheered in the mosh pit, but nothing bad happened at all.  (I'm not sure this is an accurate example, because she's Mormon and always has an uplifting sort of show.  She's a real entertainer!  Check her out.)  I'd say get a seat that's away from the pit if you're worried about the bad stuff. 

I don't know your age at all.  So my advice could be hit or miss.  If you're a minor, why don't you ask your parents to come with you?  Sit them down and explain that a seat away from that area is likely much nicer, where you can just enjoy the experience.  Tell them you want to share the experience and one of your favorite bands with them, and that you really don't want to miss this opportunity.  Or even take them to a concert that might not be as 'intense', like a Lindsey Stirling concert.  Maybe show them videos of performances.  Most aren't as 'wild' as your parents expect them to be, I'm sure.",ANECDOTE
13,UNLESS they're trying to low-ball you? Are there any other reasons an employer would do this?,WARNING
14,My guess too. BV is the only vag infection I've seen doctors reel back from on reality TV due to the smell. The fish smell is a give away. A colleague had it and you could smell it after she had been to the loo. I'd describe it as 'a kipper dipped in piss'. Luckily you can get meds over the counter (in the UK) Canestan do an at home test kit for it. ,APPRAISAL
15,"Hard to tell because of very little detail, but always remember: ""You miss 100% of the shots you don't take.""

But if you take the shot prepare and try to give their point of view some thought. Don't rush!

Real friendship is something very precious and should be seen as such. 

Hope it works out!",APPRAISAL
16,"NAL, but former Naval Officer here.  Technically adultery is a violation of the UCMJ, but in my experience this only got charged if it was 'prejudicial to good order & discipline'; i.e., something like a sailor sleeping with the wife of another sailor on the same ship.    So, your reporting it probably wouldn't have any effect on him.",ANECDOTE
17,"Moving in with someone will completely change how you see them as a person. You have to deal with their individual ""things"" and it can drive you crazy. You don't really get a ton of away time from them, and hanging out all the time can get old. 

I'm not saying this will happen, but that's just something to keep in mind. 

If I'm understanding you correctly, the other girl is the one you used to have a crush on? People change overtime. She may not be the exact same person as she was then, and perhaps things about your personality have changed too.",WARNING
18,Don’t take her back. Classic case of the grass being greener then realizing it ain’t. She took a shot and she lost. Move on.,APPRAISAL
19,"You have done your part. Unfortunatly this is something that is not within your ability to fix. As I said, your only option is to minimize the damage to yourself and be there for her. You do not have the key to ""FIXING"" this girl. You can't. It doesnt work that way.  The few movies that actually touch on the subject are wrong. There isn't a phrase you can say or a certain thing that happens that makes everything ok.  She needs to WANT to get better. Again you are not in control of that. You aren't supposed to be.  People live through this, go to school for a DECADE, paying tens of thousands of dollars and still are sometimes unable to help.  Please. Seek therapy yourself, they are far better able to help you than random people on the internet and can are more capable of guiding you through these difficult issues.",APPRAISAL
20,"If you have HSV you skin is ""shedding"" the herpes cells. Rubbing your cock and making friction could have flaked off skin cells. I think come clean to her. Maybe you did pass it to her, maybe you didn't, but why risk her health?",ANECDOTE
21,"And if she says no, she would probably guess I'm gonna try to get a date with her, what should I do under this kind of pressure :D ?

",APPRAISAL
22,"It’s possible that you love them in a way that isn’t sexual. 

There’s many types of love, and attraction and closeness. In western culture we kind of expect it to lump all together. 

It’s also possible that as intimacy grows, sexual desire will. 

Just enjoy it for what it is, no pressure, it’s a new experience. Whatever happens happens. ",EMOTIONAL_SUPPORT
23,"Sounds like he was a shitty guy. It does feel good to forgive, though. Especially when someone doesn't deserve it. If he made you miserable,  try best not to let him influence/control you past his death with thelat heavy stressful feeling of hate. 

I really haven't been in your situation, but i hated my parents for years and although i never see my dad aside from a random card about his life with my stepmoms family, I still see him as a funny kind hearted man- just a shit father. I want him to be happy though.

 Again very different from you, but that's how I cope.",APPRAISAL
24,"She’s gaslighting you, homeboy. Dip out. You’ve laid out the red flags for us, and are asking us if we also think they are red. 

Yes. There are red flags aplenty. RUN. 

Having a big confrontational blowout is only going to be crazy-escalation fuel for this situation. 

These are not the droids you are looking for. Move along. 

Edit: For future reference, if you don’t date/love/fuck your SO, someone will. Get dialed in with your SO’s kink level and get comfy with it. Also, don’t give someone your time if they don’t respect it. ",APPRAISAL
25,"Basic title insurance does typically only protect the title, it depends on what type and which extras OP might have bought into or bundled under the title insurance policy. Insurance is insurance, there usually are plenty of bells and whistles offered that a person might never need or have to add on if wanted (like how renters insurance have multiple types of 'flood' policies you need to get separately or they might have electronics insurance as a separate charge.)",ADVICE
26,"Why say ""its cheaper to raise my sallary then to find another worker""?
Why not try like this: ""over the past x time while I have been working here iv learned alot about my job and thus I find that asking for a raise would be justified. Im asking for (here you insert 125% of the raise you want). ""
Most likely you wount get that 125% but no worries, you have negotiation space. And if you get that 125% then you outplayed yourself. Congrats.",ADVICE
27,"Pay the ticket. If you got the wrong ticket and think that the correct ticket would be cheaper than the incorrect ticket, then you could contest that, but it's not clear (a) who you'd contest that with if this was a private lot and (b) whether the correct ticket would have been cheaper anyway.",ADVICE
28,It’s a mistake to think counseling is only for problems. Go. It’ll make your marriage even better. ,ADVICE
29,I’m currently in a ldr! Been together 2 yrs but doing long distance for the past 7 months. And we won’t be together until summer of 2020 ,ANECDOTE
30,I'd send it back just to be cautious. Dont want to get sued for stealing property down the line. You should also start an email chain that proves you contacted them and tried to return it. ,WARNING
31,"I'd like to point out, you're about to graduate and either go to university or get a full time job, she's still *early* on in school. You're in completely different stages of your lives, she won't be on your level when you graduate.",WARNING
32,"Tell him that by insisting on this, he is crossing emotional boundaries and that you want to see a counselor. If your marriage has any hope of working out, he needs to get over his ex and prioritize you and the baby. If not, at least the counselor can help you set up boundaries for your divorce. Best of luck. ",ADVICE
33,Yes please :( On how to make it a less awkward. ,APPRAISAL
34,"Look dude, you see this wall of text showing how ready you are to persevere through these terrible emotions and be with this person? She's shown you that she clearly doesn't have those same values or feelings.

 Dump this person that clearly doesn't hold the same value to you and find somebody that will fight for it all just like you said you will. ",WARNING
35,A guy who does that has a lot of things to understand about life and himself. Don't bother being the one to do that journey with him :-/ ,APPRAISAL
36,Yes he can get it back. If she says no the law can compel her to return it. ,ADVICE
37,"Pay the utility bill and sue the the leasing company AND the new tenant in small claims to be reimbursed. 

Well send a demand letter first. I am not entirely sure that the leasing company is REALLY obligated to facilitate this. But since they accepted the responsibility to facilitate it when you were on the other end, they certainly opened themselves a lawsuit in the current situation. It doesn’t hurt to name them in small claims and let court sort it out. Be sure to collect all records of your accounts and payments and prepare a timeline.",ADVICE
38,"If evil be spoken of you and it be true, correct yourself, if it be a lie, laugh at it. - Epictetus
",APPRAISAL
39,"It sucks, but you’re not overreacting. Good luck bro.",EMOTIONAL_SUPPORT
40,I read that her aunt called her names and ops gf flipped out and got violent. Did I miss something?,APPRAISAL
41,"The case will come to nothing if there is no evidence.  

Don't sue the coworker,  that's kind of a dick move.  

Don't worry about it.  Maybe cook your dad a really good dinner when he gets home? ",ANECDOTE
42,"Nope.  It's generally good practice to go over your will with the heirs though.  As someone who's been an executor of several estates, it would've saved me a whole lot of trouble from heirs (or intentionally left-out children) being mad at and blaming me instead of the deceased.",ANECDOTE
43,"Be honest and respectful about it.  “Hey, you’re a good bunch of people, but unfortunately the work that was expected hasn’t materialized.  Obviously wasn’t my plan to leave, but you gotta go where the work is, right?”  Most people in a contracting job/field like this will understand that (I’m in a somewhat similar role, and it’s just how it is).  Then thank them for the opportunity, and say you hope they’ll keep you in mind if the work comes back.  ",ADVICE
44,"First off there is no magic formula to figure women out. 

You ultimately want a woman to be attracted to you. Anyone can buy flowers and take them to nice places. Sure. It might do it for some girls but those likely aren't the ones you're pursuing. What makes *you* special. What makes *you* unique. I've had great dates that wind up at Walmart shopping for snacks and I've had terrible dates at expensive restaurants. 

You need to be you. Don't play the game. Don't put on a show. Be you. Be genuine. Be into the girl. Be attracted to her. Don't think about just being with *a woman.* You have to be into *that woman*. 

You're also going to strike out a lot. Lots of people are looking for quick hook ups or basically speed dating. Don't let yourself get tio frustrated either.",ADVICE
45,I have heard this from a close friend of mine in college who has talked to her and knows more from her,ANECDOTE
46,"Adult cats should not be held by their scruff, it's actually painful for most adult cats. Restricting their ability to move and trying to intimidate them is absolutely abusive. Considering he's doing *physically* abusive things to them too, we can stop just calling it emotional abuse. Because it's both emotional and physical at this point. 

Your cats are distant because your boyfriend is treating them like shit, and you're allowing it by still letting him be around them.

Color me a crazy fucking cat lady, but if you abuse my cats then you can fuck right out of my life. ",ADVICE
47,"Yeah, the bank is agreeing OP but this is the prime reason why you only use a debit card at a bank’s atm or at a grocery store.  Credit card for everything else.  ",APPRAISAL
48,I call it awkward but shes stuck in a position living with the person so I get why it might be difficult for her to stand up to. Shes not the one doing it?,ANECDOTE
49,"He was a fully grown man (27) when you started dating. You were literally a teenager (19). Sometimes that's ok, but often guys who pursue younger women are controlling, abusive, and insecure. They like the power that being older, wiser, and usually richer gives them over a woman who has less life experience. They like asserting that power in many ways: financially, sexually, intellectually, etc. 
 
Your boyfriend is a creep who is controlling you and treating you like a puppet. He gets off on you being degraded and dominated. Get away from him.  ",WARNING
50,"Your parents won't be raising the kid, they don't get a say. The child will rely on you completely for at least 20 years, and if you're not ready for that commitment then that's all there is to it. I think you should try and figure out what your own opinions are on the matter, seperate from your husbands or parents, and then sit down and have a real conversation with him about what kind of time frame you're thinking. You have time, but if you don't think you ever want them, your husband deserves to know that as soon as possible.",APPRAISAL
51,"Indeed, if the only goal were to address legal issues there would be no reason for any sort of excuse. But OP can be fired for making the police suspicious, so the ""non-suspicious excuse"" is solely for job-protection purposes.",APPRAISAL
52,Leave it in there. Roll it over to your next 401k with your next job.  Dont EVER touch your retirement unless you absolutely have no other choice then to declare bankruptcy.,ADVICE
53,"Depends what  work contract you signed.

Did you sign sesonal part time?(even if its 25 seasons long)  If so then no.

Did you sign as a contractor from an outside business  then no.

If this is corporate stores(Walmart,home depot lowes) youll need a lawyer to even ask for severage",ADVICE
54,"> I don't have an issue with my husband looking at porn but if he turned me down to masturbate later with out me

Sometimes guys don't want to have to ""perform,"" make sure their partner is getting off, having a good time, foreplay, etc. Sometimes a dude just wants to rub one out, and get off quickly and do it how he wants.

",APPRAISAL
55,Plenty of people care if you are ugly or beautiful.,ANECDOTE
56,There might be a one time tax from the city or county. I had this happen to me when I got my first paycheck this year. ,ANECDOTE
57,Get a consultation with an attorney and DO NOT REPLY OR COMMENT on her facebook rants.  ,ADVICE
58,"From what i've read you have zero basis for a case and any attorney/lawyer wouldn't take it seriously unless you laid down a big chunk of money. Even if you did manage to get a lawyer, it is highly unlikely that you would win. It would be an overall waste of money and time.",WARNING
59,"I just broke up with my boyfriend today and I'm struggling big time. I needed this, thank you. ",APPRAISAL
60,"It's not. It's a pretty well known thing. As a sexual assualt victim myself, the first few weeks it seems like ""oh damn! I can get through this. It's not that bad"". Then you see someone who sorta looks like them, then you see the outfit you were wearing that day, then you see the place where it happened, and suddenly you aren't as okay as you thought. ",APPRAISAL
61,"Thanks for the reply

In the beginning of our marriage sex was great, every other day or so like it was when we were dating.   After our son, she started turning me down, alot.

Now a days she still turns me down 9 out of 10 times, for reasons like she is tired, that she needs space, or she doesn't want it.   It would make me feel unatractive, or undisired and it hurt a bit. And if we do have sex it is almost always vanilla, meaning no real foreplay, and no exploring our sexuality together.

I have tried several things to get her in the mood more such as helping out house, helping with our son, almost completely quiting video games.  Used to play MMOs and other games that cannot be paused,   now if I play, instead of sitting with her, I play games that can be paused.  She still gets upset because I have a hard time switching tasks, especially if I am focused on something and would reply with short answers.  

 I have tried to get her to play with me but she feels like she is just following me around.  I tried switching to support roles in games that results in her getting fustrated because she can't progress past points that I can't heal through her standing in fire or standing in telegraphed moves.

So now our quality time consists of watching shows I dislike,and I feign interest.  Because honestly I could care less if the bachelor gets with girl or another,  or if a product on shark tank is going to get funding.  But hey at least I am cuddling and getting touch.


",ANECDOTE
62,"I prefer to pay them myself. I’ve heard of too many instances where the mortgage company messes something up, including one that I experienced when I bought my first house. 

If you’re good at budgeting and you include your taxes as an expense in your budget, then you should have no problem.



",ANECDOTE
63,"Just introduce yourself. Talk to him as you would a cashier at a checkout lane. Just start with small talk, laugh a little, don't be tense.",ADVICE
64,"I left my husband last year over this. Amongst other things. He was literally trying to fuck ALL of my friends and none of them went for it. They all told me about it. It was humiliating. He had a problem and owned up to it when I asked him. My friends had screen shots over a  2 year span. 2 fucking years. Your husband is a Jason. He will not change because he doesn’t want to. 
It’s not your fault. You deserve so much more!!! And one day you’ll look back and you’ll be with someone who literally worships you and appreciates you who is trustworthy and fantastic.  And you’ll roll your eyes at yourself girl. Leave. ",EMOTIONAL_SUPPORT
65,I mean that doesnt really mean she can go and have a 3 sum with a diffrenet guy after you told her you wanted to be the first one with her to experience this. What if you both were virgins and said i want to experience this together and she goes to fuck someone else. This seems like a very close comparison obviously with a few differences that wouldnt make that much of a difference. She still kinda betrayed you. ,APPRAISAL
66,"Temporary restraining orders are often granted on an interim basis based on the sworn testimony of only one party. The intent is to ensure that whatever behaviour is at issue is at least put on hold until the matter can be heard; the next step is generally a hearing as to whether the HRO should be upheld once both parties are aware of it and able to attend.

As you were never served, the order was never effective on you, and is irrelevant to you.",ADVICE
67,"Dude this girl is trying kinky things for you even if she doesn’t necessarily enjoy it and you’re going behind her back to get permission to cheat on her because you want more? 

Seriously do her a favor and break up with her before she makes the mistake of marrying you. ",ADVICE
68,"Regardless of what his diagnosis may or may not be, you suspect she's being abused. Focus on offering her support if she needs it by reaching out to her. You could just email her and ask if she wants to get a coffee or something, try to get her out for a face to face. It's difficult to talk to a close friend about these things but much more difficult to talk to a stranger.

Your other option is just to mail her, about your concern. It looks to you as though she may be being mistreated. You're offering support if she needs it. But I'd stay away from the diagnosis. Whatever his issue is, it's not as important as her health and safety. ",ADVICE
69,"Latter. You can also take a SMALL portion of that and invest at higher risk but that depends of your risk tolerance. 

",ADVICE
70,"I don't kinda feel like being addicted to it anymore. 
I just wanna have some fun since it's been a very long time since last time I watched. And now that this morning I sort of fapped too... 

I honestly don't feel like being addicted or anything like that, but something is holding me back and I wanna hear some opinions. ",ANECDOTE
71,">“You’re just jealous that I have more followers than you do or ever will so stop using your insecurities against me”  
>  
>“You’re just mad because I’m a hot girl and you were a Virgin before I took you on”  
>  
>“You’re really effing controlling and I don’t appreciate you telling me to close my account just because you’re too fragile and can not handle my popularity and success”.

Date someone nice who likes you.",ADVICE
72,"Spread word yourself, either in person or through social media like facebook or twitter. Hopefully, from their it will grow in popularity.",APPRAISAL
73,What do you think changed?,APPRAISAL
74,"He can post it. It may get taken down.

Millions upload videos with music in the background. Some get taken down, some don't. ",APPRAISAL
75,Thanks! Any recommendations on starting that process? ,APPRAISAL
76,"Kind of ironic that you have a history of cheating on an SO and because of a high number of partners you believe your current SO can't be trusted.

If anything, your SO should be concerned about you you sneaking around behind their back.

But to answer your initial question..... No its not too damn high.",ANECDOTE
77,"Well I can see where you're coming from, but this is why, traditionally, the employer puts his cards down first. If you have a ""budget"" (which is just a psychological concept), then you know how much impact on the bottom line this position can realistically have. That range. Why not just tell them? Some people might be able to make $150k as a data analyst, but you know it's not possible to add that much value in that role chez vous. Just tell them the range. 

Jobs are all different, and I might say ""yes"" to $50k if the CIA offered me a job, but if it's Bob's Dildo Emporium, they would have to pay me $150k. That's the environment job seekers are in. ",APPRAISAL
78,"In reality, no, it's not really an option. I was in 'therapy' for a while before she passed but it didn't help, I don't talk. Whether it's fear of being judged or just how I am, I don't know. Thank you for your comment, I'll have a look for that book! :)",APPRAISAL
79,The people working for us never complained! In fact our anonymous quarterly reviews were through the roof! Not perfect but the people that worked for us were happy! ,APPRAISAL
80,"Were you laid off? That can be for any number of reasons, lack of work etc. ",APPRAISAL
81,I know I’ll have to confront her about it at some point. But how can I casually bring up the fact that I know she started messaging him again as soon as I told her I trusted her?,APPRAISAL
82,"Cortisol will kill you. Its constantly released by your vody, and only really suppressed by the hormones released when you feel that super comfortable, fuzzy feeling inside. 

Since most people cant find a new love interest every day, buy a new mansion, or hit a new career goal, the easiest way to up your endorphins is to laugh. Find some youtibe videos or stand up routines you havent seen, and laugh every day. ",ADVICE
83,Call the cops on your mother for animal abuse. Figure out a way to get out of that house.,ADVICE
84,"I don't want to get out of paying the bill, just don't want to get charged late fees from issues on their end. ",APPRAISAL
85,"Probably not unless you signed some type of contract, but you should go through the process of canceling properly. If that means giving them a call, then give them a call, put up with their BS and get it done. Good Organizations taking donations should not make it hard to cancel. it does look like  they spend less then 20% on actually feeding the children. Pretty sad. ",ADVICE
86,"> What order should I focus on for loan repayment?

Treat any loan that does not accrue interest while you're in school as 0% until you're out of school.  Do not do this for the loans that are accruing deferred interest (Discover, etc).

Pay them in the order of highest-to-lowest APR.

So the first two to concentrate on would be the 9.63% Sallie Mae and the 8.24% Discover.

> What loans do I defer while in graduate school? 

As many of them as you can them except for the one you are currently paying down.  This isn't for reducing how much you are spending each month, it's assuming that money that you would pay to them can be paid to the current (higher APR) one instead.  Ie, instead of paying $500 to the 4.38% Sallie Mae, defer it (if possible) and pay that $500 to the 9.63% one.  What you don't want to do is pay $500 less a month.

> My thoughts on this is if I defer them, I have a 'safety net' or sorts while I am in graduate school where if money is tight, I can choose not to make a payment one month.

> Should I put my extra income from my stipend towards my loans? 

No idea your financial situation.  Ideally you have a small emergency fund set aside, take care of your day-to-day expenses, and then dump everything else into the loans, but maybe your situation is different.",ADVICE
87,"This means a lot, thanks.",APPRAISAL
88,"I really needed that. That's exactly it, my mind creates these bad situations. And then yea I get worried that I'm pushing him away. 

Can you tell me I'm just being silly now because he's amazing and I'm being an idiot.",EMOTIONAL_SUPPORT
89,"I hope it's that easy, especially since I do think it was dismissed without prejudice which if I Googled correctly means stuff can happen in the future.",ANECDOTE
90,"Act natural. Avoid her if you can because he probably will. There will be at least one awkward encounter. If your paths cross, just treat her like any of his other friends. Grab a girlfriend before the big day, go out shopping, and buy the hottest dress you can find so that the ex knows your man upgraded.",ADVICE
91,"Honestly, I would ask her (not straight out.... just casually bring it out during a convo about dad always being gone). 

I know everyone would be against this and say it's none of your business; however, you've seen the messages.  If she finds about the messages and asks you if you knew about them (particularly since you gave him the Kindle), how would you respond?",ANECDOTE
92,"Forgive my ignorance on the matter but isn't it possible to have several maids of honors? Where im from we don't really do bestman/maids of honors. Usually relatives, siblings close friend etc all take an equal share of that ""burden"".

&#x200B;

In any case i think she's playing a bit too much with your feelings and perhaps taking your friendship for granted. You could perhaps let her know after the wedding if you ever get in touch again. But as many other have said, it may be best to just move on.",APPRAISAL
93,"Good advice, I will break this out in a spread sheet",APPRAISAL
94,Yeah that could be a potential. Perhaps you and J could find another place. But you deserve a great life and would be best to take care of yourself. There's gotta be a better solution than what is going on right now. And yeah you're welcome!,EMOTIONAL_SUPPORT
95,Just stay out of it.  No need to involve yourself in other people's drama.  None of this directly affects you. ,ADVICE
96,"Sorry, as in you’re trying to avoid paying interest on any sort of business loan or investment?",APPRAISAL
97,Ok thanks. That makes me feel so much better. I scheduled the haircut for Saturday. Wish me luck! ,APPRAISAL
98," I would assume that like most loans, if you don’t pay at least the minimum amount due each month, they will go into default and you can be garnished. ",ANECDOTE
99,"That's definitely rape, everything you just described.  You said no and gave him a very reasonable condition, but he pushed past your concerns and had at you forcefully.  Lots of women freeze up or just let it happen because they're shocked.  That doesn't mean they're okay with it.  Tell your boss.  It can be your female boss.  You don't need to be vague.  You can say you have no interest in pressing charges, but you don't want to be near this person -and you don't think he should be in an environment full of young women.",ADVICE
100,"I would consider getting a therapist who can help coach you to improve socially through feedback, practicing social situations, and supportive suggestions as you try out your developing skills.",ANECDOTE
101,"If that's your aim you won't get your monies worth. If you leave feeling bloated, horrible and a discusting pig then you wasted your money.

If you come out nicely full, satisfied having enjoyed your meal. Isn't that more worth the money.",ANECDOTE
102,Are you sure it was just some random guy?,APPRAISAL
103,I'd argue the husband shouldn't be on the property either.,ANECDOTE
104,"Say this:

""The smell is leaking into the shared areas and I want to you find a solution. You could get a smokebuddy or other type of carbon filter.""

If you don't mind, buy him a smoke buddy yourself, give it to him, and say ""please use this"". If he's a friend he might even pay you back for it. I would.",ADVICE
105,"so just go to the bank, and say that you would like to open an student account and get a credit card",ADVICE
106,There are so many details! Burial or cremation? Open casket or closed? Who do you want to eulogize you? What cemetery do you want to use? What plot? What headstone? What casket or urn? What kind of memorial service do you want? Making those plans really took a toll on my wife. ,APPRAISAL
107,"Exactly what I came here to say. The relationship was not healthy. Now he can really get out and explore and have meaningful contact with people, whatever their sex or gender. without baseless restrictions and harping insecurity. 

Enjoy the new year and all the good it brings, OP!",ANECDOTE
108,"In that case, I would get the excessively long bank statement and just highlight the income lines and/or black out the rest. I’ve had to do that a few times, but it has worked for me. ",ANECDOTE
109,Why would you end up homeless if you told your mom? You said she’s already keenly aware that your dad has a shopping/debt problem,APPRAISAL
110,"When you are with someone for a long time, especially when you start dating young , there is a transition. A persons tastes may change, they may become complacent. They may start doing things they normally won’t do. 

You said something about failing relationship. First off, it’s ok to fail. In this case it wasn’t you who failed the relationship, am I right? His behavior may seem mild now, but what happens if it does escalate and the next thing you are discovering is that he did have sex with another woman.

If you are living under the adoration of your friends because they envy your relationship, eventually that will wear away and you are left creating this facade to hide the truth. 

Perhaps you should confront him , tell him how this makes you feel. If your relationship is solid and everything is on the table then he should comply and say yeah I did it. But if he hides it or “it’s no big deal” , he’s paving the way for future things and you’re probably going to accept them or turn your head. Remember if you have a strong trusting relationship, he shouldn’t have anything to hide such as internet browsing histories etc. 

Shouldn’t he be idolizing you instead of them?

Relationships are hard work. People make mistakes. They should also correct certain behavior when it hurts the one they love. ",APPRAISAL
111,I hope so. I just hope I don't do anything to myself during the year.,APPRAISAL
112,"NAL but the son of two cops, who has been in your exact position before. I have gotten one ticket in my life, and what I was advised to do by my mother, and other family cop friends, was I wrote a letter to the town court office, apologizing, explaining the predicament and an official print out of my driving record (from the DMV with a state seal, not just an online print out).  They wrote me back and dropped the points from the infraction, changed it to a non-moving violation, and I just had to pay the fine. Obviously might not work everywhere, but, if your driving record is clean like you said (my driving record literally just said I got my permit, got my license, got my above 21 year old license and that was literally it) they may do the same for you. Also, because they changed it to a non-moving violation, my insurance didn't go up",ANECDOTE
113,"Generally speaking, the existing memberships transfer to the new owners. As long as the new owners are offering a similar service, you are still on the hook. 

Although I'm not sure if this is the case in Antarctica. I couldn't find their laws regarding contracts and gym memberships. ",APPRAISAL
114,"I don't know if it helps, but think about it this way: if someone were standing around talking and you needed them to move over a bit so you could get past, would you be upset with them?  I'm imagining, like most people, you wouldn't give it a second thought.  Put yourself in the other person's shoes and you might realize that people really aren't getting angry or irritated with you and you've got nothing to be embarrassed or uncomfortable about.",ADVICE
115,You have the definite right to just go take your child.  Do it this way.  Go to your child's school in the morning with a copy of her birth certificate.  Check your child out of school and just bring her home.  If the police are called by the school just keep repeating that the grandparents have no court orders granting them any right to keep or access your child.  Be aware that her father has just as much right to take and keep the child as you do.  It's time to get a divorce attorney.  ,ADVICE
116,"> My wife feels that legal action is warranted, though I am not sure how practical or cost effective this may be.

You're both right.

Given that the offer on the table is far greater than IL's small claims limit, I think a conversation with a real attorney is in order here. However, if they're bankrupt, or about to go bankrupt, you'll be more or less last in line, and there may be a number of claimants to split whatever's left after their secured debts are paid.

The optimistic outcomes are either that the embryo can be transferred to another clinic but on a more manageable schedule, or that your lawyer helps you negotiate a larger payout without having to go to court.",APPRAISAL
117,"> Another piece of practical advice I would give is to start making those house payments to yourself right now and ask yourself if you can afford to pay that much.

I feel like a moron for not thinking of this myself.....",ADVICE
118,"If you read ""Why does he do that?"" (It's a free online PDF), you will find that there are several different types of abusers. One is called, if I remember correctly, ""The Feminist."" 

He knows the lingo, and how to twist words to make himself the picture of support. Anything he has done wrong can be explained away to some type of issue with society making him this brute of a man. This type of abuser rarely hits or rapes, but cuts down his partner in other ways. Controls her in other ways, but can become rather physically evil if he senses that his control is slipping (such as others daring to compliment you and you not automatically responding in an appropriate way to him). 

I only recommend that book if you are certain you can read it safely without him getting angry over it. This is one interaction, but you may find more -- less obvious -- interactions of abuse highlighted in the book. ",ADVICE
119,"Thank you internet hero, I think maybe this is what I am needing. ",APPRAISAL
120,"Absolutely not, you are a legal adult with control over where you go. I advise organizing with a friend to have check ins for a bit to make sure you're safe and if you don't check in they'll check on you and if necessary call the police. But no, they absolutely cannot force you to leave.  Don't go to the airport or anything like that with them either. ",ADVICE
121,"Yes, she's agreeing to the divorce and will cooperate on everything. Thanks for the information, I did not know the embassy could be a legal notary for situations like this. ",ANECDOTE
122,"No, in Canada you only need the consent of one involved party for a recording to be legal. You can't record others, but you can record yourself interacting with others without their knowledge or consent. I looked into this very thing for my wife when her boss was being an asshole.",ADVICE
123,"It was hard for me finish reading your whole post because I wanted to shout 'RED FLAG! RED FLAG!' If you cannot talk to your best friend, you do not have an amazing relationship. And you are not ""allowing him to feel jealous,"" if you could actually control his emotions, you could wave you hand and command him not to feel jealous.  He feels jealous because he's choosing to believe there's something to be concerned about.  

This isn't exactly a matter of ""right"" or ""wrong"" or other judgments.  Different people have different personal boundaries as far as what is acceptable and comfortable in a relationship. It's important to know your own boundaries as well as your partners, so you can have a discussion about whether or not you're able to meet each others' needs. 

What are your boundaries?  What are your needs in and outside your relationship?  Does you partner honor and respect your needs?  Is this, overall, an appropriate situation for you?

&#x200B;

Tara Eisenhard  
Divorce/Breakup Coach",EMOTIONAL_SUPPORT
124,"This is false information, you don’t inherit medical debt. The hospitals may harass you for it for sure but it is just a scare tactic, and is not really a legal requirement of living family. ",APPRAISAL
125,"That's a shame my dear
Well if you ever want someone to talk to let me know and I'll give you a way to get ahold of me whether messenger through Facebook or whatever I do wish you the best of luck kiddo",EMOTIONAL_SUPPORT
126,Recently started working at a coffee shop with a drive through. It took me all of 20 minutes to noticed how intense some people's stares can be while you're making their drink. It's incredibly nerve racking. ,ANECDOTE
127,RED FLAGS ARE EVERYWHERE GIRL LEEEEAVVVEEE ,ANECDOTE
128,"> I want this dog taken away from them TODAY.



Well that's likely not happening, unless you have video evidence of them mutilating the dog in some way. What abuse do you have on video? What you have may be enough to start a case, but not enough to warrant an emergency removal. ",APPRAISAL
129,"i feel as though it could work out if OP told the sister she would need a place to live and help getting a part time job if she were to tell her parents. that way 1.) sister knows what’s at stake. and 2.) sister may be able to give OP the resources she needs to be able to tell her parents and be okay without their financial support. 
i feel putting a plan together for the risks of her parents would ease OP’s stresses and thus make a more comfortable life for her and her partner. ",ANECDOTE
130,Maybe you can get your work to pay or help for grad school? Personally that's the only way I'd go back to school. ,ANECDOTE
131,"My own pathway from feeling what you described to only accepting the Good Shit instead of letting people walk all over me is this:

Focusing on myself and my needs/desires. It has to do with building up my self love and care. Doing things I find actually fun and things that bring my joy. Reaching out to real friends and being very grateful for them. The right person will give the same amount. ",ANECDOTE
132,"Okay. What I don’t understand, even though you love your parents, is why your big concern is telling them? If they were amazing parents, and I’m sure they are, they would be okay with it eventually. So you have to decide. Are you willing to get into a slight argument or have a little small trouble with your parents so you can be with/ support the person you love? Because I think you need to get some priorities straight. ",APPRAISAL
133,"your parents sound awesome! they are probably so happy you're rid of the bad gf...so happy 

keep in mind that lists are your friends; make lists for every room

e.g. think about cooking your favorite meal - make a list of lol the tools you need & bed, bath & beyond will have everything you need

a good thrift shop is good for some kitchen things 

Ross has great prices on sheets 

good luck dude - congrats ",APPRAISAL
134,"If you guys are about to divorce over a baby name, there's NO WAY you'll make it through actual marriage.",ANECDOTE
135,"I'd say that life isn't always fair and you have to learn to roll with the times when your time and efforts aren't rewarded appropriately.    It's aggravating, but it's character building to learn to accept an unfair decision.    ",APPRAISAL
136,"Did you even read the same post I did? 

Healthy intamacy outside of a primary relationship is important. But she has shown that she isn't open to op having that kind of healthy intamacy elsewhere. trust needs to work both ways. ",APPRAISAL
137, I honestly tried asking people I know well they normally say oh your not creepy ether that or they avoid the question I don't know if it's because I tower over a good 60% I asked her boyfriend politely saying it feels like She was afraid and intimidated due to my size which truthfully I honestly thinks it's something else due to the fact she's been hung out with people larger then myself as for my friend I don't know what to do about him I tried talking to him and the only person that really treats me like a friend is the youngest member of our group you got any more advice? ,ANECDOTE
138,"Take the time you're going to spend not talking to recover, just be sad.. it's ok, slowly but surely you'll get through this. Get new hobbies and do all those this you said you would do to get her back, but do it for yourself, to see yourself improving and one day you'll realize you're ok. 

And if you guys do start talking again, don't do it with second intentions, someone is going to end up hurt there.",EMOTIONAL_SUPPORT
139,"The warranty is to cover things that break because of something the manufacturer did.  There's no kind of engine failure that would cause water to get in.  (Assuming it's water, not antifreeze or some other fluid.)

Unfortunately, it's going to be difficult for your parents to prove somebody else was responsible for the water since they don't know how it got there in the first place.",APPRAISAL
140,He can (and should) report it to his employer's IT department and his supervisor ASAP.,ADVICE
141,They've caught and proactively refunded every fraudulent charge I have ever had (3 times) within 2 hours. Sorry you've had bad experiences....,ANECDOTE
142,"this guys is disgusting lmao, if he doesnt wanna flush because it might mess up the water pressure for his shower then he can flush AFTER his shower. this situation also happened before with my family but i always flushed after my shower",ANECDOTE
143,"Thanks,

I don’t know how to value a pension value  into a count for retirement savings.  If anyone had a calculator I’d like a link. I have a state gov. pension that I’ve  paid into for 10 years. The calculator from the state site says it is worth currently ~ 800 a month in income at retirement, but there are periodic COLA  adjustments. It is almost 1/3 of my current income after paying into my 401k. ",ANECDOTE
144,"I made this comment a while back for someone else to help them understand:

""Sure someone can be mature at 20, but they lack experience, and you dont stop (peak) developing until 25. A 20 year old has been out of their teens 1 year, while the 30 year old has had 10 years to mature and experience life. Imo, if you're older than 25 you shouldn't be dating someone 20 or younger. Age matters less when one partner is 30 and the other 40 because theyve both had time to experience adulthood. Without it theres a power dynamic. Who knows better? The 20 year old as I said is still developing and just entering adult hood with a year of experience outside of their teens.

I dont think if a 20 year old dates a 30 year old the 20 year old is at fault. I think it's unfair of the 30 year old and (s)he knows exactly what (s)hes doing. The 20 year old wouldnt know any better.""

There's guys out there that don't get it, and think going after young girls is ok, but we call those predators. If you're a mature adult who cares about your partner- you make sure they're not too young for you so they have a chance to experience life and figure it out. Adults aren't just looking for looks. It's a red flag. ",APPRAISAL
145,"You should definitely seek a support group of other people in the same boat as you. 

The long and short of it is that you can’t do anything about his drinking, only he can do that. But you can choose how much of you that you dedicate to him and his problem. You don’t need to enable him, and you don’t need to be tolerant with him. Look after you, and try to seek some local support groups for the families of alcoholics, you may hear some life changing stuff there. ",ADVICE
146,"In College/University I found most of my classes were big enough that you can sit away from people who you don't like pretty easily. 

High School was a lot harder since the classes were smaller. I tried sitting as close to the teacher as possible so there was an increased chance they would be caught if they tried anything. Also, try timing getting to class just before class starts and leave immediately after leaving them little time to do anything. 

The big question though is why do they hate/dislike you. Is there anything you can do to change that?",ANECDOTE
147,If anything the lady is more at fault for not appropriately setting boundaries. Blaming the guy for pursuing a girl who is interested is just shifting blame. ,ANECDOTE
148,"There’s no limit on love, it took me 2 years to finally let my guard down and express that I loved my bf because of past relationships. I didn’t want to get hurt again. The main thing is if she’s still willing to give it a go then maybe  give it a little bit of time. She probably does love you it’s just that she wants to be sure before she uses ‘the word’

But also remember it may never happen.",ANECDOTE
149,"Yes, you can. And while I agree with the OP that VTSAX is a very very above average choice, I'd mention that there are comparables with Fidelity or Schwab. Fidelity's even has zero expense ratio, instead of 0.04%.

As for the other question, I would not take a bond on a company at 3%, since the US federal government can offer a similar return and is significantly less likely to go bankrupt. But I would not be taking bonds period if you are not nearing retirement (though there are more attractive than the mentioned), I would be buying companies. Thus my agreement with the OP as far as u/all_in_VTSAX. I'm sorry, where did that u/ come from?",APPRAISAL
150,"We don't have enough details on this specific case but I can imagine in certain cases a prosecutor could argue conspiracy, aiding and abetting, and/or complicity against the seller if they sold it to a woman who explicitly stated they were using it to get money from men, or even offering to split the profits. ",WARNING
151,I found Chase to be no better than BoA. Best bank if you can is a credit union. ,ANECDOTE
152,"If you haven't tried AlAnon, you may find it really helpful. It's a support group for the friends and families of alcoholics, and you could ask a question like this and get advice from other people who have been there and done that, so they will completely understand. Plus in AlAnon you'll be encouraged to choose a female sponsor (usually an older woman, so you can benefit from her experience), who can serve as a good friend and as part of your support network, which it seems like you're looking for. ",APPRAISAL
153,What do you recommend as far as retirement goes? I am really interested in putting money away,APPRAISAL
154,"Well you failed to poke any holes because all of your arguments have been things that would never be recommended on this sub. Making justifications for poor financial decisions is basically trying to put lipstick on a pig.

Even in a business where you need to keep up appearances, 1-2 year old used cars can be purchased and maintained well for a few years. If someone was in one of those fields, they should make enough to be able to pay cash. If they don't, then they suck at their job and shouldn't be spending more than they can afford even if they feel they need to drive a nice car. There are also varying degrees of nice car, one doesn't need to buy the most expensive thing on the lot. Good enough can truly be good enough. One could also choose to go into a field that pays well that doesn't make them feel like they have to spend tons of money to ""appear"" to be better than they are. There are plenty of options, nobody has to lease, and I still see no case where a lease is a sound financial decision for anyone.",APPRAISAL
155,"That’s not something small to lie about. Run from this one. Do not marry. 

You will anyway....",WARNING
156,You could average 10% on mutual funds with less risk.,APPRAISAL
157,If he quits the jerking off then sex will become way more appealing. Jacking off multiple times a day is not lazy. It's something else. Not sure what.,APPRAISAL
158,"You should move forward under the assumption that Alex is still on the lease, because by your own admission, the paperwork to remove Alex from the lease was never finalized.  Do not assume it's finalized until it's actually finalized and you are in possession of proof that it was finalized.  If the apartment complex is not receiving your faxes, then get up and go hand-deliver or mail via USPS certified/return-receipt the paperwork they require.

Your Alex-and-me contract has nothing to do with the state of the lease.  No contract between you and Alex can modify the lease.  The only thing that contract is going to help you with is potentially suing Alex for what they owe you.",ADVICE
159,"I agree with the advice you have been given. You are 18, you need to focus on your education for your future! You can always support her by being a good friend and being there in that capacity. In no way should she expect you to take on a heavy emotional and financial responsibility at this point in your life.",EMOTIONAL_SUPPORT
160,"Ditch this dick. You can do loads better. I promise you, 100%.",ANECDOTE
161,"Not too familiar with auto insurance, mostly health insurance.

I'd definitely get in contact with both your auto insurance and his, and ask how this works for getting coverage for your medical expenses.

Typically with medical insurance we'd automatically deny any claims where there was possible third party liability, especially with auto accidents. After auto accidents I'm not much help 😭 sorry brother. I feel it works similarly, but your best bet is to ask the insurance responsible for paying for their subrogation department.",ANECDOTE
162,Rare carat.com and check out four mine I was able to get a ring for much cheaper than Jared Allen or brilliant earth. Also no taxes for me and I literally saved about 350 dollars just on sales tax. Don't buy a car if you can't afford ring. Honestly a new car loses its appeal after 3 months and then you're just paying for a depreciating asset that goes up in price because of interest.,WARNING
163,I switched to an online bank as my primary about ten years ago.  I opened a new local bank account when I moved 6 years ago because I felt like I should have one but have literally never used it.,ANECDOTE
164,"Cuddle up to her, read her body language, and if she seems into it go in for a kiss. If she’s leaning away from you, back off. If her body language is unclear, use your words. ",ADVICE
165,"Find someone to split Netflix and Hulu with, and get an antenna. ",ADVICE
166,"You can take the shot and look for your ideal or you can stay with her, take your choice. But if you’re out on the dating world again, it’ll take some time.

But you can still have a great four year experience as a single person outside of sex and love, it’s all up to you.",APPRAISAL
167,"You can't get over this without first determining why it bothers you. Are you scared that she'll leave you for an ex, are you envious of her sexual history, or is there some other reason it bothers you. Regardless of what the reason is it's on you to get over it, go see a counselor of you think it will help.",APPRAISAL
168,"I'm not saying everything has to be 1:1. The comment I responded to was not helpful to the OP. I said ""IF you were resentful you would be rightfully resentful"" because if one person is not okay with arrangement then the arrangement is not ok.",WARNING
169,My girlfriend doesn’t do that but that does not surprise me at all. There’s nothing wrong with consenting adults doing this kind of thing and it’s not “gay” ,ANECDOTE
170,"Pretty interesting. For those who read this and use gift cards, credit card reward points, and/or an employee discount, make sure you select orders and shipments in the drop down box, not the items report. The items report list will show you what the total normally is and won't factor in your discounted price. I also noticed it tried to add the time I turned a prepaid Visa card from my internet provider into an Amazon gift card and the time I bought an Apple TV with gift cards from my Chase rewards, I had to delete those because I wasn't technically spending money that came out of my pocket.

I looked through my list and it seems that I don't normally hit $100 a month. Most of my items are household goods or pet supplies. December is when it really goes over, but I enjoy doing Christmas shopping online to stay away from big crowds. I enjoy the two day shipping, especially around the holidays. Sometimes one day or same day shipping where I live, which is worth it. Plus I like the 5% back when shopping on Amazon or at Whole Foods with my Amazon Prime Rewards Visa. I think if someone doesn't use Amazon a lot or aren't taking advantage of certain perks, it may not be worth it.",ADVICE
171,"2 sounds like a credit card utilization issue. What's your utilization at? 

3 and 4 sound like they are the result of your student loans leaving their grace period, and there isn't really much to do there except to keep paying them down. 

>Should I even be concerned?

758 is still a great score. There isn't much, if any, difference between 758 and 778. So no, I wouldn't be concerned. ",APPRAISAL
172,"Respect. Trust. How will the rest of the year be like. Follow your heart, your gut instinct. If I found out my boyfriend did this it would be over.",ADVICE
173,"You could do that. And I would recommend it because moving money between accounts when they're all Capital One will be a breeze. However, moving money from PNC to Capital One and vice versa, if you ever have to transfer money, will take a few days.",ANECDOTE
174,"Are you maxing out every financial aid/grant opportunity since you’re a single mom & in school? The whole point of those is to elevate you from the level you’re at now to self-sufficiency. Use those tools. There’s often child care on campus. 

Make sure you go to a legit school and not some 40k school for a CNA certificate. Community college, state school etc. look for grants for student housing, work programs everything. Talk to financial aid ppl. ",ADVICE
175,"Then just see what your credit score is like after the refi, and if it's still in a good range for the card you want, you should be fine.",APPRAISAL
176,"Have you tried calling the court house to discuss this with someone? They might have advice for you. 

Also did you try requesting a postponement or were you just requesting to get out of jury duty?",APPRAISAL
177,"Occasionally blunt force to the chest can cause a heart attack. [Source](https://www.ncbi.nlm.nih.gov/pmc/articles/PMC4963698/). It's more likely what you said though.

It's also very common for things to be lost in translation, so an unrelated heart problem gets called a heart attack by the family and friends. ",APPRAISAL
178,"In my experience, any form of change is generally terrifying when you have anxiety, so I feel for you there. The best advice I can offer is to take it step by step/day by day. It sounds corny af, but for me, it does help. 


It's very easy to become overwhelmed when you think of everything all at once. It can be hard, but try to forget that mental checklist and just concentrate on the task at hand. When you wake up in the morning, just focus on getting to work. Once you get there just focus on whatever your first task is, and so on. 


I really hope this helps, and good luck at your new job!",ADVICE
179,"All grade schools, colleges and universities (even the happiest well-funded public districts and the private schools) have their hierarchies and their politics, and it sounds like you're having a lot of trouble with the administrative and authority side of things.

Maybe a move out of the regular public lower grade-school education is the right direction, but I don't really have suggestions on where to go.  There are certainly other kinds of teaching, but they tend to not pay as well or come with benefits.  Some teachers thrive in vocational schools (you have 20 years in hospitality, maybe teach in a hospitality program?), some in after-school academies.

The problem with getting a master's degree is that you can be just as unhappy with one as without one, but then also stuck with the cost (or the loans).",ADVICE
180,">looking at paying off loans for 2-3 years

LOL more like 20 years. 

But aside from that I agree with you—borrowing money for living expenses as a student is generally a bad idea. But in this circumstance, a modest loan for one semester is not horrible, if the alternative is dropping out. Or worse: paying tuition and committing, on the delusion that you'll be able to figure out how live on $200 for months and then dropping out because you can't make it work. ",ANECDOTE
181,"This is actually one of the reasonable answers that often goes overlooked. Most Sheriff's departments undergo more civil law training than city PD's who primarily focus on criminal law. In Texas, Constables also handle these kinds of things and are required by state law to undergo a certain number of hours of training on Civil law. Reach out to your county sheriff's office and ask to speak to a deputy on the matter. ",APPRAISAL
182,"Just because someone may forgive the husband for being a rapist, like a close friend or future partner, does not mean it's in any way sensible for OP to. ",WARNING
183,"Being a good mother comes from how she nurtures, and loves a child. She can be lazy and be a good mother.

Whether or not you want to be with a lazy person, especially if, as it seems, you don’t respect her because of it, is another matter.",APPRAISAL
184,"She says she wasn't raped, but that would mean she consented, and you can't consent while intoxicated (can't make a clear decision).",APPRAISAL
185,">Actions I intend to take:

>Hang signs saying ""Please do not touch gym equipment"" and ""[Landlord] and [me] are not responsible for injuries from using equipment.
>I'm going to send out an email to all the tenants letting them know that I'm going to be setting up this gym and asking them to to touch or use any of the equipment not because I don't like them but because if someone gets hurt even if they have no intent to sue me their health insurance could attempt to. 

These precautions are probably sufficient for ADULT neighbors.  If a child is injured, however, these precautions are likely worthless.   Younger children are not expected by the law to use common sense, or even to follow rules they've been given.   This is the root of the 'attractive nuisance' doctrine.  If you should have been able to reasonably anticipate that kids might play on something dangerous, you have a duty to take reasonable steps to prevent them from accessing it.  

There's no way to leave a really cool looking machine laying around and be totally free from liability.  If you can't section it off in a way that lets it remain locked and inaccessible, there's always some risk.  ",ADVICE
186,"God, at 18. Please consider adoption. You be doing the child and yourselfs a favor. 

Edit: Let me add, if I where you I would not become the legal father. Support her ofc but not legally. Please 18 is too young. Adoption is the best option if abortion is out. ",ADVICE
187,"It isn't only about breaking up, but consider what happens if one of you gets hit by a bus and killed. Now their estate(aka their parents & siblings) are your new co-owners. 

A real estate lawyer can set you up with transfer on death deeds to each other to avoid such a mess. Lots of things like that which happen automatically for a married couple require extra legal forms and special consideration for an unmarried couple.",WARNING
188,"Thanks for your response, I really hope that’s what it is",APPRAISAL
189,"Just as an opinion, i think you should go. If he starts acting crazy, or handsy just make it official, u want nothing more than to just be friends. If it gets to outta hand just leave. Be calm and subtle and have fun, dont let a thought ruin a good time with your friends.",ANECDOTE
190,"And you're saying that this photo of her did not invoke those feelings?

Have you been able to feel sexual attraction towards her since she sent that photo? When was the last time you felt sexually attracted to her if not?",APPRAISAL
191,"Do you love her? Do you find her attractive? I’m not sure why she lied about her age. Probably because she didn’t think she’d get as much male attention as an older woman. I don’t know. I think you need to discuss the issue with her and you need to decide whether her deception is a deal breaker for you. For me, I don’t think it makes sense to throw away a good relationship over this, but I don’t know the whole situation. ",ANECDOTE
192,Tell him you don't to get married yet when it comes up. Seriously. You're both super young so you can use that as an excuse. ,ADVICE
193,"Sounds more like there was a fluke in the software.
Have you looked into this possibility?",APPRAISAL
194,"I mean the answer seems pretty obvious. She doesn’t seem to care about your feelings as a person or friend...seeing as it sounds like the “Hey, hows it going?” Text never comes in.
You pointed how even after you texted her to have a conversation she sucked in responding.

My advice if you want her attention, just stop helping her. If she comes to you looking for help, just politely decline or say your busy out with friends and you’ll get back to her when you can. Don’t make yourself so available to her, your time is precious and you could be focusing that time with someone else.

I’m gathering you like her and this is why it’s an issue. Yet you gotta ask yourself at the same time, if she changes only due to the fact that you’re cutting her off from the norm...will it be worth it or will you just be falling down the same spiral eventually.",ADVICE
195,"If you are saving 15% of income towards retirement and have a 6-month emergency fund, then go ahead if you really want to.  Otherwise it's a pretty terrible idea financially ",WARNING
196,Being more active in the morning may help. Getting up and creating a routine of exercising and making yourself some breakfast might help with your morning. Endorphins does wonders in amping up your mood  ,ADVICE
197,"Just from reading the title, I'm going to say that this individual is not your best friend and shouldn't even qualify as a friend if he's made an attempt to break you up with your girlfriend so he can ""get with her"". That's disgusting behaviour from anyone, and even worse from a friend. Call him on his shit and don't waste any more time associating with this asswipe.",APPRAISAL
198,I like to play things super dl too. I’ve never actually liked someone without them telling me they liked me first and I’m kinda of know for that. It feels weird to like someone without knowing if they do or not. I could have people help me out but I also wanna be chill about it and keep it to myself ( and by that I mean no one at my school knowing),ANECDOTE
199,"One of the disadvantages of being unemployed is that you’re desperate to get a job, any job.

Use your current job as an advantage. Being already in a job gives you the time that a jobless person doesn’t have. Use your time to find job offers. If you read about a job that doesn’t pay enough, be patient and keep on looking. Keep doing this until you find a more laid-back job that looks better than what you’re doing right now.

Same with interviews. If you are not accepted, be patient and try again in the future. Already having a job helps you to be less nervous during interviews.",ADVICE
200,"How long were you together? If it’s been less than a month, I would probably change the language of the text to be a little bit nicer even if he doesn’t deserve it. If you’ve been together for a while, I would at least call him and talk to him about it. ",ANECDOTE
201,"I know of two people that went to do different dealerships and had it programmed for $60-90 and it took less than 15mins. 

I figured I was paying a higher price than normal to begin with.",ANECDOTE
202,Your success story is inspiring good for you man!,APPRAISAL
203,"Eh, just go out and start talking to people. See if anyone speaks English and ask if you can join them. Tell them you're on vacation but the people you were with went to bed early and you want to stay out and have a good time.

Hopefully you'll see people around your age. If you can just start talking to people like that, the conversation should flow naturally. They'll ask where you're from, you can tell them, and then you get to know them a bit. Maybe play some games together if it's a bar. Ask them to play darts, shuffleboard, pool, or whatever they have, then just get to know them.

If you're there with your parents then it's pretty well impossible to bring a girl back unless you have separate rooms. If you do have a separate room, awesome! Go for it! If you don't, then it's going to be pretty tricky to go home with a girl to her place. Maybe if you have a car or they do you could work something out there, but that seems pretty iffy.",ADVICE
204,"You have relatively mixed and moderate positions in a highly polarized political atmosphere. So do I, although your opinions are largely a mirror of mine.

You might try just starting with making friends without talking politics.",APPRAISAL
205,"I plan on following your past advice, and I feel your right, if they will instantly judge me because of my looks, why should I even bother?

Edit: I also want to say thanks for taking so much time on this socially inept stranger.",APPRAISAL
206,"Thank you so much for this. I really appreciate that you took the time to read this and reply with such a thoughtful comment. It's comforting to hear this from a third party, though it mirrors what my friends and family say to me, too. It's difficult to think that he wasn't the kind, compassionate person I thought he was... and that I was that easily fooled. I also hate carrying this anger toward someone I cared so deeply about and was once so close to. I'm not used to being on bad terms with anyone. And I thought I meant more to him. But you're right -- I know in the long run there were many red flags and this was for the best. Hopefully the anger and sadness will fade. Thank you again. Truly. ",ANECDOTE
207,"Almost everything. If I go out with friends, if I'm working late and don't check in, when I take calls out of the room with him. Anything I do away from him almost immediately becomes an issue, even if I explain it to him. It's to the point where my friends do not want him around at all when I hang out with them.",ANECDOTE
208,"Future reference, do a tldr.

I read about 90% of it. Let me try to help a bit and make things as clear as I can. I, also, am 25...also have a sister who is 19, close to 20 so u and I can kind of relate. 

My sister doesn't live with me. I won't let her move in for this reason: I am not her mother and I refuse to tell her what to do. 

You're mothering your sister. Knock it off. Your sister is 20, she will grow up on her own time line and she will do what she pleases when she wants to. If she pays her portion of the bills then leave it at that. You could ASK her to help with doing things but her bedroom that she pays for is none of your business and her laundry problem isn't your problem to worry about either. 
If you've already established that she isn't coming with u and your kid and husband then let things be until the move and tell her ahead of time so she can make arrangements. ",ANECDOTE
209,We have thought about this as we are concerned about her mental well being and would want her kids to keep an eye on things. Ultimately decided against contacting anyone from her family in an attempt to cut ties completely. ,ANECDOTE
210,"> I was laid off December 20th so I currently have no income

Then why even mention the first paragraph at all? It literally has zero bearing now on this conversation.

> I don't go back to work until at least April

No. You go back to work now. Like literally right now. Start looking for another job yesterday. Literally anything.

> If I can't find work I may have to go on welfare, and I'm too proud to do that after sustaining myself from 18 into my early 20's.

If Welfare is an option, then you should have gone on that in December. You're stressing yourself and your girlfriend out because of pride, when your country is gracious enough to offer you this safety net? That's silly.

You have your two options. Get a job yesterday, regardless of whether it's construction or sweeping the street and get on welfare until you do get that job ASAP.",ADVICE
211,"Once they pull the suicide card they are in manipulation town, everything they say and do is to get you to interact with them by guilting you.

He needs help in a lot of ways, you did what you can, he refuses to believe anything other than what he already does.

Best thing to do is learn from it and just continue to ignore him because he isn't going to change if you have repeated why you broke up and he continues to believe otherwise.",WARNING
212,"„because nobody else wants me“

that‘s essentially his subconcious answer to your question about why you are desirable?

seriously?

just think about what kinda weight those five words have and what they imply.

man, the first thought that comes to mind if i ask myself the same thing is that i’m seriously not sure if i would consider my life worth living without my girl.",WARNING
213,Therapy? Work with a professional? Talk it out with people? ,APPRAISAL
214,"Thanks, and I don’t know, she knew before him but it could be jealousy over my relationship with my bf and her trying to hurt me or break us up, I felt like I trusted him more when he said it wasn’t him ",ANECDOTE
215,"""It's not me you owe an apology to, it's my girlfriend.""

You accepting the apology is basically acknowledging that you think that you were deserving of an apology.",APPRAISAL
216,"This is similar to what I was thinking too. I just didn't want to assume the worst immediately, but I think you're right about the space thing. Thanks. ",ANECDOTE
217,"It doesn't feel like it today, but you are lucky as hell this happened now before you are legally committed to her. Take the gift of knowledge she has given you that's she's a liar and a cheater and bail immediately. ",ADVICE
218,This is a very helpful way to think about things. Thanks for the advice!,APPRAISAL
219,"First: I'd take some of that money and invest it. You'd be surprised how fast someone could piss away millions. You don't need to work, so hire a finance guy and let him help you invest smart and help manage everything.

Second: Go. You're a 40s guy who's single. Do things that you've always wanted to do, and things that terrify you. Hell if it was me, I'd bring some video cameras with me and document it all. Not many people get to see the world.

Third: Meet people. Genuine people who will like you for who you are. If you must, hide your money from them until you know that they are genuine. Find people to spend your time with. You can do this by just going out to places where people enjoy similar things. Join a club or something.

Fourth: Help people. You have an amazing opportunity to help people. Donate some to charity, or better yet, volunteer at places. You don't need to work for money, so maybe try and work for the good of others. 

Quick little thing: I knew a guy who I only later found out was loaded. I knew him through this organization called BACA: Bikers Against Child Abuse. He joined a cause that he wanted to fight for, and all those guys that are in that organization are fantastic people. My dad was part of BACA as well, and I would go on rides with him as a kid, so that's how I got to know some people in there. Some of these guys invited me and my dad on a fishing trip in February, and we happily agreed. I met this guy there on these fishing trips, and we talked a little while fishing/hanging out in the cabin. He was a great, honest man.

It wasn't until after the trip that my dad told me he was a millionaire. I respected him for it. He didn't let the fact that he has money take over, and did the things that he liked doing, and surrounded himself with great, honest people. I'm gonna miss that guy.

Best of luck to you, hope you find what you're looking for.",ADVICE
220,"Np :D

I hope that I some of what I wrote may serve you and other people in actually beginning ""that one"" relationship.

Anyways,Thanks for your compliment. Have a great day :D",ANECDOTE
221,"Wowww. You have swallowed some serious reductive essentialist bullshit in trying to get your head around sex and love. I'm sorry that your anxiety around the issues of self worth have brought you to this dehumanizing place.

I hope you find a source of  help that honors your humanity and that of people you now see as opponents.",EMOTIONAL_SUPPORT
222,"Yeah you're right

But if I don't give a fuck about losing, then I'll be more enclined to lose... right?",ANECDOTE
223,"Dude don't even worry about it. It's a fantasy for a reason. If it were anything real? Then it wouldn't be a FANTASY. Everybody has something they think is embarrassing, but what you are experiencing is one of the most common fetishes in existence. I'm not saying to go through with it, personally I like to keep my fantasies separate from my actual love life, but you have to just accept that what's in your mind is in YOUR mind. Nobody else will ever know about it but you. And it's not a big deal. You have to understand that it's not a big deal at all. If your not comfortable with sharing the fantasy with your S.O. then don't, let it remain as it is. But don't contemplate suicide because you think you are fucked up for having such a fantasy, like come on dude. There is nothing wrong with you. ",EMOTIONAL_SUPPORT
224,Your receipts are $800 and COGS is $500. The $300 is gross profit. You also need to track the value of your inventory at the start and end of the year. You should have a look at Schedule C and instructions.,ADVICE
225,"No.

Keep it light on the profile itself. Get into the other stuff either via messaging or in person. Why share all your information with someone you might not have any interest in dating?

Privileged information like that is reserved for people who are more worthwhile, i.e. someone you can actually envision dating or having a relationship with.",ADVICE
226,"Yeah, keep your head up, dont dwell on the past too much unless you're with friends and laughing ",EMOTIONAL_SUPPORT
227,"Best advice here, Talk to a lawyer now.",ADVICE
228,"It depends on whether or not you think it's a scam.  If you do think so, then make her go through the court.  If not, the a subpoena will make her jump through a couple of extra hoops.  IANAL, though.  You may want to consult with one.  ",APPRAISAL
229,"Maybe show her a possible salary for someone with an Environmental Studies degree, then layout some typical expenses she would see living in her own. Then add in the typical minimum loan payment for $90k. This should make an impact.",ADVICE
230,"The best, albiet not the easiest thing to do it ask for a private conversation and talk things out. Be it for better or worse. You're still young and have a lot to look forward to. Best to either bury the shovel and go your seperate ways or bring her along for the ride. It's your choice bud.

I was in the same boat as you in high school, but my ex's and I managed to remain friends despite the awkwardness that eventually went away as we found our friendship again.

If you can remain friends or get back together, that's awesome. If not, don't let this hold you back.",ADVICE
231,It might not if you have a person evaluate your financial situation and tell you to your face that you can afford these luxuries and lifestyle you've been depriving yourself of.,APPRAISAL
232,Do you know how much having a professional do this should cost?,ANECDOTE
233,That's a very interesting idea! My family is family friends with one of the local hygienists and I'm sure she'd be willing to help me out,ANECDOTE
234,Get out before it's too late man.,WARNING
235,"I'd get an accountant this year but not one that will charge you so much. Maybe you can ask the same guy for a more competitive rate.

Most people have simple tax returns. They don't pay much in taxes, they don't have many deductions (i.e. they take the standard deduction). For us, an accountant would struggle to give us value because there isn't much to save on a small amount of taxes paid.

You aren't in this camp this year it sounds like. Quite easy to make a mistake or not take advantage of something that will cost you >1000$.",ADVICE
236,"taking an extra job and giving up your weekends are being frugal won't do you nearly as much good as may be cutting your living expenses in half by getting a roommate.. 

Splitting your living costs with someone should be your number one. Find a roommate",ADVICE
237,"Yeah,  I understand and didn't mean to put you down. Just wanted to illustrate that damn,  this is an unfortunate intrusive thought that could have some really big consequences. I hope you are seeing someone to help you work through this. ",WARNING
238,Thanks :) i dont know anyone here with credit card so I was not sure how it works (seeems like everyone in US is on credit card?) but i was expecting something like that,APPRAISAL
239,"It’s considered “impersonal”.  The gift card is the compromise of showing the person you know what they like, but still letting them decide exactly what they want.  But  I agree, it’s stupid",ANECDOTE
240,"""If alcohol is clouding your thinking, drink less.""

That's just good advice all around.  You never know when you'll need to have your wits about you.  You can either be the level headed guy who's in control of his situation, or the sloppy guy who needs his ass saved.  Don't be the second guy.  ",ADVICE
241,"Can you afford to move out?  Are you working full time? I'd sit down, do some googling into how much it would cost you to get an apartment and then factor in all other costs - phone bill, internet, food, personal spending, etc. and see if it all works out with money to spare. Unless you're employed full time, it likely won't. I would definitely agree with the idea of downsizing your vehicle to something cheaper and with better mileage to save money on gas. I'd also make sure to have some savings (at least a few thousand $$) before you move out.",ANECDOTE
242,"I’m surprised that you offered to help her with bills and she still insulted you and your mother. Do not allow this woman back into the house, she was never really sorry and is a narcissist. ",WARNING
243,"This. In the meantime, start looking for a new company to get your internet from.",ADVICE
244,"Agreeing with /u/HonestlyKidding. The movie is best. Ask to take her to dinner beforehand. Nothing fancy, but definitely not fast food. Texas Roadhouse (or Logan's Roadhouse) would be perfect. ",ADVICE
245,"Thank you, I don't think I really do need any reason besides ""no"", which is why I didn't bring it up at the time. It was mainly a question I had because the friend said to everyone else, ""Hey, just don't drink too much tonight that you can't drive home tomorrow morning."" And then when I went to lay down, was like, ""You cannot stay here."" 

I mostly wanted to ask what changed, and was incredibly grateful that I hadn't taken his earlier advice to heart and got smashed an hour away from my home. I think my question to him would be why he singled me out among everyone -- especially if it was something I had done last time I stayed, so I could apologize for it. ",ANECDOTE
246,Just break up with her. It sucks but you’re going to regret it this the longer you prolong ,WARNING
247,I want to do that. Ive tried. I feel like I should tell her again and maybe after that I'll leave it alone unless proven otherwise.. But it just feels so undoubtedly true that it's hard to get past. ,ANECDOTE
248,"I'd just consider her a friend at this point. Relationships recovering from this stuff is very rare. Move on. At least the breakup wasn't nasty. You guys will be able to salvage a friendship or she'll realize that this was a huge mistake(don't count on it).

&#x200B;

I'd advise you not to be overly present in her life for a bit after this. People really like being able to have their cake and eat it too during these breaks. They'll break up with you so they can ""do them"" but still expect the same level of emotional support you provided as a significant other, and that's just not fair on it's face. Most of the time people doing this aren't doing this because they need time to explore themselves, they are doing it because the relationship is no longer working or there is another person in the picture and they don't want to feel like an asshole.

&#x200B;

Good luck, from someone who's been on both ends of this scenario.",ADVICE
249,Not telling him I would say is a lie by omission. ,ANECDOTE
250,"So if he thinks that you guys are cheating, he’s accusing his brother directly as well, right? 

Edit: and if he isn’t, you should probably ask yourself why that is. ",APPRAISAL
251,"Who told you that you were wrong to slap your sister?? I don’t have time to read all these comments because I got here from the update post, which I wanna get back to and read lol. You were not wrong to slap your sister! ",EMOTIONAL_SUPPORT
252,This is an unhealthy relationship. He's picking drinking over you and his family. All the warning signs have come and gone. You need to break up and not come back.,WARNING
253,Call your local Buildings or Code department and ask them to come out and inspect.,ADVICE
254,"Perfect. That's what I was thinking, but I kept going back and forth on it. Especially because it wasn't money I truly earned. Thank you!",APPRAISAL
255,"Exactly. Never forget you are a human being and you deserve basic human courtesy. It’s a basic human behavior to ask how a “friend” is doing when you care about them.

Anyways, I hope the best for you in what you decide. Head up and keep moving forward. ",EMOTIONAL_SUPPORT
256,"No. I graduate this spring, and as of right now the the prof will not teach any of my courses unless of some dramatic change. Do I have grounds for an appeal here?",ANECDOTE
257,"Yes I do pay for a lot when she is around, and try to give her as much as I can. ",ANECDOTE
258,"I think we all do this from time to time.  It will pass with time, but I'd try to limit direct contact with the guy if possible.",ANECDOTE
259,"Thanks,

Mentally I've never been better, ironically, and I shall do my best to maintain physically functional. A lot of the suggestions here have given me some hope.

My visa still has quite a bit of time left on it, which I will use to find a way off the island. I certainly don't want a ban from UK.",ANECDOTE
260,"My dad had also cheated on my mom when I was young, and had a pill addiction. I've always kept it to myself if I noticed something fishy, sometimes told my sister. I don't feel good about that cause I don't want him to be hurting my mom but I also feel like it's not my place, they're relationship is it's own separate thing. Chances are if you are finding stuff your mom is way ahead of you even if she didn't see the same evidence. She's not going to forget what happened in the past so I'm sure she's always checking stuff on him.",ANECDOTE
261,Your loans aren't at a super high rate and you need a car anyways. I'm on the fence here to be honest. This is mostly on you as a personal choice in my opinion because the car isn't preventing you from saving or paying your loans off. Could you pay down the car any faster?,APPRAISAL
262,"This is the sentiment of some of my friends. But those same friends are chasing around the dopamine rush of  passionate love, only to fail abysmally in long term relationships.

I'm trying to value the companionante, durable stuff over the fleeting emotional stuff. But after six months.. maybe you're right. I'd like *some* kind of emotion. This just sucks. ",ANECDOTE
263,"Also not his place, even if it's ""for her."" It's her decision solely, most likely with some input from her parents, depending on whether they're supportive or not. ",APPRAISAL
264,"That sounds like he may be gearing up to try and isolate you. It’s an abusive tactic, and it generally starts out small like that. It’s possible that he may not be thinking of it that way, but it’s raising some red flags for me.",WARNING
265,"My man, just break it off. Find a new lady in your new city. She chose her career, so pick a different woman. I don't understand not trying because your scared of rejection. She bailed on you. Move on ",ADVICE
266,"Fight it. Ask them for all documents, also check credit Karma, Experian and other credit report sites to see what accounts are open under his name/SSN and you can go from there. Do not settle also collections usually go away after about 10 years. Good luck ",ADVICE
267,Nope. I’d say the same thing to a guy. I literally did exactly that earlier today.,ANECDOTE
268,"Remember she gets half your stuff for life with this separation, and unemployed she gets alimony. 

Not gonna lie the effect on your career/end goal is going to get halved regardless of your choices. Lucky you dont have kids yet. It would be best to find an appropriate environment if you want to save your marriage. Not everyone can do the LDR and you need to choose your spouse - but you dont seem to care. Regardless the law will take care of her.

She does have legitimate concern, military life is filled with divorce and infidelity and you really cant expect someone to not emotionally connect with females, who are probably searching for men themselves, while working 12 hour days.",WARNING
269,"I completely understand that. You seem like such a sweetheart, though. I can't imagine you'd bother them. I wish you the best of luck with this guy!",EMOTIONAL_SUPPORT
270,"Yes, in PA they approve your curriculum, you sign an affidavit swearing to educate your children, and there is an annual year end eval with an independent evaluator for each student, in addition to standardized testing. 

Also PA has a lot of fundie groups who homeschool, and so homeschooling in PA will put you in close social contact with a lot of christian fundamentalists unless you live in a really densely liberal area. 

(was homeschooled in PA) ",APPRAISAL
271,"Not correct.  Use debit cards, but never enter your PIN.  A debit card issued by Visa etc. used without a PIN has the same protections as a credit card.",ADVICE
272,"Not sure how you can say being a parent at 18 definitively won't hurt or diminish this kids life. You don't know his hopes, dreams, financial situation, prospects, etc.",ANECDOTE
273,"So with the new tax laws and not being worthwhile to itemize is it still worthwhile to have my taxes professionally done? We are pretty easy even with itemizing. 1 w2 for each of us, no additional income, a house and a child. ",ANECDOTE
274,"So what are you going to do in the US instead that will make you happier?

Also, why do you assume that you won't make any friends?

Oh, and how much would the trip cost?  ",APPRAISAL
275,"Think about it. If anything happened to the house, you can be held liable.  If some one broke in. Fire. All that. Let's say it's a drug house. Now your cars tagged. If the owner comes back, your car gets towed.",WARNING
276,"You guys still talking?

Have gone no contact to give her space?",APPRAISAL
277,Not sure but it's possible as it's an app it has access to your contacts? ,APPRAISAL
278,How do I do that? I have no motivation to do anything and feel depressed ,ANECDOTE
279,"Truth is, if you can't share how you have the money, it's kinda useless in a market sense. One audit and you'd be screwed. Some guy making $20k a year with $300k seemingly randomly is going to set off some major red flags.",WARNING
280,"The dr may have put something in physical or other papers to say it is approved? In our district(also NY) there is no way a nurse would give that unless they felt it was emergency situation without dr (and usually parent approval.) I would politely inquire about the meds policy from the district. Tell them you want to clarify for the future because you were unaware that this was ok. If you find out it was not you can decide what to do. I don’t think your child was really in danger, but I would very much want to know what procedures are for giving a medication - who needs to give approval? What meds are ok and parent notification procedures.",ADVICE
281,"Can you let us all know how this turned out? Because frankly I think I speak for most on this sub, we want to make sure you binned this cheating scumbag and got on with your life. 

I do hope you take the excellent advice I’ve seen here, she sounds like an awful person. I once had a very similar but less extreme situation. My girlfriend of years ago had a “sexting” relationship with this person she knew before university. I only found out through happenstance, noticing a message appearing on her phone asking “if she was alone”. Needless to say, this was the beginning of the end for us. She was a nice girl, but thinking this was normal behaviour in a relationship killed it for me. It sure as shit should for you too.

Good luck friend!",ANECDOTE
282,"bro, are you serious? If you like her send her a message saying hi but also set up a date and time so you guys can meet again. They are literally throwing themselves at you! Invite her to the same bar, maybe find a friend for her sister too.",ADVICE
283,"Thank you for this honest post. May I ask- you seem to know that had you stayed with the ex-bf you would have cheated further, I’m assuming because he really wasn’t the guy for you, which is fair enough. But then, why did you stay at all? Wouldn’t it have been less messy, and  less painful for the bf who I’m sure you at least still like and don’t want to hurt, to say “look, this isn’t working. Here’s why.: because A, B, C, etc. We need to break up.”

I only ask because I really wish my cheating gf had done that. It would have hurt like hell but much less than it did when I discovered the cheating.",ANECDOTE
284,"You're right. I think it's obvious that he likes me, and I guess I'll ask him to hang out outside of work to see what happens.",ANECDOTE
285,"Pay off the car early. Paying off non mortgage is usually your best option.

You should ignore anyone comparing the debt rate to the average investment gain. They are not telling you the full story.",ADVICE
286,"\- Secured Credit card

\- BoA Checking then after asked if there is any promotion for a Credit card. (might be low from the start, I got $750). If you are under 24 and still in class, you can have your checking account maintenance fee waived. After that you can decide to close your account or keep your account with some other requirements to have your fee waived.",ADVICE
287,"You say this is in the Bay Area, so you are going to get taxed very heavily.  Your marginal federal+state tax rate in Calfornia at 120K is well over 30%, so you may as well max your 401k at $19K.

You can also make Roth IRA contributions, though you have to do them as traditional IRA conversions, and they are not deductible.  

Your budget is sort of wacky.  Bay Area rent+utilities of $2000/month would be a huge bargain for anything other than a room in a house.  You are including $1500 for food, which is about right...for a family of six...and then your company provides meals.   You didn't budget anything for transportation, entertainment, vacations, etc.   




",APPRAISAL
288,">Would it be beneficial to remove the Authorized User Acct from my credit

Maybe. No one can really predict what effect any given action action will have on your credit report. But it does sound like removing yourself from this card will reduce your utilization and increase your AAoA, both of which should improve your score. Keep in mind that it may take up to two months for the account to be completely removed from your credit report.

>would it be a minor or major bump?

Who knows. It depends on the scoring model and the entirety of your credit history.",APPRAISAL
289,This thing with The contract was from The beginning suspicios and i searched on The internet. What i found.. Their own site is blocked.. You must pay to receive Information about it. I founded another site where it was a disscusion about this company. And one girl story how 'they are trying to get your nose' lying with The promotion.,ANECDOTE
290,Possibly the electricity if it also affects heat. Certainly parents are under no obligation to provide upgraded phone service even if not having it affects a child's happiness.,APPRAISAL
291,"Right, that was my initial thought as well, but she was troubled either way. Thank you! ",ANECDOTE
292,Save all the attention for when you are together. It's like delayed gratification that you don't water down with constant texting.,APPRAISAL
293,"I understand that looks can be important, and you do say that she hasn't compensated with her personality. But I've been with my bf for 2 years, and while he has gotten more attractive, its the intimacy that makes me so attracted to him. I have gained a significant amount of weight since the beginning of our relationship (70ish lbs), but he never mentioned my attractiveness, only my health. By focusing on the things he liked, my eyes, laugh, and oral skills, his compliments felt genuine. He only made me feel more attractive and turned-on, and my gratefulness translated to enthusiasm in the bedroom. I ate because food was a quick reward during times of stress- but my bf made me feel so good and supportive that I began to feel good about my body, and food is no longer a drug. I have lost nearly 20 lbs without any conscious dieting- Feeling good about yourself and your life can influence your eating habits and make junk foods less seductive. I'm sure your wife is feeling ugly and unattractive, and her way of supporting her self-esteem and ego is to become overly defensive. While it is not your job to fix all of her problems, if you want to stay with her then you may have to be the bigger person, at least to start. Marriage counseling often doesn't work because people don't use it to find new ways to work on their relationship- they know what to do, they just don't want to do it. Instead, it is used as an excuse- instead of changing their behavior, people will go to marriage counseling and say, ""Look at what I did! What else do you want from me?"" You may have to make her feel sexy and loved before she can do that for you.

It is easy to be a good person when life treats you well. It seems your wife has shown her second side, the side of her that comes out from stress or pain or ignorance. You might be able to get her back with some patience, but its up to you to decide if you want to.",ANECDOTE
294,"I would say that he probably needs a sleep study to check on apnea, and maybe a CPAP - that is the only thing that finally quieted my husband's snoring enough that I could regularly sleep - his machine is super quiet.  Try to get him to ask the doc about it - a lot of places do an at home sleep study that isn't as invasive as having to spend the night in a hospital.  You just go, they show you how to hook up the monitors, take it home, put it on before you go to bed and then drop off the next day.

Drinking less could contribute because alcohol actually keeps your body from getting as much deep sleep as usual, and most people tend to snore more when they sleep more deeply.  Smoking could be contributing as well, especially since it could dry his throat and make it worse.

Simpler things that could help a bit - elevating the head of your bed.  If sleeping on his back is a problem, get him a shirt with a front pocket, put a tennis ball in the pocket and then sew it shut, then have him sleep with the shirt on backwards to sleep - the ball will keep him from settling on his back when rolling while sleeping.  We didn't have any luck with the nose strips, but a dental appliance that shifted the jaw forward a bit did help some.  

I tried earplugs, but they didn't quiet things enough for me and made my ears hurt in the morning.  The best thing for me was a white noise app on my tablet that I put under my pillow.  Turned up loud enough, it would cover the sound of the snoring - I could sleep with the constant loud noise, but the irregularity of snoring on and off would keep me up.  If it is possible, trying to get to sleep before he does can help as well - but that usually didn't work for me - I've always had insomnia and was up later typically, and even if I fell asleep earlier he would wake me getting in bed.

I know you said that you have a munchkin at home - I don't have a problem with hearing the baby monitor over the white noise that I use at night right now, if that is a worry.",ANECDOTE
295,"That may be, but does that excuse any of my own behavior?",ANECDOTE
296,"Send an email, or call, the friend(s) and apologize. 

Showing some humbleness in a time like this goes a long way. ",ADVICE
297,"Yes, that's the best route. But just know that if your sister is the account owner, she controls the funds. So she has the power to change the investment, change the beneficiary, she could choose to withdraw the funds and pay the tax/penalty. ",WARNING
298,"Is it possible to move to a different part of the city (i.e., closer to work or on a more direct transit route) and not have a car at all?  One of the tradeoffs of living in a big, dense city like Boston is that while it is expensive to live there, you can get around fairly easily without a car, thus avoiding an entire category of common household expense (automotive payments, insurance, fuel, and maintenance).

According to the numbers you posted, $130 (car payment) + $190 (parking at work) + $300 (insurance) is $620 per month before you've paid a single cent for fuel or maintenance.  You are living in an urban apartment, so I'm assuming you will have no access to a garage, which rules out DIY maintenance.  That $100 DIY brake job (new pads and rotors) will run at least double that at a shop.  New set of tires?  That'll run you north of $500 for even a budget set.  

At $58,000 total compensation, $620/month is nearly 13% of your pre-tax income.  Is that really worth it?  Please understand this isn't some stuffy ""self-denial"" advice, either: you're a 22-year-old living in Boston!  Go live it up!  Party, go on trips, etc., etc.  Don't blow seven grand a year on a car to sit in traffic in.

&#x200B;",APPRAISAL
299,"Sorry, but thats not flirting. Shes cheating, even if its not physical yet. Shes already sending this guy the ""cheaters script."" If let go more and more she will tell her friends, fam, and this guy more and more things just to make you the bad guy so she can feel the victim when she cheats then leaves you. Best is to just cut it and wall away. All shes doing is gaslighting you when you try to tell her how it looks and makes you feel, but its somehow about her instead...no, bail and run. I put up with this for four years. Wish I hadnt.",WARNING
300,"They say that the 1st person you date after a long relationship is usually just a rebound. That wasn’t the case for my husband and I, we’re going on 12 years. Our ex’s haven’t settled down yet though. ",ANECDOTE
301,"Or you could dodge the question by stating that you're not switching jobs for a raise but for other reasons. Change in scenery, new challenges, moving, etc...

Thus implying that you're already earning in the range you've specified as your expectations.",ADVICE
302,Ooooh.  I get it. She just meant that getting a drink isn't going to work out. Not *everything.* She ran into problems and decided to go home for a nap. ,APPRAISAL
303,I hear you. ,EMOTIONAL_SUPPORT
304,"Bridezilla, LOL! 

She sounds toxic, and you have gone above and far beyond what should have been expected of you. She was wishy-washy, indecisive, and extremely expensive. I bet the other on-again-off-again maid of honor wishes she had never gotten involved!

Edited to say that she wants her wedding to be perfect, but at what cost? She is willing to toss friendships away for that ""one perfect day"". That is so fucked up!",EMOTIONAL_SUPPORT
305,"Roth anything doesn't make a ton of sense to me at that income level.
",ANECDOTE
306,Thank you for the advice and also the fast reply. Having somebody to talk to means a lot. Would give you gold if I could ,ANECDOTE
307,"Best thing you can do is chill out, buttercup. Everything will be just fine.",ADVICE
308,That's what I'm maybe thinking. I think it was my fault for even feeding into it. I think I said some stuff which made him feel insulted and this is his way of getting back. ,ANECDOTE
309,"Ehhhhh I can agree with hair and fitness but most male clothing is just ""here is a shirt in a slightly different color"" I assumed it was more meant about good use of makeup which CAN do some amazing things. Fitness is also something that takes forever lol, it's usually worth it, but I've been struggling with it for a couple years and have made very little leeway as it were",ANECDOTE
310,"By the way if the dryer was stated as an appliance in the lease, she has a legal obligation to fix it.  It's part of a signed document and must be provided.  Otherwise, she's breaking the contract on the lease and you can file a legal complaint.  Her choices are fix it, or get you to sign a new lease.  Given that it's not expired, you would both need to agree to change the lease (which you shouldn't do unless she decreases the rent)",ADVICE
311,I don't feel I'm out of place but her not giving me any sort of reason to question her I don't want to come off as controlling or lack of confidence. I just don't understand her want to hold on to the past which she claims was horrible. I think a big part of why I question things is she's more of a lurker on FB and there's really no acknowledgement of me on there. She did put she was in a relationship as her status but didn't tag me In it. I'm not one to base everything off social media but I've dated people in the past that had exes as friends but I didn't even think about it because they acknowledged our relationship on Facebook which made me feel comfortable with that.  Thank you for your advice. ,ANECDOTE
312,"The question really is how to quit your job. 

The answer is simple. You do it as nicely as possible. 

Explain your situation, that you need to focus on school and family, and work a timeline out that makes the transition an easy one for them. Don't drag it out indefinitely, but if you can give 2 weeks then that is standard. If you can give more notice then it can give them more time to find a replacement or change their workload. If you can help train someone that might help as well. 

It's not your job to run their business for them. Business owners have to be ready to deal with this kind of stuff. As an employee and a concerned person you can make their lives as easy as possible within your comfort zone. 


Good luck! ",ADVICE
313,Chill familia and ask him straight up. No point in wondering,ADVICE
314,"Happy to help! I know it's futile to even say this, but try not to overthink it. The execution doesn't really matter. He's either open to it or not right now. If you frame it one way versus another, it's not going to really change his answer. Therefore just throw it out quick and casual.",ADVICE
315,"40mg fluoxetine a day my friend, and this was still concerning ;P",APPRAISAL
316,"I think you should support what she loves to do. If you don't like it, then maybe you should leave her. I don't think trying to change her is going to benefit either of you in the long run.",ANECDOTE
317,"I don't put that much faith in Canadian Social Services.

That's a definitive ""if"", and hesitant ""when"".

At the same time, without hearing anything at all from them, I'd rather not count on their assistance as a guarantee, especially if it could put me sleeping on the street while I wait.

I do hope they're able to help though.",ANECDOTE
318,"Print out your post and give it to her anonymously. Like, if she has a student pigeon hole, put it there. When she reads it, she realise how disruptive she's being.",ADVICE
319,"Brake up with her and no more contact with her, for she will be your ex...  hehe, I can’t tell you how to move on, just listen to her and see how that makes you feel. Then decide.  If you still feel betrayed then her may never go away, who knows? Only you",ADVICE
320,I'm not for say in love. I just think that's she's a wonderful young lady that any man is lucky to have. I would not mind being in a relationship with her because her character is fantastic and her looks are he icing on the cake. But we are at a point where we live 2 completely different lives and the only thing that connects us is the bond that we developed through our younger years. I like her being in my life as a friend or as a lover.,ANECDOTE
321,"How long have you been together? 

His sister is probably incredibly upset right now. I would talk to her and say that whilst you get where she’s coming from, you don’t see how telling your parents will help your boyfriend get better or the situation in general. All it will do is add more stress to an already horrible situation. ",ADVICE
322,"I have always found clumsiness endearing in women, as long as they are lighthearted as well.  As long as you aren't a walking shitshow who bitches out others for minor things, I think you are good to go! ",ANECDOTE
323,"Some people are just really vanilla and we need to be tolerant of their weird normie desires. As strange, and even upsetting, as unembellished hetero sex in the missionary position may seem it's important to remember that they're people just like us.",ANECDOTE
324,"Jesus- that sounds unusual to me. I'd just call the doc and explain the problem- but you know, maybe it's more common and a quick google search may help",ANECDOTE
325,"Some tips:

1.) Remember the other types of relationships in life. Focus on friendships and family (pets included). They're equally as important and people tend to forget that. When you feel sad or lonely, make plans with an old friend or go visit a family member.

2.) Find yourself (again). Pick up old hobbies and look for new ones. Take times to do the things you've always wanted to do and never had a chance to do.

3.) Better yourself. Work out. Eat healthy. Gain some new skills. Work on improving your life.

4.) Is there anything your significant other stopped you from doing, but you really wanted to do it? Maybe a certain haircut, getting a pet, etc. Do that.",ADVICE
326,"She needs to see a school counselor. She needs to report what is happening.

But it also sounds like anxiety, and it's making her nerves worse.",APPRAISAL
327,"So they both get convicted?  Two 15 year olds just got convicted in my state as adults and are lifetime violent sex offenders for having sex with each other, if this other kid is underage too, that’s fucked up, and completely possible if the state doesn’t have a Romeo and Juliet law.",APPRAISAL
328,I think I’d move along... you’re thinking about living together forever and you’ve never interacted. You caught a crush. Leave it at that and don’t creep the poor girl out ,ANECDOTE
329,My ex-gf named both of her kids after my first and middle name.  I had no idea about it until I saw her FB page some 20 years later and saw her kids and their names.  It still confuses the shit out of me.    ,ANECDOTE
330,Thanks for your honesty. I think you're probably right ,APPRAISAL
331,"Hmm, I was thinking this was conservative and classic enough already. It's not revealing but still fun. Is it really too much for an interview at a creative job? I was planning to wear black opaque tights and black pointy shoes. ",ANECDOTE
332,"You should talk to a worker's comp attorney in your area

When did worker's comp stop paying you? Why did your job tell you to stop coming in? Did your restrictions change?",ADVICE
333,It's definitely not too late.,ADVICE
334,"Geeky guys make great boyfriends. The jokes can be bad sometimes, but they usually treat you well.",APPRAISAL
335,Yeah that’s a huge scam you should report it for what it’s worth doing so,ADVICE
336,Hey this is really relatable. I’m super dependent on my SO and I’ve been taking baby steps in trying to be independent. It’s really hard so don’t beat yourself up for something that is hard for you to control. Challenge yourself to something new every day. Go see your mom for a coffee. Even getting in the car and thinking about going somewhere. I’m not good at explaining things but I hope it helps you that you’re not alone in feeling that way and as with everything baby steps. ,ANECDOTE
337,"Nothing really weird here. The account was opened while you were a minor. Just open a new account solely in your name, transfer the existing funds and close the old one. You may need a new debit card and checks (if you use them) tied to the new account as well. 

If your mom really wants the ability to place money in the account your FI can likely set her up to make deposits only through her online banking or she can walk in to a branch and do so. ",ADVICE
338,I think you’re right on durable. I have to check my own. I just know there is a POA for use after death.,WARNING
339,"For minor children, both parents have to be present at the Passport office, for just these types of reasons.  Good luck!",APPRAISAL
340,"You may love that girl. And want to be with her. But unless she shows willingness to get help, leave. Don’t be a human sacrifice to someone else’s mental illness.",WARNING
341,"Just ask the landlord to install a motion activated  sensor light.

It's  maybe $30. Or even just install  it yourself. It won't be a permanent fixture, takes a few mins and is cheap.

Do not! set a trap. If you injure them, even inadvertently, you may get in trouble.",WARNING
342,"That honestly sounds like a conversation your cousin has to have with her mom. If her mom tells you she feels like the way you talk about her other daughter is inappropriate, just apologize.",ADVICE
343,"Not only should they refund in full, but they should MAKE AMENDS.  Good luck!",APPRAISAL
344,I read the whole thing and I feel like you're completely justified. You made plans and even checked twice with him and he blew you off for his buddies after saying he wanted to see you. You shouldn't feel like you're overreacting at all i'd be upset too. ,EMOTIONAL_SUPPORT
345,That stinks. You should try bartending. The bartenders at my watering hole go to college and make decent money. ,ANECDOTE
346,"In Virginia, speeding 19 mph over the speed limit is not a criminal charge. At worst, it’s a four point offense. If the OP’s record is otherwise clean, and he has been licensed more than four years, this won’t even take the point total negative.

Driving while suspended is a different story. Here, the OP should retain an attorney. However, it’s possible that the OP can argue lack of actual notice, depending on how DMV and/or the court advised him of the suspension. And because Gov. Northam is instituting changes that prevent license suspensions for failure to pay, the courts may be reluctant to throw the book. Your attorney, OP, can navigate this path for you, but I’d be cautiously optimistic based on what you’ve shared here. Still, the key word here is: lawyer. Trying to fix this on your own could well snatch defeat from the jaws of victory. Get counsel.",ADVICE
347,"In 2014, I had a lot of pressure in my work to have a health problem and so I decided to stop working. I traveled to Asia and I learned another job

After six months, I had recovered strength and I am currently working in a very respectable job.

Definitely do it !",ANECDOTE
348,You have every right to feel betrayed regardless if it was a woman or not. It's still cheating. Talk to her and tell her your feelings. Good luck!,EMOTIONAL_SUPPORT
349,"I told my boyfriend that I loved him around a year and half years together. He didn't say it to me until almost a year later. I never pressured him to say it and if he had waited longer that would have been fine. People are comfortable saying it at different times. 

I express my emotions a lot more than him so  I wasn't offended when he didn't say it back. 

Say it when you're ready. ",ANECDOTE
350,"sounds like you're insecure about yourself and your sexual knowledge, while also being used to being anti-sex bc of your upbringing. so you take everything personally, rather than conceptually. 

like, i wonder if you feel this way when other people are talking about their sex lives (not your bfs). id suspect that the conservative part of you is, but it's not so aggressive because it doesnt involve you.

my recommendation would be for you to just be open with your bf and make explicit attempts to talk about sex and things you like and he likes. you can start slowly. you dont have to get into talks about his fetishes right away. but just basic stuff. maybe even start by tlaking about your body and what you like, or his.

and over time, you'll just get more comfortable with it. i suspect.",ADVICE
351,"Thank god for that. Well that hopefully will make it easier. For now, you can just ignore his phone calls and messages. ",ADVICE
352,Call your local fire Marshall and advise them that the landlord is refusing to install smoke detectors. Maybe even delve into checking with the IRS if he is claiming that property as primary residence fraudulently. Also be prepared to find a new apartment as they will illegally evict you.,WARNING
353,"Here's what you should do, if you ask me. 

Put everything in a savings account. Like Capital One or Ally or something. 

Get a job, preferably one that offers a 401k. But that might be tough to find. 

Put 100% of your paycheck into your 401k, up to the limit. Put $6000 into a Roth IRA every year. 

Spend your money normally, but responsibly. College, books, some cheap entertainment. 

If you do this successfully through college, you'll leave college with (maybe) about $100k in your retirement savings. With a little luck, you could have your first half million by the time you're 35. You could be a millionaire at 40. You could retire bigly at 55 with no problem. 

The point is, you're starting way ahead of the game. Think about your life goals. Allocate your money according to goals. Don't figure out how to allocate your money first and then do goals later. 

Good luck. 

",ADVICE
354,"Nopeeee I would definitely not cash the check. Just hold onto it until you know what it's from, or until it expires (typically 6 months). Call back the CC company another day. They will definitely know where it came from, at least a little bit. ",ADVICE
355,"It is up to you if you'd like to remain anonymous but the best way to deal with this without worrying if he'll follow you forever is to contact his Mother. I just hope he doesn't come from a broken household because that may be why he is like this, part of my Dad's alcoholism is part of mine. Still, I'd try it. Better to get in contact and show your concern than blocking him off everything, because that'll usually just make him feel shittier. I understand how bad it really must be for you. I apologise if I made it out to be if I were having a go at you because of how he feels because that is not how I was trying to come across as lol.",ANECDOTE
356,"Practically, stick with your major. But humans aren't practical! Ask yourself if you can take another 70 years of this, cause that's what you're going to have to do. If you're depressed now, thats not going to change until you eliminate what's upsetting you. 3 years isn't much waste, but if youre unhappy with this major right now, you're going to feel 5 times as bad in 15 years, and 15 years is a big waste. Better to do what you desire now than not have the choice to follow your passion when youre 40 and supporting 3 kids.

I wont however try and tell you what to do, aside from telling you you should definitely see the uni careers counselor. And tell you in my country theres a thing where you can transfer your credits from one degree to another. Since youve done some music subjects, that might be a useful way to cut down on some uni years.
",ADVICE
357,"Im just giving you what may possibly happen based on my experience when I was your age. I lost my virginity to my best friend, thought he wouldnt talk about it, i became harassed in school for being a ""slut,"" even though it was my first time. Im just saying, people are fucking mean and may turn this against you. Im not calling you easy, however if it were to get out what you did, people will speculate and most likely not commend you for what happened. rape is common everywhere and can happen. I didn't think i would be molested at 7, but it happened. I didn't think that someone would drug my drink at a bar, but it happened. Just understand no matter where you are or who you are, there is always a percentage that something may happen, someone will try to take advantage. My purpose is to just give you foresight on the consequences of certain actions. For a sec, put yourself in your moms shoes if you can imagine it. How would you react or what would you say to your daughter had you saw she was doing this? thats all I ask. Good luck.",ANECDOTE
358,"She is still employed there, her last day is going to be next Friday.  She is obviously not giving them the courtesy of a two weeks notice.  

I guess the first step is she should contact some of these other employers that she  was in the running for jobs for to see what kind of information they were given. ",ADVICE
359,"Damn! Thanks for the honesty, why do you default to “asshole”? Are you missing something in the relationship? ",APPRAISAL
360,"Talk to him, if he keeps bringing this up it means he doesnt trust you or her. But i say the best you could do is sit with him and talk about it. That´s all.",ADVICE
361,"I can't formulate an answer for you right now, but here's something to consider:

If you move out of state then probably all of your friends will live no where near you, hence you will not have anyone to hang out with during the summer.

Also, (though this may not be a concern for you since your parents are ""moderately rich"") any job you get during school will not be continue-able in the summer, so you will have to find a new one back home, which is also really hard because you won't be able to do in-person interviews until after school has ended, in which case a lot of jobs will already be filled.

I ended up having to stay at home and go to a nearby college, but I am 95% certain my life is a hell of a lot better because of it. (But I would have to pay for living expenses if I moved out.)",ADVICE
362,Shit is this a common issue? My girlfriend was like this at first too. ,ANECDOTE
363,"Once puberty really sets in, you'll loose the ""baby fat"". For now, try to stay active and eat healthy.  Develop good habits now, you'll thank yourself in ten years. ",ADVICE
364,"That's pretty good. How do you feel about raising that up to 15%? Then with some remaining funds you can pay the car off more aggressively, then you'd have both!

Or as they say: por que no los dos?",APPRAISAL
365,"The truck should be worth quite a bit of money, could op sue for the truck to offset his bills?",APPRAISAL
366,Coming from someone who broke up with the love of their life over stupid bs  and then he died the same day... We are only lended so much time. Take him in your arms and hold onto him forever.,ANECDOTE
367,"Depends.  Chances are he'll just drop a load into you and then squirt a little on your stomach for measure. So yeah, he'll knock you up but not with the load on your stomach.   Get on the pill is my advice.",WARNING
368,"It sounds like this is one of your top financial goals? If so, it could be worth chasing (but not at the expense of your emergency fund and retirement). Try the budget out for a few months and see how you feel - save an extra 1400 every month and see what you're still able to do. If you still want the high rise, consider it.",ADVICE
369,"Please stop making excuses for him or yourself! The solution for this problem on your end is obvious: Do not let him stay at your place! Whether his motive is to get back with you or for money, you shouldn't help him after he treated you that way and just assumed you'd still help... Fuck that guy, let him figure out his shit on his own and move on",ANECDOTE
370,"Could be. It could also be that he tried but I didn't notice the signs. That ship would've never sailed, though.",APPRAISAL
371,"Because they put a ""hold""on your money of around $500 minimum for ""incidentals"". Also, debit cards are not as safe as credit cards, nobody should be using them anywhere where they keep it on file.",ADVICE
372,It sounds to me as if she needs some therapy. This is not normal. You should try talking to her about it and if the behavior  continues and she doesn't want to get help I would end the relationship. ,ANECDOTE
373,"Unfortunately there isn’t. All I want is a quick less than 5 minute introduction when he picks me up before we go off and do something. It wouldn’t be a formal occurrence. I doubt I’d even give my parents a heads up about it. 

I don’t think so either which is why I’m so torn about feeling hurt/frustrated about this. 

It’s not too big deal at the moment for me but it’s getting to that point. I don’t want it to come to an argument. But I’ve got my sisters asking me why he hasn’t met them, I’ve my parents asking when they’ll get to meet him, and I don’t have an answer for them. It’s starting to feel really shitty that he won’t just come over. ",ANECDOTE
374,"Honestly I was in a very similar situation with my former boyfriend. We both had verbalized our feelings but were also emotionally damaged from past relationships that went poorly and really messed with our trust issues. When he started doing things like what your girlfriend is doing, that was a big red flag but I refused to recognize it and wanted to try and make it work. The issue is that I cared so much and gave 100% of what I had to him emotionally, and he just completely dropped off and stopped putting in effort even though he still said I love you and hat he cared. Eventually we did break it off later that month, so I don’t really wanna tell you what to do but also she should be giving 50% in the relationship just like you are. If you feel like she isn’t then try and talk it out or if it’s not working potentially consider taking a break to figure things out.",ANECDOTE
375,"Your value as a person doesn't rest on your sexual prowess. Sex will not make you a better person, or make you a cool adult. School is hard enough without putting needless stress into the mix. Forcing relationships of any kind will end badly for everyone involved. Please just do you.",ADVICE
376,"I used to write down on a book the things I had to do, but I noticed that spent quite some time writing things and thinking on what I should write, time that I could use reviewing processes or making meetings... I know this is a habit I should keep, but it can't take away too much time.

And, about deadlines, most of the times the engagements are either too short or the client's don't collaborate with the auditing, like, I try to schedule meetings or ask for some documents and they don't deliver in time. When I speak to the manager about it, the answer is:

- You're not asking correctly;

- You should learn how to solve your problems;

- Stay next to them until they give you what you need.

I even asked a couple of managers this last week what's the importance of an financial audit to the client, because this last client wasn't giving a fuck to what was going on.",ANECDOTE
377,Honestly this isn’t the first time i’ve heard of something like this but i think it’s so dumb. Like i would never name my child after “the one that got away” because it would keep reminding me. I don’t like being reminded. I would say to not name it that. Definitely not. ,ANECDOTE
378,"> I can’t help but be disappointed if this is his way of posting subliminal passive aggressive stuff on Facebook - like it’s his way of telling me he’s breaking up for good

Or he's so over the relationship that he's either forgotten he failed to communicate that to you, or just assumed you were both on the same page (he has no idea what you've been up to since you took him off your updates, after all), and is no longer thinking about your reaction at all.  Regardless, you're not stuck waiting for him to communicate.  Tell him you take it that he's decided to make the break permanent, wish him well (or not), and just move on already yourself.",ADVICE
379,Maybe you're not interested in what you're studying. ,APPRAISAL
380,"What about the last part regarding guests, would that apply or wouldn’t it since these aren’t guests?",APPRAISAL
381,"To be honest, if after four years, you're not ready to commit to your relationship, it's probably not a relationship. You have to decide to either take the risk and move there (if she can't move to you) or you probably should end the relationship. Most people in long distance relationships don't want to be long distance but it sounds like you have no issue with that, which isn't the best sign. 

It's about compromise. Move there for a bit and see how it goes and perhaps after she's finished her education, see if you can move somewhere more suitable. ",APPRAISAL
382,"Read [this book] (https://www.waterstones.com/book/the-diary-of-a-young-girl/anne-frank/mirjam-pressler/9780241952443)

It's the diary of Anne Frank, I read it again recently and it's fascinating how she felt, being a child and an adult at the same time. And her relationship with her parents etc. 

As a teenager, with parents, I'd really recommend this book to you. x",ANECDOTE
383,I am no expert but I don’t see the advantage to saving if the interest in the savings is less than the interest on the loans. I would just make miniumum payments in all of them and laser beam the highest interest loans one at a time. Try making a spreadsheet to model this. ,ANECDOTE
384,It's most likely your student loan account and it just may have taken awhile for it to be reported. ,APPRAISAL
385,"Paying credit card interest just so you think you have savings is not a good way to build personal wealth.

It's essentially borrowing your savings at negative 20% interest, or whatever it turns out to be.",WARNING
386,"Any time you can make money AND help your marriage, that's about as good as it gets!",APPRAISAL
387,"Both, in principle.

The landlord's recourse is against you. Damage incurred in the course of your tenancy, beyond normal wear and tear, is your responsibility to them. If your landlord collected a security deposit, they may seek to withhold the cost of repairs (which might just mean ""painting the balcony,"" or could mean more substantial repairs if the burns are deep). Otherwise, it's up to them whether to pursue you through the Residential Tenancies Branch.

Any money you have to spend repairing the damage or making your landlord whole on damage your ex caused, however, is money you can theoretically recover from your ex. If he won't pay - and if he's the kind of dirtbag who thinks putting cigs out on peoples' property is okay, there's a good chance he won't - then you can try taking him to the Civil Resolution Tribunal or to small claims court, depending on the costs.

It's premature to worry about this until you know what your landlord is going to do, but if the damage is severe enough that you're concerned about it, you could fix it yourself before it becomes an issue, too.",APPRAISAL
388,"Unfortunately, your parents need to realize she’s an adult and they don’t really have a say in her personal matters. If it were me, I would keep seeing him and just keep it to myself. She’s not obligated to tell them about her personal life. It sucks, but as an adult, she’s allowed to make her own choices. ",ANECDOTE
389,Tell him to pick counseling or a lawyer because that shit doesn't fly.,ADVICE
390,"True, but if he had to sign the handbook doesnt it become a contract of sorts?",APPRAISAL
391,"Don't change yourself so people will like you, It's not worth it.

Don't let people walk all over you, they will keep doing it over and over again.",ADVICE
392,She was clearly lacking something ,WARNING
393,"I wouldn't say you are 'triggered'. It's not like it's an uncommon fear, or totally irrational.
Back in my tumblr years I was asked to tag all sort of random crap. Eyes, balloons, pictures where there are several of the same object...
 I totally understand the want to not see things, as even seeing a picture of a spider (or anything else I'm afraid of) makes me want to shut myself in a sealed room for the rest of my life. But it's their page, and they have the freedom to post those pictures if they want to see those pictures. You will just have to unlike the page, and find something else with similar content. We sadly cannot expect other people to stop doing things just because we don't like it. That's like if someone said other people can no longer eat oranges because they don't. ",ANECDOTE
394,"The holiday was entirely to take Her away on Her bday, Something new and surprising that we both could enjoy. Previously I have spent a lot of money on spa's and expensive jewelry on Her bday (I promise, I am not made of money). 

&#x200B;

Don't get me started on Her insecurities, Your opening a whole host of drama from me let alone Her. Let's just say I've had to deal with this particular topic ever since we got together. It's becoming tiring and exhausting to constantly have to reassure Her and explain things in detail that I would generally expect someone with a level of common sense to understand. I have to make myself so clear that even a Child could understand. 

&#x200B;

You may or someone may questions whether I actually love this Woman based on my comments but in our good moments and bad moments we never threaten to leave each other, leave, cheat etc... We just have quite a lot of domestics that I want an end too. ",ANECDOTE
395,"I only am saying that me asking her 4 times in 2 years for the money is not really bothering her, im not stuck on the money hense me making this post to help me realized I should just drop it",ANECDOTE
396,Oh. Thank you for that. I didn't know of that one. I'll pass that along. ,ANECDOTE
397,"that is not surprising. i didn't learn about retirement accounts or anything financially related until probably around 20-21. and only because my manager was awesome and spent time teaching it to us.

without knowing the details i can't say for sure, but minimum wage at 20 hours/week is likely not going to be enough. and that's ok! your focus should be school. finance should be secondary - just make sure you don't dig a gigantic hole by buying a new car for example. but if you want to dive deeper and learn more, start with the Prime Directive on the sidebar ---> 

but what is roth IRA? basically, it's a bucket where you keep your money. this bucket has rules. for example, one rule is that any money you put in will grow tax free. you can put in $6,000 in 2019. let's say it grows to $200,000 by the time you're 60. you can pull the money out tax free. if you did NOT put the money into a roth IRA bucket, then you would be paying taxes on the $200,000, which probably would be like 60k or more. the other major rule is that if you withdraw the money before age 59.5, then you need to pay a penalty. that's why this money is retirement money.
",ANECDOTE
398,I took it in stages. Start by simply installing it then when that's done learn to install other things. Like Tor or setting up proxy servers. By doing that you will learn a little command line. There are many free resources on the internet for learning Kali. Just Google it. ,ADVICE
399,"This was an incredible read. Thank you very much for this.

Out of interest what is your experience with borderline that makes you say it sucks so much? It's only been the last couple of weeks that I've been researching it, and the more I do the more I feel it is me. I guess I should get a formal diagnosis, but I fit 8 of the 9 main symptoms - of which you only need 5 to be diagnosed.",APPRAISAL
400,"A credit union is a type of banking institution. You should have your IRA at a brokerage, not a bank.",ADVICE
401,You have to pay the rent. Talk to the landlord about how to add a new roommate. Once you find someone to move in you can sue your old roommate for what you paid on his behalf. ,ADVICE
402,"It isnt her fault, but when she made the decison not to abort or give up for adoption she made a decision knowing the effects that a child will have on her life. That child is not your responsibility at all.",APPRAISAL
403,"You sure you want to be a stepmom? You’re young to be dating someone with a child, especially one that is clearly not ready to be emotionally intimate yet. Think about your needs and what is best for you. You may like this guy, but if he isn’t ready to truly open up to you, it might be best for you to move on. ",APPRAISAL
404,Currently building up my portfolio as a first-time investor. How do I go about making the decision of which bond fund(s) to add to my Vanguard (UK) portfolio for the current environment / what do I need to be considering? This is part of a long term investment; currently at about 10% made up of 'Global Bond Index Fund' although this wasn't a particularly informed decision other than it seemed the most diverse. I would like to increase to around 30% for overall diversification (topping up rather than selling equities). Thank you!,ANECDOTE
405,"Thank you, maybe I'm impatient. ",ANECDOTE
406,That isn't the case. My SO has told me the ex uses some service that costs money to crack passwords. Though I don't know how official that information is. ,ANECDOTE
407,"The nurse was also smart enough to not justify herself or argue with someone who has clearly already made up their mind and is only looking for ""facts"" to support their histrionics.",ANECDOTE
408,"Why don't you payoff these student loans with the money you have at the account use whatever you are paying monthly to build up a saving.

Remember, money in bank along with a debt is not really money in the bank. ",WARNING
409,Have you asked her why she did it?,APPRAISAL
410,It's normal when you're young and the relationship is still in the honeymoon stage. It will be much less severe after more time has passed ,APPRAISAL
411,Follow the flow chart in the Wiki. Its long but you should be a good chunk of the way through it. Id look into opening a Roth IRA but see if the chart has any other advice ,ADVICE
412,"lol.  Welcome to marriage.  

No couple stays fully compatible throughout the years.  Shit changes, people change, things happen.  Most stick it out for love.

How long have you been married?



",APPRAISAL
413,I’d also recommend lactic acid suppositories. They worked much much better for me than boric acid. I used a lactic acid gel for a week and it worked just as good as the antibiotics (which made me feel sick so I use them as a last resort). My damned IUD makes BV much more likely so it’s been a learning curve. ,ANECDOTE
414,"No reason for me to go on too long with the response. 

Find a new job. You won't fix it, they won't all change and you can't stay there. 

Keep your head down until you have a good opportunity or until you can't stay there any longer. Use it to your advantage as much as possible. That is not quitting, that is strategy and moving upward. 

*Ninja edit - Answering your question, environment is HUGE. It will literally kill your soul. It is toxic. Don't suffer because you have some concept of what others will think of you. If those moronic millennials want to stay at a place like you are working, let them. Meanwhile, you will be happy. ",ADVICE
415,"I hurt just reading your post.  I notice you put “lol” after things you say that I think actually hurt you but you don’t want to come off as being hurt.   I think you truly love this boy.  But I honestly feel he is using you.  You don’t speak up for yourself.  You accept his lies and his laziness in your relationship.  You allow him to talk down to you, to falsely build up your hopes with a false declaration of love, knowing how IMPORTANT that word is to you.  And with callous disregard he tells you over text that you’re not worthy of his love yet and that he knows you give him your all.  I’m sorry but he has this all backwards.  HE is NOT worthy of YOUR time.  I hope you find the courage, strength, and fortitude to leave him.  You deserve someone who will show you respect, honesty, and real love.  ",EMOTIONAL_SUPPORT
416,She’s changing and you don’t know her anymore. Have you made an effort to know her? You don’t sound very committed to your marriage and you’re blaming her for that. ,WARNING
417,"Honestly, if this was my friend, I'd be blunt. ""Hey man, no offense but I'm pretty sure you're talking about a pyramid scheme""

""Don't believe me? Just watch this."" (Sorry, on mobile) 
https://m.youtube.com/watch?v=s6MwGeOm8iI

Have him watch the clip from John Oliver's last week tonight. It does a pretty good job of explaining the scheme out. It may change your friend's mind. 

Good luck. ",ADVICE
418,"A sense of humor. To me, there is nothing in the universe that you can't joke about. It all depends on if it's a good joke. 

If you're a person that doesn't take yourself or the opinions of others too seriously, and by that I mean getting angry at criticism, taking everything too personal, feeling attacked at the slightest sign of disagreement etc, then you are far easier to be around. ",ANECDOTE
419,"This! We make a conscious effort to choose activities that fit in our friends' budgets. Some make more than us and they are our fancy sushi dinner friends. Some make significantly less than us so we invite them over for dinner or to do other things where they won't feel pressured to spend a lot, if anything. ",ANECDOTE
420,"I can go back anytime but looking passed the ""now"" and into the future, selling real estate and flipping houses is the way to go. Just a lot to learn at the beginning and it was a slow turn up. I'm fully vested in this, but this is a long term goal that won't see the financial fruition right away. ",ANECDOTE
421,"It'll work out either way.  The guys are learning a valuable lesson early.  Warning them is up to you. I would only warn the guys that won't betray your trust.  If they listen they don't need the lesson. If they don't,  time for school.",WARNING
422,"You know, I don't think that this is that big a deal.  What is a bigger deal is that your BF is STILL TALKING TO HIS EX.  He cannot get over her as long as he is texting her.  They're basically carrying on an emotional relationship with each other.  She is making sure he is constantly thinking about her by texting him.  I don't know if you feel this is cheating or not, but he should block her, erase her and delete her from his phone and his social media.   She cannot ""bug"" him if he BLOCKS HER.

I know how difficult it is to cut someone out of your life.  But this is like any other romantic relationship.  When it's over, it's over.  Most people cannot be friends with their exes, and it definitely hurts a relationship if he's constantly in touch with his ex.

You need to talk with him and get your BF to block her.  You know what his ex is trying to do.  She's trying to break you up.  He should not be giving her the chance to do it!",WARNING
423,"You need to factor these expenses in when you make your budget.  You didn’t include any of these things in your post.  If you keep spending like you are now, you can’t afford to rent the place you’re talking about.",WARNING
424,"Oh yes, yes they do. Especially when prescribed by a psychiatrist. ",APPRAISAL
425,That's probably a good idea. Even leaving out his past is it possible that they'll put him on a list?,APPRAISAL
426,"Please dump her ASAP, no need to explain why or anything. Expect that she'll tell everyone how you were trying to control her and how you were insecure, obviously she's projecting, but that's not your business anymore. you know the truth and can move on with your life, knowing you saved yourself from a terrible terrible person and relationship. Please don't go back either. I've been in a similar situation and after she had her fling she realized she had it great with me and tried coming back.",WARNING
427,"You can’t force somebody to do something. Giving her an ultimatum over that sort of thing won’t work. Out of anger she’d pick the cigarettes and that’s because she knows you aren’t serious. You don’t set an ultimatum unless you plan on following through on it. 

Both of you are just making things more dramatic. Cigarettes are an addiction and she doesn’t want to give them up. You can live with that or you can’t. It’s her choice whether to smoke and your choice whether to stay. ",WARNING
428,"I can call your thinking was too puny and negative also my deary, try to see best in a situation in people not worst my husband taught me...it reflects your inner self, he always believe in it.",ADVICE
429,There's nothing wrong with a kiss on the cheek.  If she licked your tonsils there might be an issue but a peck on the cheek is nothing.,ANECDOTE
430,I mean she's 39. Is she still taking care of housely duties if any? She seems to me like she is enjoying the life she couldnt have. Maybe....,ANECDOTE
431,"But that is the thing, mom is allowed to leave with the child, even if dad doesn't want to, absent an existing court order. Of course Dad can go to court in California, but they would have to serve Mom in the UK. Did the OP mention that she can't go back to Cali due to money?

Do you have to ask for permission first before you go abroad with your child?",APPRAISAL
432,That's perfect. Asking how much you'd like to earn is fine. Asking what you earned previously is a question you may not want to answer in any state.,APPRAISAL
433,"Like others have suggested, install uBlock+ or something similar on his computer and then introduce him to PH? 

Other than that, I'd say introduce him to reddit, honestly. If he sticks to the more major/popular nsfw subs and stays mostly on the front page of those subs, he shouldn't really run into scams or malware.",ADVICE
434,I had the same thing happen with BOA. I got out of there.  Always remember to file a police report for these issue.  They will start and outside investigation. ,ANECDOTE
435,"You don't NEED 20 percent down. It's nice, but not required. Also, as others have said, renting isn't throwing away money. As long as you can be comfortable with the monthly payments, as well as have some emergency money saved up, move forward when you feel like it's worth the change.",APPRAISAL
436,"Then it sounds like you have your answer. If you've already talked to her, she feels bad, she knows she hurt you and won't do it again, then there's not much anyone can say except that it takes time to heal from things like this. That's why everyone is going into everything you've already talked about, because there's really not much you can really do at this point. As the cliche saying goes; Time heals all wounds. If anything, I'd say keep talking about it either with her or friends or a therapist (if you have one), and process it as much as you need to until it stops hurting or you feel okay letting it go. 

But honestly, this is something that may not stop hurting completely. Its a serious wound into your relationship, and its hard to just forget. It's also hard to pretend it didn't happen. I'm sorry to say that you may never completely get over it, but that depends on time and how you process it all in that time. 

I wish you luck.",WARNING
437,Talk to her privately that she shouldn't be doing that at 14 but I dont think you should tell her parents. maybe if it becomes a real problem u should,ANECDOTE
438,"You have to know the person you're with, but most importantly you have to understand this:

a) to be happy you need to trust and let your guard down
b) even if you're alwys stressing and monitoring, you will be cheated on and it will hurt just the same. If they want to cheat, they will.

Best thing you can do is relax and accept it. Some people are dicks and it is a trial and error process for all of us. Most people I know have been cheated on. It hurts but everybody eventually realizes a) and b) and just focuses on being happy. ",ADVICE
439,"You can't change your body and he can't change his desires (not overnight anyways). He can change when his dumb mouth opens up and stupid bad words fall out of it, that's definitely a conversation worth having. I'm just saying don't center the desire as the problem in that, because that will just train him to close off even more.

As for sex. Has he told you what he *does* like or what he'd like more of?",APPRAISAL
440,"Yeah, Qualifying Relative is a bit of a misnomer. If you're not actually related to them, they can still be your ""Qualifying Relative"" if they made less than a few thousand dollars, you provided over half their support, and they must have lived with you the entire year.",APPRAISAL
441,Yeah. But she's actually into you.,APPRAISAL
442,So true! On it and thank you for your words of support and encouragement ❤️,APPRAISAL
443,Yes they can fire you for this.  I'm sorry it happened this way but you can be fired for wrecking a company van.  ,WARNING
444,"I read some of your above responses as well, namely that you were military. So listen, my husband is military as well. We got married 2 years ago, just 5 months after meeting each other. I understand that you were impulsive as well. We got married during an exciting time. Things get rocky all the time between us. All the time. But all those good times make it so worth it.

Right now you really need to choose if that foundation you had with your wife is worth fighting for or if you want to start all over again wearing rose colored glasses with a girl that you're still getting to know. Both roads are going to be very hard whether you do everything in you do everything in your power to earn your wife's trust back or you trudge onto this new relationship with that guilt in the back of your head. I think right now you owe both women an apology because you can't fully devote yourself to the co worker cause of the guilt and to your wife cause things ended on what I see are unreasonable terms.",ANECDOTE
445,"Going through something similar but with the opposite outcome. Couldn't make it at school. Got a horrible gpa, but when I told my parents they were understanding about it. Particularly with the money aspect of it, it would have been very difficult for me to cover tuition and fees. Agreed that I should take a semester or even a year off to figure out my life and get a better job. So I have to recommend the same to you. Look around for help wanted signs or just walk in to some fast food places or restaurants and ask them for a job.

 Give your parents a few days and call them. It can be a shock when you hear your kid is taking a different path for them than you want. They may just need time to take it in and let you come back home. I suffer from depression myself and have had similar thoughts about ending it. It is tough but you have to fight through it. If you have a friend you can tell about your depression who will understand please do. It really helps when you have even just one person who will listen and be understanding.

Please keep us updated and the best of luck to you OP.",ANECDOTE
446,"it is just us in a 4 person dorm since the other two people left. Unfortunately, every time I have tried to get help its blown up in my face including going to the RA and the head of the RAs. I'm literally stuck no one wants to listen or help and I literally feel trapped every time I enter the room.
When my friend was in the room with me we all had a meeting about her and nicely set ground rules but since it is now just her and I she is just walking all over me.",ANECDOTE
447,not sure you have to pay a penny in support after 18,ADVICE
448,Try looking for something with related experience. Are you a supervisor in your family business? Do you want to be a supervisor in the new job you come across? Your family should vouch for you if you list them as references since they own the business you work right now. Build your resume. ,ADVICE
449,Yea I don't know how I would prove that I got the wrong meds as they would of destroyed the medial records by now. When I tried to complain to the mental health tribunal. They down played the situation.,ANECDOTE
450,"I came here to say this. This isn’t one of those situations where one partner gets a turn and then the second partner gets a turn. You have to agree. SMH. It’s hard to come up with a name you both like, but this is simply crazy. And I mean, seriously. If anyone gets to have the final say, it ought to be the incubator who grew the baby!",ANECDOTE
451,"As everyone has already said, you need to work more.

Also, if possible, you should lower the interest you're paying on that debt.  It is often possible to get a credit card with 0% interest for 6 months and transfer the balance onto the new card.  So you do that repeatedly if necessary.",ADVICE
452,"You've done all that you can and it sounds like the cogs are working in the system and it does seem like he's starting to get dissuaded. Just stay on alert and keep the police in the loop of anything new. Possibly even get a home surveillance system so you can review the footage when you're not home?

I am so sorry you have to deal with that...People are incredibly fucked up",EMOTIONAL_SUPPORT
453,"I can respect that!  That's really cool that you would stay in a home close to family like that. So cool! I just don't want you to be in debt forever. 30 years is a long time. If you calculate how much money youd be spending over time from a 15 year compared to a 30 year, its nuts!! 

If I were in your shoes I would try my hardest to pay down the mortgage as much as possible so you meet those guidelines.

I've never heard of the 20% down thing. I've heard as a general rule that less mortgage equals less payment. The 20% rule applies to personal mortgage insurance. If you put 20% down you wont have to get that insurance.",WARNING
454,"The fear I have is that if I am just very straight forward when writing and start talking about big feelings after just one date, I may be going too fast, since she doesn't seem very used to developing feelings right away. ",ANECDOTE
455,We’ve tried but he can’t get fully hard after the first time 😅 I’m 23 and he’s 19... never thought I’d have this problem w someone younger than me 😳😂,ANECDOTE
456,Don't settle for a guy who you think isn't all that and more... because when that guy does appear in your life you'll be stuck in a second class relationship. You said you don't attract guy's you have interest in... well you should work on yourself to become the type of women they are attracted too.,ADVICE
457,Then why kiss me and take me out and send loving messages and whatnot even when we’re not sleeping together?,ANECDOTE
458,"where is home do you have a city or county in mind? do you already have employment? wife and kids? i already have a couple much better homes and prices i could link you that ive been looking at. i have been looking at buying myself for awhile ill give you some of my best picks. it will be a few years before i have the money saved up to buy anyway. 

Edit: future employment city or if no current plans, the type of career you are thinking about going into. are the most important here.

&#x200B;

&#x200B;",APPRAISAL
459,"So you are 17 and dating a 14 year old? That sounds wrong.

Even the general rule says she is too young:

(age/2)+7....its 15.5 years ",APPRAISAL
460,"> I know it's probably technically legal because I do make tips

While I don't know Colorado's law specifically, the minimum wage laws I am familiar with all allow for tipped employees to be paid less ONLY if their actual tips bring them up to at least minimum wage. So probably this is NOT legal. I would start by bringing it up politely to management.",APPRAISAL
461,"Man, this isn't love. Get the courage to leave her.",ADVICE
462,I know the girl has similar issues with him while the other guy has only met him a handful of times. I can't imagine any scenario involving the three of us telling him we no longer want to live with him going well! :(,ANECDOTE
463,"Landlords generally follow the 40x rule.  That is, applicants annual salary needs to be 40x the rent to qualify.  Some don’t follow that rule, but I would be hard pressed to think you would qualify.",WARNING
464,Sometimes holding on does more damage then letting go,APPRAISAL
465,"First of all, your statement IS evidence.   You don’t need other evidence to make a police report. You make the report so the police can look for other evidence. ",ADVICE
466,"TBH, I didn't read the whole thing. But I can tell you that that want to get divorced and want your blessing. They wouldn't ask you unless they wanted clear conscioses.  Tell them to go ahead with the divorce. You'll all be happier. ",ADVICE
467,I want to transfer my retirement funds from TRS to my husband’s Fidelity IRA account. Can I do this? Will there be a withdrawal penalty? ,ANECDOTE
468,"Probably too late for you to see this, but I’ll comment it anyway.

This exact shit just happened to me and it honestly fucked me up.

My relationship lasted 7 years, consisting of me cutting off female friends because my ex was insecure and because “[she] should be the only female friend [I] needed in [my] life”.

I learned that some people are insecure, not because you give them a reason to be, but because they project their own would-be intentions onto you. I know (from experience) that this is easier said than done, but cut her off—don’t even bother with ultimatums. Shit, cut off hypocrites in general, for your own sanity. I really wish someone had told me this before I wasted anymore time on her (I defended her insecurities our whole relationship).

Anyway, she’s with the other guy now and I’ve since reconnected with all my previously cut-off female acquaintances who, fortunately, understood why I had distanced myself for those few years.

Hypocritical insecurities will forever be my biggest red flag in any new relationship.",ANECDOTE
469,Laws vary by state and city.  You have to find out your local laws.,ADVICE
470,"Well, I would go for therapy asap. Are you still living at home? If so, start saving and making plans to move. 

Your relationship with your parents will never be the same. 

You have to take care of yourself. Your father is an enabler, so I would be suspicious about his motives...

Please, go for therapy and move away. This family situation is extremely toxic and dangerous. Truly.

",ADVICE
471,"You're not the first person to say that....maybe it's time for me to listen...hey, thanks! I appreciate the advice",ANECDOTE
472,"Sounds exhausting. 

A way better story here would have then to causally tell her you know, you’re done and moving out then block her on all media.  That nonchalantness is by far the best tactic. 

All you did here is show her how wrecked you are over this and what lengths you’re willing to go through to end a relationship she doesn’t even care about.  ",ADVICE
473,"I am in OH

>yes, but that chance could be 1% or 100%

would it be closer to 100% or 1%? I'm trying to get a gauge of my chances in this situation.

>or they will see that every time it worked properly the same reading came up.

I am not 100% sure if it was the same reading each time, my lawyer had mentioned that there were a lot of errors and never 2 good readings in a row, I don't remember what he said each result was if there was some slight variations, but I was charged with .09 and i'm not sure how to look that up, it was a few months ago.",ANECDOTE
474,Dump her. Anyone begging for attention is not worth it.,ADVICE
475,My SO hasn’t texted me yet and I haven’t texted him and I feel really fine about it. It’s been nice. You really did help haha so crazy!,ANECDOTE
476,These are really not legal issues. You are both grieving and need to deal with that. ,ADVICE
477,Sending love! ,EMOTIONAL_SUPPORT
478,"Don't forget getting a new drivers license to show the correct address especially if moving states. Updating allllllll your billing addresses. And just cause I've seen it so many times on here, make sure you know this guy and don't go dropping everything only to be trapped with no money to leave when you find out he's a drug addict. ",ADVICE
479,"This is a scam, as listed below. You gave your ideas & if you don't accept the job, you get nothing. You probably have no recourse here. 

On a completely different note, did you google his name or the shop's name? There's a shop owner in Chicago who, if you Google his name (which I won't post), comes up with a very long and detailed TheSource thread about his scams as the third result (used to be the first two back when the buylist scams were going on). If it's that guy, this is most definitely something he'd try & I'm sorry to hear about it, but you're far from his first victim.",APPRAISAL
480,"""Chronic diseases pills""? Is he on pills for depression? He needs a psychiatrist or may have to be hospitalized in a mental institution if he's not eating and needs to take psych meds.",ANECDOTE
481,"No worries mate reddit advice has gone way down hill last 12 months, this sub is still better than the demented droning of /relationships

Whatever path you choose make sure you are happy at the end ;)
",EMOTIONAL_SUPPORT
482,"Wow thank you so much. Yes, I’m stuck, but I will work on this. Thank you I have heard similar things along these lines too in regards to emotional abuse. But your first statement of something they are even unconscious about their manipulation and how it’s normal to them was key. Because I have been having a hard time trying to figure out if that was the case or not. Like figure out if he’s being serious in changing. Which he has been for about the past 2 months. He truly shows signs of change from what it was at least before. But I also read how to read in the patterns of my emotions and feelings through your the whole relationship. In general I was always sad. Energy was drained. 

He says he fights for us because of my heart. I told him “I don’t get it. You’re a good looking man. You shown me women you have been with and women you were interested in. I could never be them! Here I am a single mother who I feel I’m pretty basic-looking compared to these instagram models that he likes and they apparently like him too. Not saying I’m not a catch either, but I really don’t got it like them.

Anyway, bottom line is I felt we had more bad times than good. And I came back probably (literally move out than in) 4 times.  That’s damaging. And he tells me to stop using the past. But I can’t help it! Am I going crazy?! No I just need to put my foot down right? 

I also think I don’t have a good support network. Like I need constant in-person positive feedback. And it’s hard when I was trying to heal from him and get my act together, I went back to my parents, and that they’re not uplifting or positive people. My mother herself is a toxic person. I feel like I’m so desperate for positive interaction. And yes my daughter (3) is, but when I get those moments of happiness with her, I constantly have my family on my back on how to be a mother or hovering over me if I done something for her. 

So do I go cold turkey on him with no contact? Write a letter? Prove to him our relationship is unhealthy and expose him to himself with articles about his abuse to validate my emotions? 

It’s Jan 1st and be leaves at the end of the month. He already bought mine and my daughters tickets. And I know it’s also not fair for me to be on the fence. But I feel like I’m under so much pressure. ",ANECDOTE
483,"I have proof from her past “bodies” as well as people who know her generally describe her as a generally shitty person.

As for me being in this, I’m in my own relationship and just want to help steer my friend in the right direction. Any harm in that?",ANECDOTE
484,I would say bye Felicia and leave.  Leave the diary open on those pages. She’ll get the hint and you don’t need that toxicity in your life. You deserve better. Believe me. Ive been and somehow continue to be every guy’s placeholder. Fuck that shit!  Not anymore.  Being happy alone is way way better than being with someone who doesn’t want to be with you and is using you.  ,ANECDOTE
485,I agree but people blackout drunk are definitely not thinking rationally. They still wouldn’t do this. ,APPRAISAL
486,"Buy him some mederma and tell him he should be comfortable in his own skin, that it doesn’t bother you but it seems to bother him so here’s something that might help fix it. ",ADVICE
487,"Don’t follow through with this. You’ll regret it in the future and you could get him in big trouble. If you are still obsessed with him when you’re 18, then I would say it would be okay to pursue it, but it’s still very  weird to like someone that much older than you",WARNING
488,Well that was a wild ride. Good job getting out of a bad-and-getting-worse situation. Hope 2019 treats you well!,APPRAISAL
489,"You can learn skills for free. The Internet is a beautiful thing.

If you don't make any money, you should qualify for government assistance for your health care. Get a job somewhere in walking / biking distance and start saving. Buy a car, and your options increase. Stop waiting around for something to happen, and make it happen.",ADVICE
490,"Flip a coin. Did it with my first born. 1 flip, winner takes all! Lol",ANECDOTE
491,"I'm not sure you get how guys work. Most guys, after hearing you had a dream where you sleep with them, are going to want to sleep with you. I think you should make your relationship clear with him. ",WARNING
492,"Your mother has classic bipolar symptoms.  Medication can help stabilize her moods.  She's an adult and needs to get the professional help that she obviously needs.  I'd look up mental health/bipolar disorder on-line and get some advocacy through them.  I know Reddit has mental health sub-reddits, too.

My husband is bipolar/OCD.  It's not easy to live with.  I know. Best wishes to you.",ANECDOTE
493,"To add to this, intimidating or threatening a census worker could also raise the profile of what happened, and could involve the FBI. So the details of that interaction might be important.

Or it could be about something totally different and this just happens to be something unrelated close to that time.",APPRAISAL
494,Idk man weening can really ease the physical symptoms in my experience. Awesome to hear you had such great success though! ,ANECDOTE
495,"You most certainly can tell your mother that you have concerns about it being a scam. Raising the concern is the responsible thing to do both as an adult and as a dutiful adult child. 

The situation you described is highly suspect, and if you facilitate you will most likely end up personally losing $30k and facing significant consequences if you don’t have your own extra cash to cover the loss. 

What is the source of the check? Why can’t she transfer it herself? If she’s writing the check herself off an account she owns and controls, she should be able to initiate her own transfer. If it’s coming from someone else, they should be able to wire it directly. ",ADVICE
496,"No. start saving from current income.   If the market crashes 50% and your $5k turns into $2.5k two things:

1) It isn't going to make a substantial difference

2) A crash that bad is likely to make you to not want to buy a house at that point

&#x200B;

Just start saving aggressively, you should be able to save far more than $5k in just one year, assuming you have a degree in a decent field",ADVICE
497,"Nope Your ex boyfriend isn't toxic Your friendship with him is
I can't even imagine to have friendship with someone who have feelings towards me, that always leave that other person in disadvantage situation, if it come to your love life. Sorry to say but, for his own good you should stop that relationship called friendship ",ANECDOTE
498,"it sounds like she wants to be grounded by a constant person/place/relationship.

taking her offer would mean a lot to her, it sounds, but i would be very hesitant in asking for sexual favors, and even taking ones given from her. start things slow and relaxed, and see where things go. when sex is monetized for somebody, it is treated like currency-- and that can be confusing for someone outside of the sex industry (aka normal) who may be more inclined to relate sex with emotion.

also, keep your job. if her offer requires you to move, find a new job ASAP. don't be reliant on someone else's income unless you have access to their bank account.

nothing is free. remember that.",ADVICE
499,"This is messed up! Ugh what an asshole... Doesn’t he want to hang out with both you and his friends, his favorite people in the world? Together?? That sounds fantastic. He is making up some weird excuse, I’m not sure why anyone would feel the way he’s telling you that he does.",APPRAISAL
500,"Take a few Saturdays, post up somewhere with your computer and start researching the fuck out of *everything* resembling an opportunity with *anything* you have interest in. Get creative. See if there's a way to combine interests. But eventually, find one or two you like and hardcore pursue them. Whatever you have to do/sacrifice/adjust in order to do it, do it. 

At a certain point, you have to just go with what your heart says you need to do. Or not do. Right now, it's saying stop doing what you're doing. Okay, easy enough. What next? Anything. There are opportunities out there, you just have to look for them. And don't count any out because it's not glamorous enough or something. First step is getting out, then as you're doing that next thing, you're in a more fluid position to get into something you may love enough to stay at forever.

_________________________________________
I'm at a similar ""I need a change"" phase, so I have a lot of those cloudy thoughts going on. I found something I'm pursuing now, but it took being active in looking for it for the change to feel real.",ADVICE
