id,text,label
1501,"I dont have great advice, but make the same amount as you with multiple children and this is what our expenses look like if that helps.  I would recommend tracking your expenses for 2 months to see where you can trim your expenses.  My data is [here](https://imgur.com/a/PMAHoiZ) ",ADVICE
1502,"I feel like if I could be more strict and hard on myself, I could get to the point I want to be in that area within a month or two.  What bothers me even more though is my face.  I just don't feel like it's proportioned correctly, I have too many wrinkles under my eyes, I just don't have a good smile, things like that.",ANECDOTE
1503,"If your wife was diagnosed with OCD she is probably using cleaning as a coping mechanism. Which is why she might have been cleaning the closet for 10 hours on your anniversary. Something probably triggered her and she needed to do that to alleviate what was going on in her head, and also why she gets upset you don't feel it's as important because to her cleaning is what's stopping her from completely losing her shit. It's a temporary anxiety relief for her. It sounds like she is really struggling here and she definitely needs some help, untreated OCD can get really really bad. Especially if she was saying she doesn't want to exist anymore. [You should check out this website, it's really informative about people struggling in this way and how to help them and you deal with it and get help ](https://www.intrusivethoughts.org)

You could also read about recovery avoidance in people with OCD. ",ADVICE
1504,"I'm not really sure why you think it’s an outrageous fee. Surely the companion ticket alone is worth more than $195? And the MQMs/MQD waiver can be invaluable to somebody who's ordinarily just a bit short of qualifying for Medallion status. Of course the card isn’t useful for someone who doesn’t fly Delta at all, but many people find it extremely useful.",APPRAISAL
1505,"My first instinct is be a bro and tell him,

But on the other hand, neither you or your gf were there to see what happened or heard it from the roommate or dude himself. It could backfire and make your gf living situation pretty bad 
",WARNING
1506,Not it's not for you to share. It's crazy how money can bring out other sides to people!,APPRAISAL
1507,"The awkwardness is the price you pay for getting black out drunk. And I don't say that in a judgmental way, I promise. It could be way worse! Some people wake up from being black out drunk without their teeth. Or in jail. So. This isn't that bad!

Besides, as has been pointed out. You apologized, she didn't respond. Either she's changed her number, no longer has yours saved and has no idea who texted her, or she doesn't care. (l mean, I'm sure she cares in the sense that she's rather not get drunk texts from you so don't do it again. But I think she probably doesn't care in the sense that a one time drunk text from an old acquaintance isn't really her problem.)

So, move on and hope drunk you doesn't do it again! :P",ADVICE
1508,"I don't see how taking 2 mins or less to set up alerts changes or adds much inconvenience. It literally just helps you avoid the situations you describe. They just send a text or email if someone makes a purchase on your card. There are cases where your bank can lock up your account for 30-60 days for an investigation, so while they may not have happened yet, it is pretty common practice and really not worth the hassle imo. 


Setting alerts does nothing to hurt your current set up as it stays the same. It just adds extra security to it which is worth the 2 mins to set up imo. As for changing limits, I meant changing the limit you can spend in a given timeframe. Why let someone rack up 7k in 11 days when you know you won't need to be spending that amount that quickly in that timeframe? It's just another great security practice to keep your accounts safe.",ADVICE
1509,"It really depends where your work is, if you are on the south side go with Lakewood or Littleton. If north go for Arvada or Longmont.


People put a premium on living in Colorado and you will be making less overall out here but there are many reasons why I think it’s worth it.


Denver is incredibly safe just stay away from the east side past Peoria and north of 8th street. Highlands ranch is very nice, the lower highlands is also nice. ",ADVICE
1510,I like it. One less thing to worry about after things start going wrong with the house you just spent more money on that anything else in your entire life 😂 just my two cents,APPRAISAL
1511,"mow loan to your neighbors. ask neighbors if they need any help. painting, baby sitting, dog walk, car wash. $$$$$",ADVICE
1512,"It is perfectly understandable that you wanted to pass the NYE with your relatives, specially your sick grandmother. Just a very immature person would break up a relationship over this. Even his kids would understand that.",ADVICE
1513,"I just need him to stop texting me, like he doesn't know where I live and I haven't seen him in person since I stopped texting him so I don't think I need to go as far as getting the police involved at this point",ADVICE
1514,"Find something to ask her about on her Instagram. Then send her a note or whatever, ""Hey, I saw that picture of X on your Instagram. That's right near where I grew up. Did you grow up around there?"" Then once you have a conversation going for a bit, THEN ask for her number.

Don't just go ""Hey, can I have your number.""",ADVICE
1515,It sounds like you got ticketed for the speeding but not the license. The ticket should say one way or another. Don’t plead not guilty... you are guilty. You were in fact speeding and you didn’t have your license on you. Pay the fine.,ADVICE
1516,"See if they will agree to your fostering a dog as a trial period. If everything goes well, once the foster is adopted, you get your own dog. Or perhaps you end up adopting the foster yourself.",APPRAISAL
1517,"I'd love to know the ages involved. But I'd say to have a blunt discussion with the friend, apologize to her that you aren't interested in her in that way and ask her if she would allow you to date her friend.  ",ADVICE
1518,I dealt with a bed bug infestation. It is a god damn nightmare. Do whatever you have to do to not move in. ,ADVICE
1519,"If he consistently had used condoms and made you wear one, I would understand his lie. But the fact that you have had unprotected sex without this info is UNFORGIVABLE. You report him if you feel able to. If you don't feel able to, put the fear of God in him that you could have, and DUMP THAT TRASH.",ADVICE
1520,"Use your body and your brains to bring positive to the world, not more ugliness.",APPRAISAL
1521,"My advice: tell them... no doubt. Your financial situation may not be that great but you never know what they may be going through (financially)... put yourself in their shoes. If someone hit your car, wouldn't you be pretty upset if they just disappeared and left you to pay for the damages?",APPRAISAL
1522,"I hope you have better luck in the future bucko, and who knows maybe she'll message you back today or tomorrow.",EMOTIONAL_SUPPORT
1523,Thank you so much for this. I hope to become as accepting as you at some point :),EMOTIONAL_SUPPORT
1524,doctor is a last resort for her. She strongly boycotts doctors unless she cant go to work at all. I also read that ocular herpes is pretty hard to diagnose. My fear is damage may occur before she even gets a disgnosis. I dont want to put her through any more hell.,APPRAISAL
1525,"It may be a good idea to put it up for adoption.  Both of you deserve a shot at a financially secure future, and a baby at 18 will end in an instant.  Whatever you do, don't throw your future away for a kid you aren't on the hook for and a high school relationship",APPRAISAL
1526,"I would ask them to write up a letter/estimate that explains this situation. Then, you can take this complaint to VW with the garage adding their opinion.

This would be the first place to start.",ADVICE
1527,He sounds like a shady motherfucker. I know his type. You should dump him and date someone who isn't a liar.,ADVICE
1528,You’re not stupid but it’s time to stop giving this guy chances.,ADVICE
1529,Yeah or if it’ll ruin potential relationship just because he’d think I’m easy ,APPRAISAL
1530,"I filed a small claims case for my property value, court costs, and treble damages. However, Im going to tey and talk to a tenant landlord lawyer today and see what they say. I doubt she’s been served yet.",ADVICE
1531,"It wouldn’t bother me. You’re not giving her the old ring... that would be questionable. And you’re even thinking of getting something that looks different, and is better. Do you have to tell her you are trading the ring in? There’s no point in holding unto the ring. And if this is the best way to get more value out of the ring, why not? ",ADVICE
1532,"If you're 21, you're probably really close to getting a degree. Why don't you stick it out and finish? You have already spent all this time and money going to school, you might as well read the benefits of having the actual degree for your resume.

But don't do it because your girlfriend is threatening to break up with you. Do it for yourself. Break up with her because she is a manipulative person who is trying to get you to do what she wants.",ADVICE
1533,"Posts like this really make me open my eyes to how fortunate I am and how fast things can go south in this life. So many random diseases and disabilities no one's ever heard of.

Personally I would make the decision that's best and healthiest for you. Financially it might be best to be split and for her to collect disability and all of the assistance she needs. It doesn't make you a bad person. If she truly loves you, she'll understand & let you do what's best for you. Easier said than done though. 

Best of luck friend. ",EMOTIONAL_SUPPORT
1534,What do you hope to accomplish by reporting her? Are you prepared for her to go back to prison? because that's what will happen.,APPRAISAL
1535,I work in the medical field and embarrassing shit comes up from time to time. The way you deal with it is by using technical language and things like serial numbers. ,ANECDOTE
1536,"If you don't feel the need to cut them out of your life quickly, consider making new friends first.  What would you rather be doing than smoking or getting drunk?  Find meetups for whatever you want to do, and try to invite your friends along.  If they want to come, it'll be easier for you than finding a new group alone, and if they don't want to come, it's an easy way of distancing yourself.

Once you're busy with new friends, your old friends will fall away naturally.",ADVICE
1537,"Your last two sentences made me feel so much better.  Thanks.  I will take your advice and begin collecting statements from everyone.  Contesting would mean refusing to leave, continuing to pay rent, and forcing the landlord to take me to court to put me out?  If you have a minute, what does contesting entail, exactly?  I like the idea in principle because this just seems so unfair.",ADVICE
1538,"How old is this guy?

He totally chose not to pull out on purpose. He knew what he was doing. I would have broken up with him right there on the spot. Don't ever have sex with him again, and break up with him. He's a piece of shit who is trying to trap you. He's a nutter and he doesn't respect you. 

Take a pregnancy test and figure out what you're going to do before it's too late. ",ADVICE
1539,I'd open up Barclays in a second.  Move your money wherever the rates are the best assuming FDIC is in place.,ADVICE
1540,"Do you have a home loan?

If so put it all on the loan it will save you hundreds of thousands over 30yrs or so.

I put all of savings into my home loan and saved me over $265k in interest over the term of the loan and if you need the money you can always pull it out.  ",APPRAISAL
1541,"> The lease requires us to have liability insurance, but this was damage to their property. 

Precisely. The landlord is claiming that you have a liability to pay for the repair to their door. Your rental insurance will cover exactly this. ",ADVICE
1542,"Oh I completely understand. The problem is it's going to backfire on you, even though it's not your fault at all. That sort of shady practice is a huge red flag.",WARNING
1543,Nah just sounds like excuses to make you out to be the bad guy. You’re beautiful and deserve to feel like some great guys #1. Just focus on healing and moving on and don’t let this immature guy make you feel even more insecure.,APPRAISAL
1544,"yeah, as much as i shouldn't do it to myself, i'm fine to go through a lil bit of discomfort if needed. i've been advised to scream into a pillow for a bit, but so far not much in the way of results have been achieved :/",ANECDOTE
1545,You still have brows left right? My method won't look like you're wearing makeup if you do exactly what I said,APPRAISAL
1546,"When I was first dating my now wife for about 2 months, I accidentally called her my ex's name, whom I had been with for close to 2 years before her. It was just a habit, not a longing.",ANECDOTE
1547,"NONE of this is your fault young lady.

At your age, you really do not want to sign up for something like this.

You aren't ready to handle and deal with this.

Addicts of all kinds almost always relapse and they do so multiple times.

This will not be a nice straight line for him to recovery, but a very long and bumpy road and his feelings and emotions will run the gamut too during all of this.

Trying to take something like this on at your young age, with so little knowledge of the issues and situation is setting yourself up to fail and none of this is your fault.

He is going to experience a lot of ups and downs, a lot of agony and you won't be in anything close to a normal relationship with him during all of this which will most likely go on for more than a year or so.

You need to look after yourself and let his family look after and deal with him.

Good luck to you both.",ADVICE
1548,"> thinking he’s cheating to get stuck in my friends heads and have them start to not like him for no reason.

Who would put it in your friends heads here. My friends heads. ",APPRAISAL
1549,"Ahh that makes sense. It must’ve just been a miscommunication somewhere along the line, hopefully when I submit the bill to my doctors office they’ll be able to correct the payment",ANECDOTE
1550,I think something to consider is. What if your friend finds an SO and kind of disappears. It happens and would you be OK with that?,ANECDOTE
1551,"Words of wisdom:

Being angry only hurts yourself .

Remember when you get so angry your stomach hurts and you want to cry from anger - a man worth the energy wouldn’t do this in the first place.

Do something that makes you happy.
The BEST revenge is being happy.

Also for the tooth, I def recommend buying a mouth guard so you can grind if you need too and not hurt your teeth . ✨",APPRAISAL
1552,"This may not be a solution, but rather stating that it's not a problem, but I don't think that's a bad thing. So long as you can keep yourself interested in a job that pays, switch religions and passions every month. It doesn't really matter.",APPRAISAL
1553,"I took a deep big breath and finally clicked the button to drop $2000 on credit card debt.  

I was fixated on trying to save $10k in money, but I finally got over the mental hurdle and told myself I keep losing even more money because of the 10% interest on the credit card.  I'm saving 10% already in my retirement account so it isn't like I'm not saving any money.  I'll have $1500 left over for dire emergency savings.  Planning on wiping this out asap. ",ANECDOTE
1554,I was being facetious about the catatonic part. My point is the majority of people do not react to having their butt's grabbed in the way you are describing. And OP has said nothing to suggest that was her reaction. Im guessing she has zero intention of calling the police or she would have done so by now.,ANECDOTE
1555,sounds like theres more here than you know op. i hope im wrong on that part. but i feel like im only seeing part of the puzzle. and so are you. ,EMOTIONAL_SUPPORT
1556,"He knows what he did and this is entrapment.  Drop him, do what you feel you need to do about the baby situation. Get rid of him immediately. This is abuse. ",ADVICE
1557,"constantly, I find that nothing makes a lady more randy than feeling attractive. The secret to a good love life is making sure your partner feels good about themselves when you're around. This might sound cynical, and it is in some ways, but that doesn't make it any less true.",APPRAISAL
1558,He will know if I take the phone. Can I anonymously inform them? ,APPRAISAL
1559,"Tbh, guy 2. I feel like experience from prior relationships really helps and I’m personally done with dudes who have never been in a relationship. It sucks to be that girl to break a guy in into the world of relationships - bc if you guys break up, you would’ve been that girl who made him a better guy for his next girlfriend. 

Just in my experience! Guys who have never been in serious relationships before is a deal breaker for me 😪 

Both guys sound great but I guess go with your gut - the one that’s gna be there in the long run and with least chance of flight risk. ",ADVICE
1560,"So, first thing, and I hope this doesn't come off as offensive or condescending, but how old are you? How old is he?


Now regardless of age, let's just look at a few things here that do not work in your favor re: telling him how you feel.

1. He has to know, on some level, that you've got a thing for him. You said you guys had a brief flirty thing at the beginning, so presumably he's aware that you at least at one point had/have feelings for him. Has he ever reciprocated that, or acknowledged that either of you were romantically interested in each other? Did he ever address or after he and his ex got back together?


2. They *did* get back together, with him knowing that she had slept around and wanted to see and be with other people, on top of all the verbal abuse stuff. You said he's called you crying from the things she's said/done to him. So he knows its not right that she treating him this way. But he stays. Which leads me to....


3. You say she ""seduces him into staying"" whenever he wants to leave. I'm sorry to say this, but he is not an innocent lamb that can't control where his dick goes. He is old enough to have sex and a relationship with a woman, and he has free will, too. Please remember that. 


4. He is not close to you. You know each other from a distance. I don't think its impossible for a guy (or girl) to leave an abusive and shitty S.O., especially for someone better who will presumably treat them better, but I don't see this guy doing that. Especially since he's had every opportunity to do so. And even if he did leave her to have a LDR with *you,* if I were in that relationship, knowing how kinda spineless he had been toward her ""seductive advances"" before, I don't think I'd ever be able to not think about what would happen if they bumped into each other, especially since you guys aren't physically close to each other. 


So basically, my own personal reading/opinion on the situation is that you recommend he leaves her, but cut him out if he can't do that. I'm not saying its his fault for being with a cruel person, but the needless pain that this is causing you is NOT doing you any favors. ",ADVICE
1561,"Get a VW TDi that was involved in the diesel recall. They are in abundance making supply high, the gas mileage is incredible and they are below market value in terms of mileage to resale value. ",ADVICE
1562,"Do you initiate the conversations afterwards? It might be that you're making her uncomfortable, let her be alone and if she comes to you to start a conversation, it could be a good sign but just don't overthink it. Never let a girl know you like them up front, give them hints if you think they're giving you hints.",APPRAISAL
1563,"The more charitable interpretation is that the guy actually loved the woman, and he liked being reminded of her. Some people will call this ""emotional cheating"", but is it really cheating to have loved someone else?",APPRAISAL
1564,"Despite the $40000 difference it's actually more like $30000 when you calculate the added cost in gas for those 4 hours. I get the big question is the $80000 enough to cover your costs?

The one other thing you could do is move so you get the $120000 and not have to drive 4 hours a day. ",WARNING
1565,"He\`s a fool. He prefers watching it on videos and play with himself than you (real thing), not surprised though. I wish i could say advise him to stop masturbation but it looks like he might choose it than you. Goodluck girl",ADVICE
1566,"shouldn't the first plumber be liable if it's on the landlord's grounds? you are responsible for after the meter (tho even that might be wrong), he is responsible for between the street and your meter",APPRAISAL
1567,"Thanks for the reply! I wasn't up for asking this question out loud, in person with someone else.",APPRAISAL
1568,well all my friends tend to look at my history whenever they're on my computer or phone,APPRAISAL
1569,If I'm being honest. You aren't going to get many answers here that coincide with your beliefs. I'd go to confession.,ADVICE
1570,"I've asked her to take me out of the will and leave everything to her sister, but the b***** is a notorious procrastinator and I don't believe she ever started the process.
In your last paragrapg you mentioned writing to the owners. What should I say to them? This awful woman ruined my life and made it virtually impossible to have normal relationships. I don't want her to cause me more pain from beyond the grave.



",ADVICE
1571,"Google, never talk to cops. The first video is of a lawyer detailing why the INNOCENT and the guilty should never speak to them period. 


The 5th keeps you protected assuming innocence so unless required say nothing. ",ADVICE
1572,"You are too young to risk family ties for a boy.

Your bf's sister is understandably overwhelmed, but him having you there as usual (not ""all in"") vs. you leaving at a lifechanging moment - that isn't her call to make. He's lucky to have you regardless. 

I know it's not the same, but my(24f) previous relationship ended because she had a time limit on when I had to come out to my parents. My parents who have disowned 2 of my aunts for the same reason. 
When I told my family  it was on my terms. It took two years before they spoke to me. I was paying my own housing/stealing everything I ate, had a scholarship for college.
My point is, you don't have to turn your life upside down until you're in a place where you can deal with the worst case consequences.

Wishing him a speedy recovery  ❤ best of luck",ADVICE
1573,You're welcome. Stay strong. Life will get better. ,EMOTIONAL_SUPPORT
1574,"No, its not normal. Its creepy. 

Your daughter should be as free as possible from old baggage. Naming your daughter after his ex takes your daughter to grow into her own person. Allways knowing, that her father wants her to be like another woman as her mother. eeech ...

&#x200B;",APPRAISAL
1575,Were you promised a bonus? A specific dollar amount?,APPRAISAL
1576,"> Christians 

I'm a Christian and I'd agree with most of what's written here in terms of handling him: run.  No, he doesn't and this seems really toxic.",APPRAISAL
1577,">My parents treated marriage like some trivial thing, my mother went on have failed marriage after failed marriage, and I refuse to be that person without trying my best to fix this. Is that so wrong?

I know this is from 5 days ago but has it ever occurred to you that you and your mom shared something in common - the inability to pick healthy partners? You both just handle it different ways - her by running away and then finding the exact same guy. And you forcing yourself to stay because you clearly have low self esteem.

Regardless if you stay with your wife or not, you should seek therapy.",ADVICE
1578,"I also read the reviews like I’m sure you are. Nerdwallet posted that the Discover savings is it’s #1 pick for 2018. 

I had to call Discover to set up my account because I was having physical address issues and the rep had to start my application twice (and was on the phone with me for a good 30+ minutes). The rep was so nice and human that it really cemented my choice. ",ADVICE
1579,"don't think i was clear my apologies; he doesn't live here, and she doesn't own the house, my aunt does. 

thank you though, i'll take this into consideration.",ADVICE
1580,Never dip your pen in the company ink. Nothing good ever comes out of it,ADVICE
1581,"No human being doesn't want to receive love, deep down. She just may be blocking it out because of pain in her past. Just something to consider. And yeah you're welcome man.",ADVICE
1582,Shes charged with possession of scheduled D drugs. It does face the possibility of jail time but most likely will get community service and have a fine. She just doesn’t want anything on her record since she is only 18 and this is her first offense. ,WARNING
1583,"I would have to say that i agree with /u/encompassinglucidity to a point. I think she definitely has some emotional needs that are not being met by her lifestyle.  you have to imagine how strong those needs are for her to offer this and she is in a rough place emotionally.  If i was in your position, I would be willing to move in, but i would continue working and even pay rent. I would not be moving in to take advantage of the availability of money but to give her support and to be there with her. I absolutely would not have sex. 

I think an important thing you need to do is sit her down and talk with her about what exactly she wants out of it.  It sounds like she is looking for a stable intimate relationship and is using moving in and money to get it for herself.  if thats something you want then sure but it should be done slowly. She could also probably benefit from a visit to a therapist to also help her deal with the emotional issues that her difficult work may be causing.

Keep us updated, i would like to hear how everything goes/what happens.",ADVICE
1584,"My advice to you is leave her ASAP!
Don’t tell her why, no explanation no reasoning and go full no contact with her.

Then you do your best to move on and realize you dodged a huge bullet in the form of a dishonest disloyal pos. 

Focus on yourself now and making yourself a better person.

Good luck and I’m sorry this happened to you but this person is garbage and doesn’t deserve you...",ADVICE
1585,"It's not fuckin easy at all.

I agree that if they cheated in the past, you should be aware and not even date them, in my opinion. But how can you know that unless they tell you?
",ADVICE
1586,"I flew last year at 150kg. I'm around 163cms. It was harrrddd. Look for airlines that have bigger seats. You can do this on seat guru. Aim for ones that have 19inch width. Singapore Airlines is one. Also if you can afford it go premium economy. You will need the leg room. Your butt takes up more room so even though you aren't really tall it's an issue. I agree on a aisle seat. Also get compression stocking or socks. Get up and walk the aisle as much as you can.

It was flying that prompted me to lose 1/2 my body weight last year ",ADVICE
1587,Any way you could increase your income? ,WARNING
1588,I should probably get tested for STDs to make sure I already don’t have the plague. ,ADVICE
1589,"You have to make sure that his plans for birthday involves you. Otherwise, you'd be sitting with a broken heart, and that wouldn't be his fault at all.

I think you should go and tell him that you have some plans for his birthday, and explain what you are going to do without giving much information. In other words, you have to make him sure that he's in good hands for his birthday. Yet, anything can happen. Make sure that $200 won't put you in a bad situation financially. ",ADVICE
1590,"question for everyone here, not sure where to ask.

My company does a 401k match but does it all a lump sum payment into your 401k annually on a single date in January. Also, most of it is given out as company stock.

Is this normal? Many people complained when this was first implemented because the stock price could be really high when it was bought and then really low when it finally is transferred into our accounts, netting us less money.",ADVICE
1591,"I vote yes.  What have you got to lose by going?  And if you go you won't be able to look back on the lost opportunity with regret.

In a world where jobs in general are growing slimmer by virtue of mechanization, and the number of people with degrees is at an all time high, more and more jobs are requiring proof of an extended education even for jobs that have in the past not required them.  While having a degree may not guarantee you a job, obtaining a job will more and more depend on the seemingly arbitrary piece of paper.  You are in a job you like now, but you can't predict the future and this job may disappear unexpectedly.

It's about preparedness more than anything.",ADVICE
1592,It's really hard to help you figure out what you're worth without knowing what industry you're in / what type of role you hold. ,APPRAISAL
1593,File a wage claim. Unpaid wages are first in line when creditors are paid.,ADVICE
1594,It was okay. We had an issue with one of his co-workers that he didn't have great boundaries with...,APPRAISAL
1595,"I think something to consider very, very carefully is how you wrote:

>in losing my mind. 

No one has ever been ""cheated on"" even though some people have been adulterous, unfaithful, or deceitful.

I don't know if you are following this but what I am suggesting is that the other person may have been unfaithful or a liar, but that means nothing in relation to you.

To say that you were ""cheated on"" is to imply that you were somehow involved in the act of cheating, that you did something wrong, or that you somehow deserved what happened. A major mistake that many people make is that they assume that they were somehow ""not good enough"" because they were ""cheated on"". 

Actually, it was the other person who was not good enough to be faithful. Literally. Remember this.

Therefore, if you want to feel better about yourself, then it may be of some use to get that idea that you were ""cheated on"" out of your mind because you were never ""cheated on"", you only *think* or *imagine* that you were. What actually happened, was that the person who you were dating was a person who was unethical, deceitful, and a bad romantic partner. That is their problem, not yours.",ADVICE
1596,"Hey, look--he asked \*you\* out. Out of all the women he could have chosen, he chose \*you\*. The hard part is over--you know he wants to go out with you. Just be yourself! You got this! Let the conversation go naturally--ask him about himself and then talk about things you have in common. As far as the sex goes--again, do NOT put pressure on yourself. You may not even go that far yet. Let things happen naturally. And don't worry about your boobs, girl--everyone who has boobies know they sag a bit. I guarantee he won't care. As the beautiful Halle Berry said, 'It's called gravity.'

&#x200B;

Okay, you got this! You got this!! Go out and the best time of your life! He \*wants\* to go out with you because he likes you--remember that and GOOD LUCK!! :)

&#x200B;",ADVICE
1597,There is hardly anything here reprimand-able. There is zero chance this person will get fired. Zero. Doing what you suggest will only have one outcome: OP being the one with zero chance at this company. ,APPRAISAL
1598, What will her landlord be able to do?,APPRAISAL
1599,"Did the officer have a body cam? If so, the footage may corroborate your testimony.",APPRAISAL
1600,"All the people who've said ""kindness and humour"" are spot on. Also, very minimal aftershave... women don't say anything, but we all loathe men who are more strongly perfumed than we are!!! ;-b",APPRAISAL
1601,"Just relax and have fun

You are putting too much pressure on you and her",APPRAISAL
1602,"Definitely work on contributing to the TSP. Are you BRS or legacy? It sounds like you're a little confused about some investment options and terminology. For example, you can't choose between a mutual fund and the TSP because those are different types of things. The TSP, 401ks, IRAs, and taxable brokerage accounts are types of accounts. Inside of those accounts, you can choose various types of investments, such as stocks, bonds, mutual funds, index funds (a type of mutual fund), etc. The TSP only offers a limited number of index funds, but they cover everything most investors will need. What is your Roth IRA currently invested in? Does your wife have an IRA as well?

What are your long term goals? It sounds like you're hoping for 20 years in the military. Will you fully retire after that? 

What's the long term plan on the house? Will you be PCSing?

What's the interest rate on the car loans?

Can you get a discount by pre-paying the braces? 

Have you looked at some of the new discounts cell phone providers are offering military members?

If you're interested in learning more about investing, you can attend the classes available on base at the Personal Financial Management Program (most services) or Financial Readiness Program (Army). If their class schedule doesn't work for you, Military One Source also offers one-on-one financial education with flexible options. If you're Coast Guard, you can access similar offerings through CG SUPRT. r/MilitaryFinance is a good resource as well. ",ADVICE
1603,"Encourage her to go to therapy. 

You made a baby, the time to decide you don't want a baby is before you get someone pregnant. 

You should prepare to have a child and pay child support. ",ADVICE
1604,You should never ask a friend for money unless you do it in person. You should also be aware that your friend might take offense to the request. Have you tried other ways to get the money you need? Are you working? Have you applied for grants or scholarships? These are all questions that may come up after you ask. Prepare yourself to hear what you don't want to hear. ,ADVICE
1605,"Okay, so say you're somehow right and, in OP's husband specifically, those disorders come together and create a likelihood that he'll rape her. Should she then continue to put her safety at huge risk by staying with him? Because regardless of the reason why, he raped her. It truly doesn't matter here because one way or the other, OP is not safe.",WARNING
1606,"Horrible husband, he never should’ve got into another relationship if he wasn’t over that lady, I’m sorry you are going through this, specially being pregnant where it’s all about you and your baby, your health and mental health  as well. I think you should try to get therapy because he really needs it and so do you because of what you’re going through, I hope everything goes well for you!",ADVICE
1607,"How's the job hunt coming? You might be less than a month away from having enough money to move out, even if it's renting a room in a house. ",APPRAISAL
1608,"An extra day of not treating a serious spine injury? I’m not a doctor or lawyer, but surely that has the potential to do further damage to the OP’s spine.
Also, OP explicitly mentioned that their bowel issues were exacerbated by an incorrect treatment. That’s damage.",APPRAISAL
1609,Yes but that was because the girl chose to remedy the situation with hair extensions instead of a haircut like OP wants.,APPRAISAL
1610,It does. Got the tip from my Obgyn. ,APPRAISAL
1611,"You can open now for 2018.

I sort of split the difference. I don't want to pull 11k at once since it drops my liquidity a bit too much for my comfort so I do alternating 2k each month until I hit the cap for me and my wife. It would be great if on Jan 1 of each year I could drop 11k at once but I don't have that kind of ""spare"" cash yet.",ANECDOTE
1612,"My nana actually went through the same thing, except she had found out that her sister was really her mother... But my nana told her youngest sibling because that's what she believed was right. I had a dark secret in my family about an abortion my mother went through with both my sister and I's older sibling. I found out about it and my sister did not know. I told her, and it has only made us closer. ",ANECDOTE
1613,How were you happy if you were in a depression??? You mean you thought he was happy to be supporting you. I have to agree it does seem very one sided,APPRAISAL
1614,"It is not letting them walk over you, it is just the reality. You can move your checking account but it is not going to send any message really and they won't care.

Good luck moving your mortgage account if you opened it a few years ago since we will not see those low rates for a long time. No one should ever refinance to a higher rate just as a protest, that's just an idiotic move.",EMOTIONAL_SUPPORT
1615,"Wow, I didn't know about the spousal IRA. I'd always seen requirements saying IRA contributions couldn't be more than 100% of your income, and didn't know a spouse's income could count. Thanks for setting the record straight so OP could have the correct information.",APPRAISAL
1616,"Attempting to find compromise for your unique situation..
Can you do a peanut butter cupcake tower? Or have peanut butter sandwich art on your cake? 

Your not in the wrong. He’s the weirdo. But he’s about to legally become YOUR weirdo, regardless of what cake option you use. If there’s something you can do to keep your weirdo happy but still have the “normal” dessert, I would try to do that. 

If he’s completely unwilling to compromise in any way regarding the dessert, then maybe it isn’t about the dessert at all. Maybe it’s just a weird flex to re assert himself or feel listened to. ",ADVICE
1617,"If you take him back, what he did is gonna be in the back of your mind and when he does it again, your gonna go a little more numb ",ADVICE
1618,"Just change it to 1% going forward.  I mean....1% is nothing.  What's the problem with more going towards retirement?  I'm currently having 20% taken for my 401k, so it's not unheard of.",APPRAISAL
1619,"Wow. Good for you, thats incredibly good money for a 20 year old.  Can I ask what major you did? UCB perhaps? Did you graduate at the top of your class? Im just asking because its amazing that a 20 year old is making that much at such a young age! Is this very common in your field or are you an outlier because of your high level of skill/education?",APPRAISAL
1620,"Thank you! Definitely willing to spend money, do you think google would be a good domain host?",APPRAISAL
1621,"What you're doing to prevent arguments is great, I wish my parents would do the same thing. I'd be careful telling her that she's being a negative nancy though, depending on her mood that might just make things worse. The main thing is to not fuss over little stuff, don't call her names, and try not to raise your voice.",ADVICE
1622,"The move over law for which you were cited is designed to prevent divers from smoking emergency personnel who are working on the side of the road. Every year, first responders are hit and killed by passing motorists. 

You have the wrong attitude. You’re saying you don’t deserve the ticket because others get away with it and because you didn’t know about the law. 

Firstly, if one cop has someone pulled over and people on the road aren’t moving over as required, there’s not much that cop can do, as he or she is preoccupied. However, in your scenario, there was obviously a cop who saw what you did and decided that was more important than whatever he or she was already doing. 

Secondly, as a licensed driver, it is your responsibility to know all applicable driving laws. 

Life isn’t fair. You were one of the unlucky ones who got caught. If you go to court with your current attitude, you will surely pay the whole fine. However, if you go to court taking responsibility and apologizing for your mistake, you might see a reduction in your fine and/or some other options to help put this passed you. ",ADVICE
1623,"Knowing who my market is isn't the problem, being able to identify people inside those corporations and agreeing to talk to me is a radically different problem.

I guess my problem is more one of lead development",ADVICE
1624,"I bought my car with four primary things in mind:

1) Could I see myself driving (and enjoy driving) the car?

2) Was the car reliable?

3) Was the cost of ownership around average?

4) Did it have good resale value at the 5 year mark?

I did not go for the cheapest car, but when I sell my car around the 5 year range, it should get roughly 50% value. That essentially halves my monthly payments, and I get to drive a car I really love.

So, whereas I agree people shouldn't buy ostentatious cars for the sake of it, you should also consider the net-cost of the car, and your enjoyment of it.

",ADVICE
1625,"I lost hiring options at large companies because if this. It was required on the online application, and they ruled you out or based your offer on what you put. ",APPRAISAL
1626,"Why not stay where you are for now, boost your savings, then transfer in a year or so from now?",APPRAISAL
1627,"If I were her friend I'd definitely push to abort, but it may be too late",APPRAISAL
1628,"My job is like that too, but it pays well so I have no plans of changing jobs. Do you use a computer? If you do, there are plenty of things to do online to avoid boredom. Take a course, learn a language, browse reddit, read books online, the world is yours. If you don't use a computer, I'd take a book or something similar to work. They can't complain, since you're not procrastinating any work.",ADVICE
1629,"Just based off of the gagging it sounds like a possible ed, ARFID, a selective eating disorder. It depends though, Does he only a small variety of things? As in does he only seem to eat hot dogs, hamburgers, and chicken nuggets? I suggest looking into it.",ADVICE
1630,"I can't explain much, but as to why they cannot close, it's entirely because of the VA loan.  

When I purchased my house, there were a few small problems with it, outdoor electrical socket didnt close, hint of mold in basement.  VA would not let the loan go through unless those problems were addressed.   

This makes sense if you think of a VA loan as a way for someone to get started in home ownership.  The VA is essentially ensuring that the house is in good working order, with no major expenses needed that a young borrower (with little to no credit) won't default on the loan because they had to get a new furnace 2 months after moving in, and now can't make a payment.",ADVICE
1631,Why doesn’t she take her medication? Does it give her side effects?,APPRAISAL
1632,"My apologies for the late reply, I wouldn't call it *meditating*, but I have tried clearing my mind and I'm not good at it. I get antsy (like impending doom). ",ADVICE
1633,"Is this the bests franchise to get into, if it's a cheap deal see if you can actually turn a profit! If not I suggest saving up and buying something like a mc Donald's or chick Fil-a although these are pricey franchises they are proven to make a huge profit and will probably be a better long term investment",ADVICE
1634,"That whole story is so fucked. Don't know what I would've done in his shoes, but that's really messed up of her to do. The worst part is that all her friends and family *knew* she named the kid after the ex, but for 5 years, nobody bothered to tell him. I would be humiliated. ",APPRAISAL
1635,"That's correct, as long as the time horizon on that cash matches the investment. Market corrections can take years to recover. You need enough liquidity to wait out a correction.",APPRAISAL
1636,"Since it's clear that English is not your first language, I've rewritten your post for clarity.  You can copy this into your original post using the edit button.   You can correct any misinterpretations I may have made.  

------------

I was interested in a girl for a few years.  Initially she rejected me, but did give me a chance to be in a relationship on two occasions.  I say two occasions because she left me once to be with someone else, but that ended badly for her.  

I'm a business owner.  When I first opened my business we started talking, but with all the expenses and uncertainty of a new endeavor, she did not express any interest in me and stopped talking to me.  Once the business became profitable and stable, she came to me and said she felt guilty for how she behaved.  

I gave her a chance and we started dating.  We are now engaged and will be married in a few months.  

Throughout the relationship, she has tried to show me that she is not after my money by paying for things for me, not asking me for gifts, and not acting materialistic.  We have also been through a lot together.  However, once when we had an argument she asked me how much shopping money she would get once we were married.  This concerned me but appeared to be an isolated incident.  

The problem is her past.  

She has been engaged twice before me, and each time she blamed the failure solely on the man she was engaged to.  The timing of her talking to me also raises doubts as to whether she loves me for me or for my money, because she stopped talking to me when my businesses was starting and my prospects were uncertain but came back after that uncertainty was resolved.  She has assured me she isn't a gold digger and this is not the case, but I'm not sure.  I tried testing her on this and she has passed all these tests.

Can I get some insights from the Reddit community?  
",ANECDOTE
1637,"depends on how you read the initial post.. my comment was that agents can help, not that they can directly change the Lexis report.  The poster just said their agent wouldn't help (which is vague) but they can HELP you.",ADVICE
1638," It's easy to be in love with an idea and Nathan sounds like an idea of a perfect partner. You get to talk with him when you want to and when he wants to and you don't have to really see each other's darker, moodier, immature sides. Once you're in love with someone and spending days, weeks, months and years together-in the same house, you realize that they're not perfect at all. Then the trick is figuring out how or whether to accept those things you DON'T like... Right now, you get to like everything about him because you only see very little of him. And you're right, this makes it seem like he's 'the one' and since there's no way you can actually find out by dating him, he represents perfection. You could tell him how you feel and see what he says. If he rejects you, you may find that after that initial pain, you don't see him as quite so perfect anymore and it might be easier in the long run to let it go. Or maybe he won't reject you and you'll find yourselves talking about how you can potentially actually see each other. Either way, the relationship you currently have would change with the involvement of both of you. If you make the decision to cut things off without saying anything, it's likely you'll continue to think of him as kind of perfect for a while- unrequited love is the standard of perfection and many people carry a torch for someone for years and years- mostly, in my opinion, because they didn't have to actually deal with the person in a relationship. You don't sound irrational at all to me btw and I don't think it's selfish to want to take care of yourself and focus on people you can actually get to know and potentially date.",WARNING
1639,I don't understand why you would message her and apologize for something that did not happen. This alone could potentially fuck you over if you get involved with the law.,ADVICE
1640,"I would've done the same as you. I'm sorry she was needy in that moment, hopefully she realizes how selfish that was and you have recovered! ",EMOTIONAL_SUPPORT
1641,"Is whether or not she's out to her parents the reason you don't want to do LDR? Or is it just not something you want in your life at this time?

It's okay if LDR isn't something you want, it's not for everyone or all relationships. Just make sure you're not trying to find reasons to justify wanting to take a step back.",ADVICE
1642,Why are you being this guys back up? He chose her and ghosted you. He made his choice and is coming crawling back to you because his girl has left him and you're his back up plan. Respect yourself you deserve way better. ,APPRAISAL
1643,Sorry to break your heart buddy but it’s way more than alcohol if she’s done with a two year relationship. It’s been on her mind for a while and you never noticed. You being retardedly drunk was just her excuse for pulling the trigger.,APPRAISAL
1644,"It's completely unnecessary to do something this convoluted to get a good credit score. Simply open a couple of credit cards and use one of them like a debit card while sticking the other in the sock drawer, wait 3 years without missing payments (I personally like autopay), and you'll see yourself above 770. You may already have started down this path.

There is ZERO need to buy cars on credit for credit reasons.",ANECDOTE
1645,"The moment you declare someone your girlfriend, her problems become your problems.

",APPRAISAL
1646,I guess I maybe should have included that we’ve been dating for four years now. She’s really ready for sex but I can’t take the idea of getting her pregnant ,APPRAISAL
1647,">I think it's a little unethical to charge us for their mistake

On what grounds? Finders keepers?

They discovered they haven't been charging you for the gas you've used. They have a legal and ethical right to correct their billing mistake within the statute of limitations.

It's not like they under-charged you on purpose so that they could deliberately surprise you with a bill later. It's also not like they're insisting on a lump sum payment.",ANECDOTE
1648,Being a doctor at an abortion clinic is dangerous.  People get killed for that sadly,WARNING
1649,">  you're the one  who wanted the inspection you're the one obligated to pay. Did you think you only had to pay if it turned out the car was in great shape? 

Of course not. I had every intention to pay regardless of the results. However because this dealer was shady and misrepresented the vehicle they have wasted their time, my time, and seemingly my money. I was just curious if I could turn their shady tactics around on them. ",ADVICE
1650,I think that you show that you're trying to learn and you're someone that is willing to learn it is something that wouldn't hurt you. Having the quality that you're willing to learn something new and as quickly and proficiently as possible is a quality employers like and it shows initiative. Might not get you the job but it might make you stick out also and put you in the good pile,ANECDOTE
1651,its ok. we are just trying to figure out where to start. for now we are just saving money. we might be able to open a business if we can sell some land in my home country. and no need for you to be sorry. Reality is harsh.,APPRAISAL
1652,"That may not help your case. Orthodox Jews don't always consider the un-orthodox as Jewish. Or if they do, it's not as a 'real' Jew. 

If you took out the 'orthodox' and made a different Jew related pun I think it would fly, but unless you have a business partner who is orthodox, you might get quite the backlash. 

Source: Un-orthodox Jew working in primarily Orthodox neighborhood. No they do not treat me as one of their own. ",ADVICE
1653,"He might actually have really bad problems in his life and trying to fight these problem and just doesn't have enough time for fun. I'm saying this because he said "" he'll be in touch "" if he wanted to get out of your life I don't think he would've said that",APPRAISAL
1654,You need to think long and hard about this.  You are no longer going to be as important to your gf as she is to you.  ,ADVICE
1655,"Then I would recommend starting a regular exercise regimen of brisk walking or running. Studies are showing that regular strenuous exercise like cardio is very helpful in improving your sense of well being and effectively treating depression. Again, it promotes the brain chemicals that help you feel better while the exercise promotes a healthy body and your confidence. It really does work.  ",ADVICE
1656,I wouldn't call it patronising. It sounds like she was responding to something you said. ,ADVICE
1657,"No, you are not being irrational. It's completely normal to be upset about him falling for someone else. 

That being said, I'm sure if he's done it once, he'll do it again. If you really feel it's a good relationship and want to remain in it, I would say yes stay. However, DO NOT stay with him if you are staying because of his depression. That is doing you and also him an injustice. ",ADVICE
1658,"Sounds like he's jealous that you fell into something so enjoyable. Probably he doesn't like his job and thinks it's unfair.

An account about a hamster seems honestly laughable, but I'm happy for the ride you're on while it lasts :). I think your boyfriend isn't facing his real issues. He sounds at least mildly depressed, especially if he's isolating himself and ignoring his hobbies.",ANECDOTE
1659,If the talk doesn't go well today then I will have my mom call(she knows more information than I do and I'm not the best at explaining).,ADVICE
1660,I always have the feeling that I'll be beaten up and robbed again. I feel i powerless,ANECDOTE
1661,At that age she should be able to make her own choices in who she dates but unfortunately she’s probably financially controlled by her parents it sucks but u dodged a bullet with that if she wants it to be a secret I wouldn’t even do that that’s basically a slap in your face ,APPRAISAL
1662,Do you want to be in a relationship that has you resenting(hating) a child? All of you will suffer then.,APPRAISAL
1663,"Obviously you prioritize rent and any other basic living costs over acting classes. You need to sit down and make a ""needs"" and ""wants"" list and write yourself out a proper budget that includes all of your costs - rent, utilities, food, toiletries, other spending, etc. as well as things that you'd like. And see what you can actually afford. And if you want to be able to afford the acting classes, look at where you can cut costs from your expenses.",ADVICE
1664,"Get married, that makes about half of the people who try it not to want to be in a relationship.",ADVICE
1665,"Stop texting her and apologising. You haven’t done anything wrong here and you’re beating yourself up over something that I guarantee she isn’t. If the friendship is strong enough, it’ll work itself out. If it’s not, you lose a fake friend. ",ADVICE
1666,"Truthfully, we haven't really spoken to each other since the break up. Whether it's out of respect, or for the sake of moving on, but I never felt like there was animosity. I was just thinking I would just mostly warn him of the kind of person she is. If she still chooses to get involved in any way with her, that's on him. ",ADVICE
1667,Okay. So I confess. She comes out and talks about it. How do I know this will be the last time. What are some steps so I don't have to snoop again or feel insecure. ,APPRAISAL
1668,"Break up with her, I've been the other guy and he's going to get nudes soon and will fuck her soon, it is how it starts. Just remember how her personality is and if you meet someone with the same personality then you can use your experience with her to know how it will end. Relationships are all learning experiences and this one is a tough one. ",ADVICE
1669,"Too soon.  Abstain and find out first.   I am thinking is way too soon - not even four weeks, unless she was already pregnant and wanted to pin it to you or she was looking to get pregnant.

Good luck.",EMOTIONAL_SUPPORT
1670,"Nope. I created this blog, and when it started getting almost double the traffic than the college website, they asked me to integrate it in the college website. 
This was a blog of the students, for the students, by the students, but for whatever reason now, they want to make it by the college and shut me out completely.",APPRAISAL
1671,"I usually say ""what's the rush"" when people are worried about not being married soon, but you're both in your late 20s, together 2.5 years, moved states together....in this case, I'd ask ""what is he waiting for?""  I'd be similarly dumbfounded if I were in your scenario and my girlfriend said she hadn't even thought about it. I'd think, ""What is it that you think we're doing?"" I don't know what you should do about it, but this lack of even thinking about the long-term on his part is a red flag to me. Is he hoping something better comes along?",ADVICE
1672,"Good luck...

Few tips...

Everything you say has to be done to a T for awhile, the moment you say something your gonna do, you have to do it. - it will put value in your word again

Try to do more when not asked but don’t go too over board nobody likes a kiss ass

Delete social media for awhile that cut a huge reason to not trust u

If you want to build trust then have to do things that tend to another’s self interest and/or gain

But uhhh if ur not trusted your gonna b doing the under the radar so that’s a bit of pressure n can drive some ppl insane but it’s all about how bad u want to regain his trust n hopefully not for any malicious reasons",ADVICE
1673,You can write and sell ebook fiction or non-fiction on Amazon KDP. and Google Play,APPRAISAL
1674,"Having read your other comments on this I see that he is  secret from your parents and your parents would be angry to hear you’ve had sex. I guess this changes my opinion, because your culture is so different from mine that I can’t really have a helpful opinion on it. All I can say is best wishes with it all. ",ANECDOTE
1675,"Nothing. You're good-looking and doing well, you are already winning. Move on.

If you HAVE to say something, say ""you look..... *look her up and down with a disgusted look* different"". 

Will get the message across without being too cruel. It's really not nice to comment on someones weight.",ADVICE
1676,"If it were me, I’d be reaching out to the ex (especially if *she’s* the one who split with *him*) and ask her to talk some sense into him. This could also backfire so I’d only do it if I was certain the girl was way over him. ",ADVICE
1677,"Sorry this happened to you. I feel compelled to note the following, though. 

I’ve had completely opposite experiences with BaM. Had my card skimmed more times than I can count. I lost count because it was such a trivial process. They call me or, in the rare event they don’t flag the fraudulent charge, I call in and say “I didn’t buy this.” Within days I have a new card and all charges removed. Like it’s that insignificant of a problem since BaM handles it so well. Sure updating CCN is annoying but those are the risks we take on by using credit. 

I’m not a pro- BaM guy or anything. I just see a lot of people here shit on big banks and advocate credit unions. I don’t know anything about credit unions, but I’ve had BaM for 10+ years and not once have I had a single issue with their banking services. ",ADVICE
1678,I'm saying this as a late 20s single man with a 10 year old reliable but not fancy mazda 3. Consider if you would feel comfortable picking up a date in you economy car. I know it's not a popular opinion on this sub but women like nice cars even if they say it's not important to them.,ADVICE
1679,Perhaps you can speak to your landlord. I would call him first and explain the situation and see if he will work with you on a late payment. Worth a try in my opinion. ,ADVICE
1680,"Really depends on your liquid assets, lifestyle, and other financial obligations. 

Example, if you don't own a car and bike everywhere you can obviously afford more house than if you owned three new cars \[you are paying up the ass to insure them all...\] and drove 40 miles one way to work.

Someone without the additional expense of kids can afford more house than someone who has 5 kids. 

Rules of thumb don't apply to everyone, obviously.",APPRAISAL
1681,"I have to agree with a lot of other people in this thread.

You're 18 and the child isn't yours. Why is abortion out? Her choice? That's frankly just irresponsible. She and you have no idea what kind of mental illness her assaulter has, or other potentially inheritable problems could passed on to the kid.

Here's personally what I would do (24, M, graduating next semester) since the above isn't an option.

I would tell my partner that if abortion really isn't an option for her that I would be seeing someone else. If she ever needed a place to stay, support from a friend (but not financial), I'd be there. However, I would never agree to take on the consequences of someone else's assault.

Just no. Especially when there is a solution offered by modern medicine (abortion).

Just offer to be there in whatever capacity you can be as a friend but this is her choice now. Not yours.

Small edit: be wary of women trying to tie you legally into financial support. It's the worst most malicious way to take advantage of someone. Not to say she would, just be wary. This is a very traumatizing thing for her. Worst case scenario I can imagine is that she is trying to get you to agree to guardianship then boom, you're liable and she gets money every month for 18 years. If the possibility of that is taken away and she is faced with supporting the child without you, just watch and see if she changes her mind.

Second edit: saw adoption further on down. That! Why not that!?",ADVICE
1682,"Don't tell her mate, she will love the surprise.

Is there anywhere nice around where you live?

In terms of music, something she likes that you can slow dance to would be awesome.

Food could be something prepared early and kept hot.
You could go there early and setup a table and chairs, get yourself a portable speaker.

Perhaps ask a friend to go and set everything up if you can't do it.

Just tell her you have something planned, that she needs to wear something nice but don't tell her anything more.

What sort of food do the 2 of you like?",WARNING
1683,My grandmother died this morning. We found out she had cancer a month ago and we put her in hospice last week because the doctor said chemo wouldn't be particularly helpful.  I'm sorry that you are going through this.  I hated seeing her on what was essentially her deathbed and you aren't wrong for having those feelings.  It's painful to see someone we love suffer.,EMOTIONAL_SUPPORT
1684,"You need to know how the account was established and titled. If it was in both your names, then you don't have a lot of recourse. If it really was a custodial account established under Missouri's Uniform Transfer to Minors Act (UTMA), then it was an irrevocable transfer and he had the legal obligation to use the money for your benefit, so get yourself a lawyer to write him a demand letter, and then follow that lawyer's advice if he doesn't cough up the money.",ADVICE
1685,"The other answers kind of covered your question.  To be 100% sure, you need to ask the plan provider if this is an ""HSA-qualified"" plan.  Based on the info you provide, I'd say it's 99% likely to be HSA-qualified.

Other than employer-matched retirement plan contributions, HSA contributions are the best long-term savings vehicle available, so yes, you should contribute if you're eligible.  If your employer's payroll allows for it, you really want HSA contributions to occur via payroll deduction to ensure you get the full triple-tax deductibility (federal, state (if applicable), and FICA).  If you fund your own account out of pocket, you won't benefit from the FICA-deduction.

[This article](https://www.onefpa.org/journal/Pages/JAN16-Could-a-Health-Savings-Account-Be-Better-than-an-Employer-Matched-401(k).aspx) covers very well the numerous advantages of HSA usage.

&#x200B;",ADVICE
1686,Not if it's expensive and you have a high deductible.,APPRAISAL
1687,"Yup, similar to how you want people to use PC language you prefer.   This is relationship advice.",APPRAISAL
1688,Do they own the home they’re in? Will they eventually qualify for social security / Medicare? Have you confirmed  they have nothing saved? ,APPRAISAL
1689,"This happened to me. I stayed like a friend and emotional support for those 9 months....it was horrible. She decided to keep it and I almost jumped into being a father but I couldn’t, It was not my responsibility and the father of the kid was somewhat in touch with her so made me feel worst. 

In the end I finished any kind of relationship we had and decided to live my live.  Probably the best decision I ever made, move out of the country, made new friends and found my wife. 

You will be fine dude and so will she, it’s just life. 

Sometimes it hits hard and unexpected.

Edit: Talk it with close friends and family that’s how I found my answer. ",ANECDOTE
1690,"This is not true. A person with $60,000 in the bank could spend$50,000 and not miss it. This depends upon your personal preference, and mindset. Not an arbitrary networth. If you can't pay cash for a car you cannot afford it. ",ADVICE
1691,">I’d like to pay off some of these accounts in collections and up my credit score.

Paying off accounts in collections will not improve your credit score. It will stop the bleeding from those accounts harming your score any more than they already have. It also prevents you from being sued to collect on the debt, which is a positive. And if you need to use your credit soon, lenders like to see closed accounts in collections more than they do open accounts in collections. 

>So, how can I figure this out?

You can pull your credit report once per year per report for free at annualcreditreport.com. Pull one (or more) of your reports. The report will have your accounts (open and in collections) as well as who owns the debt. ",ADVICE
1692,"I sometimes get random itchy spots and ,since I bruise easily, I get bruises after I itch them.",APPRAISAL
1693,"hey everybody thanks for the advice. I've given some thought and considered what everybody had to say. Im going to move into the apartment. I figured it will be a good experience living with other people, and as for my goals its all in my mindset that will determine my outcome. thanks again everybody.
P.S. I do vape very hard ",APPRAISAL
1694,"1.  Everyone is susceptible to lifestyle creep.  Avoid it for a few years.

2.  No.  I meant to say you will have a problem saving enough for retirement (at least in tax advantaged accounts).  It is a common problem for doctors.  The mega backdoor Roth is not commonly available.  But some medical employers do enable it, knowing that it is valuable for doctors.  If it is available to you, take advantage of it.  It is particulary suited for physicians, just not often an option.

3.  Well, is that house a good rental?  If not, consider selling it and using the proceeds to pay off student loans.

4.  Marriage is probably neutral as far as taxes in your circumstances.  It is beneficial in sorting out the various conundrums of how to split assets and finances if you ever separate.  This is pretty straight forward if married, and a nightmare of cost and complexity if not.

Good luck.",ADVICE
1695,I'm only scared of facing my family ! they are religiously blind and they will never spare me. ALso he doesn't have any of my bad pics apart from normal selfies.,APPRAISAL
1696,"I can understand your point but I personally wasn't made aware of her dogs tendency to destroy items

I've dog sat before and that was never a problem. Perhaps it had to do with the fact I'm more experienced with older dogs, I don't know. And aside from that I would think I placed it away from the dog only to realize he was flexible enough to grab things off table by jumping. Or he would be clever enough to jump onto the couch and then from there onto a table where he destroyed my stuff 

And your second question - it was because the carpet was damp. but I couldn't really see how damp it was because of how much the dog shredded. And the carpet was only damp in the first place because I had to scrub it from an earlier mess her dog made 

She's treated me quite poorly and I think I'd rather just pay some money at this point to get it over with it. Just think it's a rather sad situation. ",ADVICE
1697,"Yeah that's the right thing to do, he's just such a fragile person though.  Guess I'm too soft of a guy, but it has to be done.",APPRAISAL
1698,Thank you for your advice. It gives me a lot to think about :-),APPRAISAL
1699,"In the end I told her that asking to borrow someone's instrument is like asking to borrow someone's child or pet, which falls into the ""hell no"" category.  Then I told her she should just buy one if she's interested.",APPRAISAL
1700,"You do have to get out of this relationship, however.  This is not how a normal relationship should be and he'll chew you up because of the stress.",APPRAISAL
1701,"Maybe reversing the scenario might help you? It sounds like a lot of your concern is managing emotions, not finances. 

Would you expect your adult children to fund your retirement? Would you be comfortable costing them thousands a month when they themselves are not in a lucrative place? That doesn’t seem like something a loving parent would do. 

It’s hard to want to be a good child while also needed to protect yourself and your spouse. It can be confusing and difficult. But as an adult, you’ve got to take care of yourself first. And then your immediate family (which is just your husband currently). Think airplane oxygen masks. You need to be in a place where helping someone else won’t hurt you or yours before you do so. 

I’m sorry you’re in a rough spot. 
",ADVICE
1702,Does your lease stipulate that you must use an exterminator of the landlord's choosing?,APPRAISAL
1703,"You haven’t fixed the problem, so you will have the same result. 

If it takes that much effort to talk with a GF/BF, they are the wrong match. 

It’s that simple. 

Get back together if you want but it won’t last. Why waste the time? Stop avoiding the effort trying to find that right fit. ",ADVICE
1704,"Good point. Thanks for the advice, bud. Really appreciated. ",APPRAISAL
1705,"If you’re a non-smoker in decent health/weight, you can probably get a $250K 20yr term life policy for the same monthly cost. If you’re not in great health, it may be your best option to keep this current policy in place. In any case, if you don’t have a large sum of money stashed away or invested, and have people who rely on your income to survive, you should have some form of life insurance.",ADVICE
1706,"I agree with the two comments above, myself and my partner rented for 3 years before deciding to buy our home. You never truly know someone fully until you live with them. My advice would be to share everything out whether it’s money or chores around the house. We do everything equally and it works out great!",ADVICE
1707,Just her as honest and short as you can. If you are nice you do it in person and let her ask away. Or give her a shoulder to cry on before you leave her life. ,ADVICE
1708,"BECU is another great credit union.  They're regional and you have to meet certain criteria to join but if you live in the region, there's a good chance you meet one of the criteria.  Also, their UI/mobile app is pretty good.  I haven't had to go into a branch since I opened my account 10 years ago. 

&#x200B;

When I got pre-approved for my car loan, I had my decisions/options in 90 seconds. It was the same when I applied from my Visa. 

&#x200B;

I have also never paid any banking fees for my checking or savings. ",ADVICE
1709,It took a venereal disease to do it.  My oldest refuses to talk to me because she believes her moms story that i was the one cheating.,ADVICE
1710,"Here's what's a complete miss about what you're saying.

When a master beats his dog, that dog still loves the master.  Despite repeated cruel beatings, the dog will continue to try and be loyal to its master.  It's very sad.  Women who are beat by their men have the same symptoms.

This GUY will not be able to differentiate the cruelty of the relationship.  He'll hang around like the hapless dog or insecure wife, believing that eventually something will change.  Is the dog really putting itself through the torture?

I respect your opinion, but I completely disagree.  She has to be the bigger person and create distance.",ADVICE
1711,"If he puts the notes in his friends' lockers, he should put on in his own as well so that it's not obvious he's the one sending them when everyone is talking about it :)",APPRAISAL
1712,"To clarify: Wife let’s dog outside with no collar, closes door but does not lock it. Soon thereafter the door opens and it’s Fedex guy walking in with the dog, whom he is calling by name. Drops package off on dining table, sees wife (naked/half naked), doesn’t say anything and just leaves. Is that correct? 

I’d start by calling Fedex. Then most likely follow by calling the police to file a report. 

Also curious, how far is the dining table from your front door?  Its not really relevant, just curious how far he walked into the house.  ",ADVICE
1713,"That sucks. But it’s probably still not the best idea to drag this on that long. That’s way too much time to be feeling this way, unaddressed. 

Worst case, you’ll share a flight and she can explore on (and stay in accommodations) her own, and not lose the experience or money. That’s a crappy dilemma but I’d hate to know my bf faked it for months before letting me go. That always makes it harder to cope :(

Why not have a talk after the exam? Maybe not about a break up, but let her know you feel torn and confused. Talk. Be honest. There is nothing to lose, as you’re barely happy now. 

You guys could agree on a ´break’ and then come together for/before that trip? And see from there? Decide if you want to salvage what you have?

It gives you time to sort things out and also brings the whole trip dilemma into the open so no one feels blindsided. I dunno🤷🏾‍♂️ ",ADVICE
1714,"The better question is why do you think you would pay taxes on it? Generally, you are only really paying taxes on earned income, or money made off investments such as capital gains. This check your mother is giving you, is neither. It is not income, as you are not even keeping it in the end. 

Even if you were keeping it either as a loan or a gift, it would still not be considered income. If it was a loan, you would simply just have to pay it back, and if it was a gift, your mom would have to fill out a gift tax return (and pay no taxes on it) ",ADVICE
1715,"If you care about your friendship between the three of yous then don't date her and explain why you chose not to do so. If you don't care for your friendship, then date her. A friendship is bound to be broken once you start a new relationship.",APPRAISAL
1716,"Stop being such a pussy.

No seriously I mean it. You let your gf walk all over you like a wet doormat. It’s pathetic. Dump her and move on. You’re still young and it obviously sounds like you want some more experiences so go get’m.

But from the sound of it you’re about as shallow as she is. There’s not a signal decent quality about her personality in this post and you even sort of underhandedly talk about her appearance (which I can only image is smoking hot since you put up with all this). You’re literally only with her because she’s hot and sleeps with you but from the sound of it you’re pretty aware it’s unlikely you’re the only one in her life.

Get out, and man up. Nobody deserves to treat you like trash but if you’re going to take it then it’s going to happen.",ADVICE
1717,I wished more people would think like you ,APPRAISAL
1718,"Debt isn't the worst thing in the world when in the hands of a *responsible* person.

It's very easy for an irresponsible person to always use the ""chicken feed in the big scheme"" line to justify taking out a loan. College graduates also tend to have unrealistic expectations about post-grad salary. Next thing you know, the debt very easily snowballs into a gigantic mess and OP is looking at paying off loans for 2-3 years on a barely livable income.",APPRAISAL
1719,he might be considered a tenant at this point and you'll need to go through the eviction process.  ,APPRAISAL
1720,"I think that you should NOT get with someone who you don’t like and who you don’t think likes you. What if you were to have children? That would not be a good dynamic for them to grow up around, and won’t set a good example for how a relationship should be.

She is clearly dissatisfied with you, and you deserve someone who loves your “flaws”. Although stability is nice, negative stability is not sustainable nor is it a good use of time.

I wouldn’t say to leave her outright but definitely confront her with your concerns and see what happens from there. I’m rooting for you, OP!",ADVICE
1721,"He’s an asshole and now you know his true colors and you know what you’re supposed to do. Pack up, leave his life, and move on to bigger and better men! 
Best of luck! 🍀",ADVICE
1722,She should decide this because you are both the child’s parents so should both bear financial responsibility.  Whether or not she needs the money is beside the point. ,APPRAISAL
1723,Yeah fair enough. It does seem crazy to leave money on tap like that without any protection.,ADVICE
1724,"3 months is definitely appropriate for ""I love you"" but the jury is out on ""in love with you."" But for what it's worth, i think the correct time is when you feel like you're ready.",ANECDOTE
1725,">Thw reason why she wansnt able to recognize me cause I never uploaded a selfie of myself on snapchat I was just chatting with her.

In other words, she tends to accept and follow-back any random request she gets on Snapchat. So you need to stop thinking that because you're still connected on Snapchat that it means anything. It clearly doesn't, at least not to her. So she's not ""ignoring"" you at college now, you're no one to her. 

>But yeah I knew I took the hint since she rejected me 

If you really took the hint you wouldn't be here 7 months after  that, still asking about her. 

But, look, I can't keep going back and forth with you on this. If you're really convinced there's something there, then prove it. Next time she glances on you, don't just stand there and hope she'll do something, you go ahead and talk to her. Say ""Hey ___, how's it going?"" And see what happens. Stop thinking about it and just do it.
",ADVICE
1726,"I've tried an elimination diet. Didn't find any particular problems. I just eat a varied, veg heavy diet, these days. ",APPRAISAL
1727,"Nope, that is called timing the market. Don't do this. ",APPRAISAL
1728,"I'm 1 month away from 16 too, and i had the same feeling as you before last summer. I felt like I wasn't getting anywhere, and I was wasting my teenage years. 

I made a change during the summer. I thought ""fuck it"" and did a lot of new things; I hanged out a lot more with my friends, started going to a lot of parties with friends, and mainly just started abusing the greatest superpower of a teenager: Immunity.

I mean obviously you are still liable and have some responsibilities, but a lot less than when you're over 18. I started doing sorta reckless things, staying out later every night, shit like that.

I basically just sought out thrills, and did cool shit with my friends. This helped me A LOT, I started enjoying life. 

This advice might be total shit tho, do try it if you feel like it.

And please, don't kill yourself. People care about you, and life really is worth it if you make it that way :)

If you need to talk, hit me up in the Dm :)

Edit: I cant spell
",ADVICE
1729,I am so sorry for your loss.  If you have not tried the subreddit CasualConversation you might check it out just for human contact. ,EMOTIONAL_SUPPORT
1730,Already got accepted to my college I'm going to attend but won't start until next fall. I want to venture out this summer. So need to figure out where and what to do.,APPRAISAL
1731,Just tell him you want to experience living with other people. ,APPRAISAL
1732,If you haven't already bought a car you should go to /r/whatcarshouldibuy and give them your list of wants and needs. They'll help you decide on a car and help you know what years are good and what kind of prices you should expect. A 10 year old kia is never a good deal. They are barely made for the first owner and certainly not made to last for the second. ,ADVICE
1733,That's great. Thank you. I love how you put it into the perspective of lifting. I'll do my best towards cutting all communications. ,APPRAISAL
1734,"If your father is as bad as you say he is, then no you don't owe him anything. Not even ""paid respects"" at his funeral. I hate my father. I have some younger siblings, if he died while they were still young I'd probably go to his funeral to console them and help them. If he dies after they're all 18 though? Fuck that shit, I ain't going. He has never done ANYTHING for me, and much like you out of all my siblings I'm the one he cares for the least. If you're fine with not going to his funeral and it won't haunt you or anything then don't go. You don't owe him.
Now, as for your family, this could cause some drama. If it's more trouble than you think it's worth then maybe you could go just to avoid all that bullshit that would come later. But, if you're willing to put up with the possible fallout, then go ahead and don't go. I know I wouldn't.  ",ADVICE
1735,"As much as I like it I wish things were different. I hav a man who I love but this other guy is a great guy, granite I'd love to become physical..I implied that one night. Aside from kissing (which nearly our lips touched one time), extended intimate hugging & constant compliments on both sides that's it..one time I was rubbing his back & he kind of moved away. It was alil discouraging, I felt rejected and like an idiot. My whole thing is I'm pretty  sure he knows how I feel & he invited me out..messages me from time to time & always squares off w/ me at parties...why would he do that when his wife made it clear she's not crazy about me & risk the possibility of ruining or sending his marriage on the rocks..why would he continue to associate w/ me?? My whole reason for posting is to get opinions on the situation and your ideas if you think he's trying to take it a step further ..just be nice..or he likes the attention (which why would u want attention from someone ya don't like) ...I'm not here for ppl to tell me I'm wrong .. I'm aware at what I'm doing on my end. ",ADVICE
1736,"i agree that i don’t think i was assaulted as i don’t think it was malicious or she had any idea that she was putting me in that situation. I should’ve been more vocal about how i felt, i was just worried about the repercussions of that. I hope both her and I learned something from this. Thank you for your encouraging words :)",EMOTIONAL_SUPPORT
1737,He has said I am his steady relationship and wants to marry me some day but still does this shit.,APPRAISAL
1738,"20F, taking a break from undergrad to complete a year of co-op (full-time internship) in my field of study. My family has been helping me through school until now but that's on rocky grounds. However with this great new job I may be just fine without them ! Not comfortable, but like survivable...

Goals:

* Improve my credit score with my first credit card, by paying fully and on-time each time
* Keep using YNAB for budgeting 
* Buy a car for $5k if my family revokes the car I'm borrowing (looking at $1k down payment), and pay it off asap 
* Save up a 6 month emergency fund 
* Decide whether to work overtime now, or part-time later on top of school (or both)
* Make a plan for completing undergrad (about $37,500 left of tuition total)

Yeah things aren't great right now, but I've gotten a well-paying job in the field I'm studying before even graduating! ",ADVICE
1739,"I think after all thats been said or done, its time to leave well enough alone. Youve both apologized for past mistakes and you are both seemingly in better places. Just let what is be. ",ADVICE
1740,"She's actually been with me longer than him, he's a relatively new friend who has gotten attached quickly. 

I do think she makes valid points, I just think the way she's going about expressing them is a little immature. ",APPRAISAL
1741,"That old saying always seem to ring true in situations like these: time heals all wounds. It will take time but you should let yourself feel sad, angry, and upset. Keeping her out of your life is the important part. Try to avoid public places where you know you might see her.  Hang out with your friends, learn something new, exercise more, eventually you will begin to feel better.",ADVICE
1742,"Not true about six figure salaries or senior roles, at least from my husbands career. ",APPRAISAL
1743,"> I want to know what my best course of action is for preventing this from happening again to anyone else in the future.

Don't make poorly veiled threats to shoot your clients.",ADVICE
1744,"They’ll all have different terms,

For example I can pay 10% of the yearly balance as an overpayment before charges ",ADVICE
1745,"I believe I am a sole proprietor being paid as a contractor (1099).  I agree that it's *easiest* to get a lawyer to shoot a letter over, but I don't know if it's going to be the most effective.

> This guy keeps saying he’ll pay you and then he doesn’t. You have no reason to believe him.

I fully agree with this.  I don't think he's going to pay me.  I don't think he can without liquidating the business' assets.  I guess what I should be asking is, does moving forward with a small claims court suit get me closer to having a claim to the assets of the business in case the business goes into bankruptcy.  The business does have assets that I would be willing to claim in lieu of payment.",ADVICE
1746,"Did you miss the part where he told his wife that he wanted to be consistently reminded of his ex that he loved so much? 

It’s not really about the name... it’s about what the name represents. ",APPRAISAL
1747,The first and hardest step is stop thinking of yourself as what you look like,ADVICE
1748,"I am so sorry this happened to you. I think she's really emotionally ill, more than anything else. Apparently, she can only be validated with other men sexually. You just need to feel sorry for her, not yourself. Don't even take it personally, it had nothing to do with you.",EMOTIONAL_SUPPORT
1749,"Just to clarify, is it the same sexually? Does e take the lead in the bedroom or do you?",APPRAISAL
1750,I suggest you see how a week or month changes her.  Actions speak louder then words. ,ADVICE
1751,"You should pay the hospital, you can recover the costs later in court. It will save you trouble in future.",ADVICE
1752,It'd also have the benefit of saving me money in the long run. I wear daily contacts and it racks up hundreds of dollars every year.,APPRAISAL
1753,What's wrong with having salary expectations?  You can't expect to just take the job at whatever they offer.,APPRAISAL
1754,"I would also like to go to counselling and my partner things our relationship is doing great! 

In honesty, it’s going well. There are areas where we each need to learn some additional tools to be added to our toolboxes and I think counselling will help. 

",ANECDOTE
1755,Original loan was never paid off- they are simply holding onto the funds until we get to the rebuild phase (hopefully next month) but they’ve been holding those funds for several months but still charging us interest.,APPRAISAL
1756,"Yes, because being disrespectful and adding fuel to the fire *always* helps calm situations.  

I guess ""turn the other cheek"" might just be too inflammatory.",APPRAISAL
1757,"Sounds like it's time for an ultimatum. You want to stay, if you can play. If you can't play, then you don't want to sit and watch others play. Seems pretty cut and dry. 

Given that there are only 7 games left, you might stick it out and then quit at the end of the season. That's you ""best"" out with fewest bridges burned. In the next season, you just say that you have found new interests and will not be participating. That's that. ",APPRAISAL
1758,"This is the baggage that comes with dating a girl just a year out of high school.  She's at a point in her life where she's trying to figure out what she wants to do, and, more fundamentally, who she is as a person.  As someone with more life experience, you're correctly aware that if you want to play an active role in this relationship, it will be to build her up and to encourage her to seek the help she needs.  In the face of the current circumstances, of her having no support system to fall back on, it sucks, but you have to choose between abandoning her, supporting her through something which could take years to resolve, or at the very least, leaving her with people who can help her.  ",ADVICE
1759,He's not going to deny you your happiness just because he wants you to be his baby girl forever.,APPRAISAL
1760,"I was married for 13 years. My wife would complain to me that I had stolen her thunder with my erratic schedule, insomnia. SHE was used to being the reckless, disorganized one. Now I was forcing her to be the responsible one. I was completely unaware of her internal turmoil. As far as I could tell, I was just doing what I had always done: holding down a job, managing my stress by cutting loose with whiskey. I eventually learned how my personality made her feel overpowered and once I reigned it in, she was able to feel like more of herself. You have dufferent circumstances, but the point is that women are complicated. Maybe she wants to be the one to desperately yearn for more communication from you. Give her breadcrumbs for a while and see what happens. ",ANECDOTE
1761,That's so great to hear! I hope it works out for you. I'm sure it's nice that you'll be able to bring your dog along too. I hear you on playing the hand you've been dealt with in life. It's just how things work out sometimes. ,EMOTIONAL_SUPPORT
1762,Save the travel for after you have financial security.  It's time to be responsible and grind for your future.,APPRAISAL
1763,"I did ask that question, and in not so many words it was a no :/",ADVICE
1764,"Bad blood seems unavoidable with this chick, do your best but i don't see it ending well",APPRAISAL
1765,I’d recommend going back and looking at the documentation that they sent you when you initiated coverage just to be sure.,APPRAISAL
1766,How could your girlfriend's friends not like you if you haven't met them yet? What is she telling her friends about you?,APPRAISAL
1767,Moral of the story is don’t use your debit card to fill gas. If you used a credit card would of been disputed with no problem.,APPRAISAL
1768,"I appreciate that. This restaurant unfortunately is not a chain and so I doubt there’s really even a company policy to speak of to begin with. I appreciate the answer though :) I think we’re probably just going to have to have a sit down and work out a way to get her out of there. The one upside is that she’s making an absolute killing when she does work, but we’re already well off financially and I care more about her being happy.",ANECDOTE
1769,"There's no way to know without asking her. If she's generally there for you otherwise, it's possible that she didn't entirely understand the situation. Maybe she thought it was a silly phase and had never had to deal with technology that way or what all the eventual repercussions could be. 

Maybe she thought the therapist could handle it. Maybe she's got some skewed views on sexuality do to her own past. Did she ever talk to you about sex?

It sounds like you're looking for reassurance that she cared, but had some reason for not reaching out to you about this. You might not get the answer you're looking for if you ask her. Parents aren't perfect. They run into a lot of situations they aren't sure how to handle. A lot of parents avoid any sexual topic when it comes to their children.

The important thing is that you know you can't expect her to be perfect. You can't expect her to fix the past. You can let her know that you would've liked her guidance back then, but that doesn't change things now. You can iniate a conversation about healthy sexual relationships with her if you want her advice. 

and you know that you will have good advice to give to a young girl trying to find her self worth. 

",ADVICE
1770,"Hire a traffic ticket lawyer.  Google your city or county name and the words traffic ticket lawyer.   Then call one and ask what they recommend you do and what their fee would be for representing you in court.   Do everything you can to get the money to hire them, including asking your parents.  Your parents WILL find out about this and getting the conviction will  be more expensive than hiring the lawyer.  ",ADVICE
1771,Thank you so much for confirming what I have thought. I'm going to go ahead and make sure I'm covered for psychiatric and I'm going to go to therapy. ,APPRAISAL
1772,"What you're feeling is not about her, it's about you and how your ego got hurt, maybe you should talk to a therapist,  this posessivness is not healthy and it will find ways to manifest itself in future relationships and ruin things. Adressing it sooner rather than later will benefit in the long run. Good luck!",ADVICE
1773,"It's not illegal.

It may be against your contract, if you're under contract.

If you're not under contract and are in an at-will employment scenario, your employer can opt to terminate your employment for this.  That would be almost a given if you're using company time, equipment, software, or resources to moonlight.

I think a good litmus test to see if this is kosher or not with your job would be to ask yourself, ""Would I feel comfortable and secure telling my employer what I'm doing?""  If the answer is, ""No,"" then you might assume that your job could be put in jeopardy for doing it.",ADVICE
1774,"How do you gain confidence? Not really a legal question but I do feel for ya.

If it makes you feel any better, you're not going to be in any trouble, and insurance companies don't like, grill you or threaten you or anything. They'll get you on the phone, ask you what happened, and potentially answer followup questions (did you see anybody use a turn signal, how fast were you going, etc). Answer honestly, try to relax, and everything will be fine. 

Barring crucial details you might have left out, nothing you say is going to get you or your cousin into trouble - well, at least any more trouble than your cousin is already in. The police already determined your cousin was at fault, so the insurance company is almost 100% going to find your cousin at fault anyways. 

It'll be fine, I promise.",ADVICE
1775,Leaving Bank of America 10 years ago was one of my proudest moments. I have had 0 issues with Chase and Ally,ANECDOTE
1776,">Have a good life with your at least adequate looks

OP, you also have adequate looks.  Your looks are not the problem.",APPRAISAL
1777,"Controlling people will use any excuse they can think of to get you to cut off your other friends. I'm guessing this isn't the only area of your life she's been trying to control. She uses the excuse that she wants you to do it because it makes her insecure, but the real reason is because she feels entitled to control you. 

You tried to ask her questions and she accused *you* of being controlling. [DARVO](https://rationalwiki.org/wiki/DARVO): Oppressors always reverse who the victim is when they're attacked.

You deserve to be with someone who supports you and makes your life easier, not harder.

As far as the flirting goes, it's normal for you two to have a discussion about what counts as crossing a line, what you're comfortable with and what she's comfortable with. But open communication is not what happened here. You two have never had this conversation, or you have and she decided she doesn't care about how you feel and to keep secrets from you.

You deserve to be with someone you can talk to and trust.",ADVICE
1778,"If you are serious about him. 

Sounds like he will wait. 

Your life is holding you back. But it’s excusable with a time line and you doing the right things under your control. 

As long as you are transparent with your BF about your situation and emotions. It really is all anyone can ask. 

You can feel less guilty and maybe heart warmed that he wants you. ",ADVICE
1779,And you are blaming women for not finding you attractive? And you find all ALL women attractive? Bc if you don't.....,APPRAISAL
1780,"Is he going back to Korea with them?

It's probably never going to be any different how his parents feel about you. Well, maybe if you were super rich, lol. But it would have to be hugely dramatic for them to overlook your non-Korean self. It's not you, you need to remember.  It's just that you weren't born in the right country.",ADVICE
1781,"I don't think a breakup is necessary over this as people in this sub love to jump to. Unless there are other issues also weighing in on the decision. I think the fact that in the end she chose your feelings over her excitement makes her a little redeemable. If she completely disregarded your feelings and went anyway, it would be a different story. 

You guys need to talk it out and come to some agreement on the matter. It's obvious the Boss has some intentions and you are in the right to not be OK with her going. Even if she can't see past the trip she should understand your feelings on the matter and putting herself in a situation like that, no matter good her intentions are, is never a good idea. You never know the lengths someone would go to or how a little drugs and alcohol changes how someone acts. Especially if that person feels you owe them for something like an expensive trip. Or her boss could be completely harmless. But its not worth that risk.

Also, spending NYE in NY is quite something I hear, so you should also understand her side of it and how excited she must of been for the trip. If it's at all possible, promise to her that you both should spend NYE in 2020 in NY. But I don't think this alone is worth throwing away a 2 year relationship. Especially if she chose not to go.

",ADVICE
1782,"I think because of the facts involved, the parents have to be told.",ANECDOTE
1783,I'm willing to bet this isn't the only time she's been drunk since they've been together...,APPRAISAL
1784,"Well, I can say that i agree very much with your advice, however I have not been engaging in anything to do with business.  I am not a habitual thief, I literally was just caught unfortunately because both times I was getting something that I needed, as in the ability to buy myself a meal for the second time, and the prior was when I attempted to get a bottle of Ibunprofen.  You were correct that previously that I was in ¨sales"" before, and once business went to shit, and/or my connection had been federally indicted, arrested, and put away, it left me to be back on the street again.  I evidently in August, along with my former pal, sold a small amount (for extremely low price) to a DT because I felt I really had no other option otherwise the owner of the apartment that I was briefly staying in was going to ask me to leave.  The amount that I gave the DT would normally be sold for $175- $225, but in that instance I gave it to them for  a meer $60.  They arrested my old friend just for transferring the bag and the scale, his arrest info was available online once he was actually arrested, however I havent been able to, even up to present find any available records with my name, meaning that it must be either sealed, or ...  At this point, I live in HIV+ Supportive housing, I live on a meer $180 cash bi-weekly and additionally food stamps that help, leaving me zero room to even dream about finding an attorney.  Itś a scary situation, and it really sucks. I am not here to cry and say wooohhh is me, poor victimized me, just that hey sometimes, if the only way that you have to make enough money to purchase a very minimal amount of food and drink to keep you going, well I am sure that most people would have done the same thing.  So I believe that would leave me with one option, the public pretender, to which may not really cut the mustard in the grand scheme of things, because I have no way of having that safety of a go between.  With all of that being said, is there anything that I can do as someone who is definitely unable to finance that cost, so that I can show in good faith that I am trying to make things right, and that I had a valid-ish reason as to why I wasnt able to do those 2 days of comm. service, and that even though I am late more than a month and a half from the original scheduled adjournment date, that I am accepting responsibilty, and I am trying my damnest to satisfy the deal the DAś office originally gave me?  Or better that I just either do a voluntary surrender or just wait around til that day comes when my warrant comes up and bites me in the ass?  (In my heart of hearts, I feel that there must be one offs that occur in these situations, and I would hope that there should be a way to handle this without taking the max sentence they stated at arraignment, if I should have the ability to produce documentation as to why I didnt do as I was ordered right?",ADVICE
1785,"  

If he gives you time limit then he is a bad person because ultimatums never work and one should not give an ultimatum to their partner. You can work on yourself but there is no way that you can change things overnight for you as it requires time and efforts with professional help. 

I would say first leave him and cut off all the contact with him so you can focus on yourself.  Once you are single see the therapist and work on yourself to be a better person and only go on dates when you feel that you are ready for the adult relationship. ",ADVICE
1786,"It does cover delays but it doesn’t specify how long the delay needs to be for it to be covered. 

It sounds like too much of a gamble to be out another $900 if we try to file a claim and they weasel their way out of refunding us the money.",ADVICE
1787,"What would you do if someone else told you the same story? That shit is fucked, the girl went on a date as soon as you guys became official and decided the guy she went on a date with was a better choice. Now she thinks you might have been the better choice so she wants to leave him for you... What do you think will happen if you take her back and then she meets a new guy that she thinks is an even better choice? Same shit all over again

&#x200B;

Waste of your time, the fact that she isn't even single yet should be proof of that to you

&#x200B;",ADVICE
1788,"If you mean you can't memorize the menu for when you're serving I've used this trick for years: if a customer asks a question about an item, play dumb. Say ""I'm sorry I'm new here and am still learning myself. Let's find out together"". Look at the item in the menu and if the answer isn't there tell them you'll go ask the manager so that you're sure you're giving them the right answer. People will always be more patient with you if they think you're new. Plus tips will be better. ;)
Like I said I use this often and I've been at the same place for 5 years. ",ADVICE
1789,"She’s not insecure, she’s projecting. She doesn’t want you to be around other women because she believes you would cheat, as it’s something she would do if she was in the same position. ",APPRAISAL
1790,I wonder if she has been thinking of leaving you for a while and the large sum spent was to abate her guilt.,APPRAISAL
1791,"Unilaterally saying something does NOT bind another party to it.  I can't end this post by saying everyone who read it owed me a million dollars and expect my paypal to fill up, can I?  

Could an agreement not to disclose things be done informally via email or verbally? Sure. But NDA's are notoriously difficult to litigate anyway. Many that are written by lawyers fall apart under the judge's withering stare. Informal NDA's are likely to be found entirely toothless.

The problems are several.

You have to prove that the NDA was reasonable in scope and duration. ""YOU CAN'T REPEAT ANYTHING I SAY EVER TO ANYONE NA NA NA NA NA NA"" is probably NOT reasonable in scope and duration and that's what these email signatures boil down to.

You have to prove that the data WAS confidential and valuable. Not everything you say is confidential or valuable.

You have to prove actual harm from disclosing it. If we're just talking about bid quotes... and they shopped your bid to get lower prices... the problem is you can't prove they ever intended to hire you. It was never YOUR money to lose.

You have to demonstrate consideration for a contract to be valid. What tangible benefit are you giving your customers in exchange for swallowing a gag order? Is what you give relatively appropriate in relationship to what you request? (The 'right' to see your quote is likely not a valuable commodity, compared to their general right to freely communicate and transact business, which is what you're asking them to limit on your behalf.)

NDA's are difficult to get enforced even when they're well written and signed by a party who's had a meeting of the minds and received consideration. When they're sprung on you after you've already read an email and you received nothing in return, they're downright laughable. If you have legitimate confidentiality concerns, talk to a local lawyer who specializes in business law and who can provide you examples of NDAs that have survived a challenge.

And then there's the issue that in many industries... if you start suing potential clients for not hiring you... you're going to find that nobody wants to get a quote from you any more... for some reason.",ADVICE
1792,"Continue calling the police at every occurrence. Be the squeaky wheel. Document every occurance.

Look at LOCAL housing ordinances to see if there's any requirements for a residential property to be occupied over a particular period of time. If there is, file a complain with the local housing authority/relevant body for your city. 

Consider raising the issue with your local alderman. Drug houses don't reflect good on the city and cleaning up stuff like this is good community relations and optics.",ADVICE
1793,Move on. Find some one in real life.,ADVICE
1794,You should seriously consider taking this to the police. ,ADVICE
1795,"I got dumped a while ago by someone I was all-in on, and now I don't even want to meet people that have the same name, let alone name my own kid after her.",ANECDOTE
1796,"Call the police, tell FB, and tell this person's mother that he's stalking you. Block him on everything. He is escalating and it won't stop until you very firmly out your foot down.",ADVICE
1797,"Thank you, I actually hadn't thought of that at all, luckily I refused to accept any liability and suggested she raise the case with her own insurance company based off her evidence.

I've spoken to my own insurance now to give my side of events.  Thankfully they seemed to back me up,  I've got pictures of my (pristeen) wing mirrors as evidence, which I'll be emailing off and will wait to see if this woman files a claim against me.

Looks like I'll be getting a dash cam now :-)
",APPRAISAL
1798,You are missing a lot of details here. Why are you leaving your family? How is your relationship with your ex and child? Do you have partial custody? How often do you plan to see the child? Are you paying child support? Do they have other people there for support?,APPRAISAL
1799,"In my experience, when you are in a “happy” relationship, but suddenly develop a crush that just won’t go away for a long period of time, it’s because you are missing something in your current relationship. 

After a period of time, our partners can become “old news” to us. We settle into monotonous routines and a crush is new, exciting, and full of unknowns. 

I would advise switching doctors or having your husband take the kid to the doctor/go with you. 

Then, pour all of this time you are spending fantasizing and thinking about this woman, into your relationship with your husband. Think of ways to pursue *him* like you did when you were just dating. You could even set up a role play where you meet him at the bar for the first time and try to take it home. 

Crushes are natural. What is not natural is letting them turn into an obsession. I would even venture to guess that even if you did tell this woman/your husband and things got messy, you would find out that it wasn’t worth it and that she really doesn’t mean that much to you. ",ADVICE
1800,"The drifing might be where you're finishing the throw. When you throw, if your throw is straight, then your throw should basically be a straight arc over your shoulder, including the follow through. At the end of the throw, your hand should still be in line with the direction you're throwing. If your arm is swinging one direction or another, the throw will not be straight.",APPRAISAL
1801,"Don't take out any new lines of credit or allow any new credit inquiries.  You will take small hits to your credit with each inquiry. This could possibly affect the interest rate you are offered on your loan by the creditor of your choosing.


Make sure you factor in all the additional monthly fees you might have from the house including water, garbage removal, HOA fees, and of course your property taxes (annual) that you might not have experienced paying before in an apartment when calculating how expensive a house you can afford.


",ADVICE
1802," Was the landlord aware of his presence? 

 He was either a roommate or sublessee. If he was a roommate, your LL will need to be the one to terminate his tenancy. If he was a sublessee, you need to give him 30 days written notice to vacate. He has the right to remain on the property until the notice period has ended. If he doesn't leave upon the conclusion of the notice period, the appropriate party will need to file an eviction lawsuit.

>Does he have the right to come into the property to retrieve things that are his?

 Yes.",ADVICE
1803,"Try to talk about it. If she outright refuses, then you need a new GF. Pint up things eventually explode.",ADVICE
1804,"Let her move on. I know, it's so, so shitty. Going through a breakup is awful. If you care about her tho, you can respect her decision and you can start to move on yourself. I'm sure she still does love and care about you, but it doesn't sound like she wants to be with you. She would also want you to get over her, be happy again, and find someone who's better for you. Continuing to sleep with someone after you break up is always a bad idea man, not talking to her is your best option. From what you said it seems like she went through some phases when she missed you (which can be confusing) but it's really not good for either of you, emotionally, to still talk. If she changes her mind she'll let you know, but don't let her fuck with your feelings. 
I'm sorry you're struggling with this right now and I hope things get better for you!",ADVICE
1805,"I have no doubt they would, I'm just not sure how that would be legal? Like, if some administration saw me drinking a beer at a pizza joint in town, they could fire my husband? ",APPRAISAL
1806,"Go to IRS website, set up your account with them, and then check your online transcript. It will confirm what they have.

I presume hotline is a live person, no?

Anyways once you have confirmed that your amendment was not submitted re-send it certified so that you can track it. M",ADVICE
1807,Tuning means some one reprogrammed the computer.  The original dealership that sold you the car should have made you aware of this.  Needless to say the shop you took it to and the dealership that sold you the cat are going to be doing the finger pointing dance.  ,APPRAISAL
1808,Talk to your friend?,APPRAISAL
1809,You need to keep your utilization below 30% for score not to affect much,ADVICE
1810,"So where are you at with the girl now? It sounds like she may have moved on (women do that) and if she has, then you're unlikely to get back with her. They just don't work like that unfortunately. 

However, it sounds like she made you take some good steps forward in your life. My advice would be to focus on those steps, so that when the next one comes along, you're already in that position to be there for her.

Where did you get to with University? Is there a career that you'd love to have that requires you to go? 

What's the new job like? Much potential for advancement?

My advice would be to stop looking at moving to Scotland or the UK. I very much doubt you'll be able to get a Visa for any significant amount of time with no unique skills. Focus on making the best you that you can be in Canada, before looking at magical places that will fix all of your problems.",ADVICE
1811,"Not been in a situation like this but if you and your boyfriend are serious, trust him. That’s if he hasn’t gave you a reason not to. If anything did happen he will more than likely give it away or act different when he is with you. You could even be there when she drops the stuff off if it’ll put your mind at ease.",WARNING
1812,Get out of this relationship. You should have called an ambulance when she came down the stairs after cutting herself. Let the professionals handle it. ,ADVICE
1813,I would talk to someone professional about the situation and get some advice from that. Maybe call a centre that deals with this kind of issue.,ADVICE
1814,I plan on going monday. I've been wanting to go for the past few months but haven't mustered up the energy to walk there even though it's only across the campus. ,ANECDOTE
1815,"That's an internship for you. Are you at a corporate office? When I did my internship I started at the companies corporate office and would come to work and do nothing for hours at a time. Just make sure they know you are looking for stuff to do. What I ended up doing is asking to move to another location (factory setting) and helping out there, and was busy all day. The most important thing is to talk to as many other people as you can, even people outside your department, and ask if they have anything for you to do.",ADVICE
1816,She doesn’t sound very nice.  Why can’t you avoid her?  Don’t invite her to places and don’t go to events where you know she’ll be attending.,APPRAISAL
1817,"Make adult decisions. Suffer adult consequences. This isn't a game. If he doesn't do something that sacrifices his time, sleep, and sanity he will end up a poor loser that's a drain on everyone around him. In short he would be fucked. It's totally doable. But he isn't giving the vibe that he gets the gravity of his situation. But I'm not surprised. He's 17. He's naive. He's charting new territory so of course he's leaning on his parents. ",APPRAISAL
1818,"Is this for an ATM Card?  
If so, they've rarely shared the same protections that credit cards have. Just say no to ATM/Bank Cards",APPRAISAL
1819,"Try to be more of a friend to him. not that you aren't already but more so in a ""friends"" environment. not in your professional setting, but outside of work. Sure its been a year like you said but he may not really know you at all. after all a majority of people carry themselves very differently in a professional setting compared to a relaxed and social setting.
I think there definitely is a correlation in the point you mentioned, because that's all he really ever got out of you, he only knows that sad pushy/desperate side of you. So if he got to see you at your ""worst"" shouldn't he deserve to be able see you at your ""best?""",ADVICE
1820,Dude. No way. I went when I was 25. Best thing I ever did. ,ANECDOTE
1821,"I wouldn't say he's asking her to give the child away for him, it's also for her. I don't know how the relationship between the mother and the kid born as a result of a sexual assault would be. I also don't know if I'd want to see my aggressor's face in my child everyday if I were her.",APPRAISAL
1822,"I absolutely agree. 

I do have the privilege of being selective right now. 

I'd have a hard time keeping my principles in that situation. ",APPRAISAL
1823,"You shouldn't feel like a pussy at all.  She's a shitty person.  That truth will come out eventually.  You're doing the best thing you can in a very bad situation.  

Do your parents know what's going on?  If not it would be a good thing to bring them in to the loop.  Hopefully this dies down but if crazy  decides to call the police you don't want them showing up and mom and dad having no idea there's an issue.

My crazy was a cougar that had been married 30+ times.  I didn't see that as a red flag.  That's when I learned the lesson....",ADVICE
1824,"No matter how badly you messed up, someone’s always done worse. I missed out on a few million dollars of stock value increase over 7 years because I opted to blow money on cars, stuff I didn’t need, and credit card interest. I’ll never get that opportunity again.

I’m just using it as fuel to make my moves very deliberate and aggressive in the future. I’ll choose to be intentional with everything. In the end, this expensive lesson may leave me with more money than if I’d had the millions and mismanaged it because I never bothered to learn how to grow it the way I have now.

As a result, I’ve learned a lot about personal finance and investing and real estate. I can now help my family members do the right thing with their finances and prepare for their futures.",ADVICE
1825,"NC's traffic violations are bit stiffer than other state surrounding states, especially SC. Even if you get lucky and have it reduced, you're still going to be looking at paying court fees, which vary county to county. I received a ticket in Anson County, got it reduced to something that had no points and I still ended up paying over $200 dollars or so with the ticket and court fees. ",ADVICE
1826,"Does your ex know about your rape now?   If not, you should definitely tell him and explain how that has been affecting you.",ADVICE
1827,Look into the cannabis route too. ,APPRAISAL
1828,"At that interest rate, you should focus on paying off the loan.

Good luck.",ADVICE
1829,"That girl sounds like the type of person that will destroy your friendship. If she can't decide which one of you she'd like to date, she's just relishing the attention and that won't likely stop once one of you has ""locked"" her down. I'd say ignore her and move on.",ADVICE
1830,"  I think this is a terrible idea. The best option is to pay the debt down with **100%** of your wife’s pay raise.  It will take 2-2.5 years to snowball (see sidebar for more information on snowball), depending on how much cash is actually available. Here is an example of how I got these numbers, assuming  she only takes home half of the $12k after taxes, you’ll have $500 on top of your $2369 minimums, and you snowball from the lowest balance to the highest balance.

· February 2019 – Pay off CC6 in full and pay half of CC 5

· March 2019 – Pay off CC5 in full and apply remainder to CC3

· May 2019 – Pay off CC3 in full

· August 2019 – Pay off CC4 and Auto loan in full 

· September 2019 – Pay off CC8 in full

· January 2020 – Pay off CC7 in full

· April 2020 – Pay off CC2 in full

· June 2020 – Pay off Debt Consolidation loan 2 in full

· September 2020 – Pay off CC10 and Consolidation loan 1 in full

· March 2021 – Pay off CC9 in full

· August 2021 – Pay off CC1 in full

I know some people would say to pay off CC1 first because it has the highest balance and high interest rate, but I think you need the psychological win of knocking a number of loans out quickly is worth it. Once you’re done, apply the full $2869 to your retirement and/or savings. Ditto for any additional income increases. 

The other options you’ve mentioned –taking a loan from your TSP; transferring debt to low APR cards; transferring debt to a HEL; carting around this debt year after year like a family pet; taking from your TSP and paying penalties – aren’t going to get you ahead.",ADVICE
1831,"I had a roommate do this to me. I sent a professional letter to him and his parents stating the fact that he’s on the lease and agreed to pay X amount and if he didn’t I would take him to small claims court for all that he owes. Parents sent a check to me and he moved out so didn’t have to take it that far. 

Roommate is in the wrong and will have to pay one way or another. ",ADVICE
1832,"How do you know she didn't post it herself? I mean, just because you think you know her doesn't mean you really do, especially if she's your ex. If you do tell her, I'd approach it like ""hey, saw a picture on reddit that I wanted to make sure you knew about."" If she doesn't know, send her the link, if she does know, drop it immediately unless she pushes the conversation further.",ADVICE
1833,"I second this, about the financials. 

Also, people do crazy things when relationships are ending. Protect yourself financially so you're not left with a bunch of debt, or with her taking money that isn't hers. ",APPRAISAL
1834,Should be able to talk to one without cost. Obviously for them to do work something would have to be worked out but many do free consultations. ,ADVICE
1835,"Though there's a good likelihood she will deny it to the police, you should call and give them the pictures. There should be a paper trail of his abuse with authorities even if it doesn't lead to charges or conviction initially. And an officer may be able to give her resources to get out.

Unfortunately, there isn't a best answer for this situation, specifically because she doesn't want to get out of it. But calling the police might give her an opportunity.",ADVICE
1836,"Alan Watts really can help a person get through a bad patch. I feel like I need to be going through some of that material again.

/u/QuetzalNightShade16 in my experience life has ups and downs like this , sometimes downs can go for years. I had a pretty big down when I wasn't happy with my career. It had been very successful up to that point but I felt like I didn't have my heart in it. I was looking for something more and didn't know what it is. I melted down and just got really into playing counter-strike all the time, then my girlfriend of 5 years left.

That's when I realized I was an absolute ass, it's not about what you do, what you succeed at but about the people you are with. The life that you live. I stopped working lunch breaks, I started saying yes when people invited me out. 

I really started seeing the world in a different way. A way that I have now somewhat lost, and need to get back on track.

Anyway, the point is everyone has a struggle where you feel worthless from time to time and that's okay.",ANECDOTE
1837,You need to speak with a lawyer....this is one of those times you can not afford to not speak to one to find out what your options are.  At the very least to make your insurance company pay or something. ,ADVICE
1838,You have plenty of time and these things should not be rushed if you aren't ready. Just be honest and say you are enjoying life at the stage you are at. Kids are a permanent fixture and you want to be emotionally and mentally ready when you eventually have them. You want give a 100% when you do have them not looking back saying you wish you did things differently. ,APPRAISAL
1839,"Seek an attorney.  Geez that's expensive,  can't I just report him or something. Or that's not an option. ",ADVICE
1840,"Required debit card purchases keep me away from rewards checking accounts like that. You lose out on some of the consumer protections associated with credit cards unfortunately. For instance I'm pretty sure you can be held liable for the first $50 worth of fraud on your card, whereas credit cards have $0 liability for the cardholder. Question for you: Do you get reward points for debit card purchases, the way you would with a credit card?",APPRAISAL
1841,"Yeah, I definitely have to find an alternative now. I do take some responsibility in not checking as much as I should have, but I have to resort to a different option if he's going to wait 2-3 weeks to deposit. ",APPRAISAL
1842,"He’s not truly committed to you. At this point, even if he says okay we won’t break up, I seriously doubt he will be faithful. Sorry for your heartbreak. ",ADVICE
1843,"Furthermore, you might want to consider filing for a restraining order against her. Then if she tries to show up at your front door it's an easy phone call to the police.",ADVICE
1844,Thanks for the response and advice! I will definitely do this. This is a big help.,APPRAISAL
1845,"I don’t know much about Roth IRA or anything really, but would working around 20 hours a week at minimum wage be enough to pay for schooling and a few other small expenses? ",APPRAISAL
1846,"Budget for it.

I like to budget ~~everything~~ with a clear name to indicate what I am allowed to use it for. I get the same anxiety and ""what if"" thoughts as you and Bullet Journaling has helped me alot with it.
For example, a budget for one month could look like this:
Activities with friends:
Transportation: 10€
Booze: 20€
Food: 20€
Other 10€

Transportation and other (f.e. entrance fees) can hardly be influenced on. But you can bring your own food/booze if you don't want to eat out. If you stay within your pre set budget it helps feeling less stressed about it.

Also: Buy memories not things.

If the 2$ public transport + 10$ booze buys you one evening of fun with your friends and creates good memories then it's not a waste of money. It's an investment on your mental health. Same with netflix. If a local library doesn't have the film's/series you want to watch you can check beforehand if netflix hast them, write down what you want to watch, make room/time for watching them and pay only for a one month membership and cancel it afterwards.
8$ isn't wasted if you spend it on something you actually enjoy doing. 

Being frugal is great but being unhappy not so much.",ADVICE
1847,Talk to the teacher. ,ADVICE
1848,"I agree 100%. Although nobody should be forced to have sex, denying your partner sexual intimacy over a long time while asking for strict monogamy is a form of abuse.",APPRAISAL
1849,"Well it’s good he didn’t give you anything. I’m just wondering why him having an sti was even a possibility if he didn’t have it before and you guys are exclusive? Obviously if you get s weird bump or something down there you want to get it checked out. I’m just paranoid probably lol. But yeah there’s a small chance he actually forgot, unless he’s jus an airhead and forgets things a lot",ADVICE
1850,"Hope you are able to get things resolved soon.

Had my debit card duped once years ago. Had been in Virginia for a class and then met back up with my boat in Dutch Harbor, AK. A few weeks later we are up past 70 degrees north in the Arctic Ocean and I'm using the sporadic internet to check my statement and see over 1500$ in charges spread across multiple gas stations in Florida. Managed to reach my bank via satellite phone and explain it was physically impossible for those charges to have occurred. 

Later on was able to email them a list of all the disputed charges. Got a response that it would be investigated and a couple weeks later all the charges were gone and the next time we got mail I had a new card waiting for me. Wish it was that easy for everyone in a similar situation.",ADVICE
1851,This is something I’m working on too. I often will call something stupid if I disagree or don’t want to do it. I didn’t even realize I was doing it until my bf pointed it out.  Definitely agree that it will improve your communication with your partner if you break the habit!,ADVICE
1852,"Do you mean ""complacent"" like ""keep the spark"" and the general desire to keep at it? ",APPRAISAL
1853,"imo, i don’t think it counts as cheating. but then again, people have different definitions of cheating. just be completely honest with her & im sure she’ll understand from what the situation sounds like.

also, sexual assault is no joke- there are plenty of resources out there if you need it! wishing u the best of luck !",EMOTIONAL_SUPPORT
1854,I would almost say the same about him. I would say he's a pretty insecure dude with a massive victim complex. But he's not a bad guy by any means. ,ADVICE
1855,In New York whether or not you would be entitled to payout of accrued PTO upon separation would depend on the terms of the company’s PTO policy.,APPRAISAL
1856,"Started using a neutrogena one just a week ago, it's been working a bit better since a generic brand one, still not quite there yet though",APPRAISAL
1857,I don't believe you've been an ass. Quite contrarily i just believe you're trying to help me out,APPRAISAL
1858,"Her demand isn't completely unreasonable, neither is yours. A compromise could be agreeing to have a long engagement. Maybe get engaged, move in together but don't actually begin the wedding planning until after a year or so? It's not unheard of and it would give you some time to feel out how you two do together. ",APPRAISAL
1859,"Being a graphic designer myself, I can attest to the fact that you need to get paid. If it is a friend and their gratitude is sufficient payment, then by all means release the video.

But, if you will be eaten away by resentment and disappointment, you need to request some of the money, or all of it if only partial payment is unacceptable.

You know why artistic people are starving? We choose to. I have been burnt many times, and it seems like it happens with the clients I am most close to. 

If you can find a common cross promotional ground, where your work will reach new eyes by being promoted through their services, kind of think Doritos Taco Bell or Cheetos Burger King (horrible examples, but fresh in my mind).

If they don't value your work and effort enough to pay for it, they don't deserve the video.

",ADVICE
1860,"It probably won't matter, but if you want to be sure, return to the bank with the check and have it reissued.",APPRAISAL
1861,"If the interest rate on the student loan is below 5%, I wouldn't worry about paying it off early, I would just keep making the payment and put as much into retirement savings as you can comfortably afford.

If the student loan is a high interest rate, especially 8% or above, then yeah you need to pay that off pronto.",ADVICE
1862,"Run and don't come back. I've spoken with a person who gambled everything in his life and is a million in debt. My uncle is also a gamble addict.

You can't help them unless they realize they have a problem. Just try to minimize the damage they can do and help yourself. The person who had a million debt realized after selling his house to gamble how bad he fucked up and is now trying to start his life again. He is 50 and it took him a long time to realize. My uncle is still addicted, has no contact with family and no one cares about him anymore.",ADVICE
1863,"Here is what Nolo says ... take it with a grain of salt and contact an attorney or look up the state code yourself.

[https://www.nolo.com/legal-encyclopedia/handling-tenants-abandoned-property-north-carolina.html](https://www.nolo.com/legal-encyclopedia/handling-tenants-abandoned-property-north-carolina.html)",APPRAISAL
1864,First thing you need to do once the baby is born is a paternity test. If its not yours you need to end this relationship ASAP. Why would you want to be with someone who cheats on you and disrespects you? If she’s trying to pass this kid off as yours do you not see how dark and evil that is? Imagine not knowing then finding out years later. Raising some other mans child unbeknownst to you. Supporting the child emotionally and financially. This happens. You can read some stories on Reddit. A woman who does this to a man is soulless. You want someone like that in your life? You’re fortunate you could still possibly walk away unscathed most guys in this situation don’t get that opportunity.,ADVICE
1865,OP can't afford a dog. Getting a dog would probably end up with it being back in the shelter.,APPRAISAL
1866,Very powerful words. Thank you for your support ❤️ all the best to you too,APPRAISAL
1867,"First of all, sounds to me like you're not even technically dating her, so if you kiss someone you wouldn't really be cheating. That is of course unless you've officially made it clear to one another that you are a couple. Secondly, there's nothing wrong with feeling confident however, if you're not interested in her any longer you need to be honest with her and tell her that. Know that regardless of what you do, if she's really into you, it will hurt her. That's part of a relationship though. When it ends someone has to hurt someone, unless it's a mutual decision.",ADVICE
1868,"It's just a low point in your life.  There will be better highs. 
Look up interview tips.  Dress smartly.  Be yourself.  Be casual and confident.  You'll get there; don't worry.",APPRAISAL
1869,"i am currently studying at uni to get my degree. I have a small bartenders job on the side but its not near enough money to move out.
",APPRAISAL
1870,Thanks for giving our two cents. Honestly really helps. Imma take this advise to heart. I have a great support system and honestly have never had a problem getting girls but I’ve never been in love before so this is different. I’ll try to recognize there is better suiting women out there for me that will be more compatible and I’ll just have to use this situation as a learning experience. Appreciate it ,ADVICE
1871,"Have you reported this to the police? Suing might be what you have to do in the future, but forging a signature for a financial gain is a crime. 

If she is convicted, she would almost certainly be ordered to repay you the money.

You should consider contacting an attorney about this as well. ",ADVICE
1872,Definitely don’t get back together with this child. From what you’ve described this guy is deeply replaceable. ,APPRAISAL
1873,No I'm trying to stop it's been 4 months,ADVICE
1874,Get out. Get out! This can only end in pain. ,ADVICE
1875,"This. Unless you are both virgins when you meet, what does it matter? If she/he is a great s.o let the past go. ",APPRAISAL
1876,"Well, you are guilty of it too. You should apologise and hope they will give you a second chance.",ADVICE
1877,"Thank you for your response. But outside of that, still a good idea?",APPRAISAL
1878,I’m deluded because I’m asking for opinions or because her sexual past bothers me? ,APPRAISAL
1879,"I'm afraid of losing her all the time. I'm insecure. I think me being bad all the time is gonna make her get tired of dealing with this/me....

edit: 

> u sound like a 15yr old who finally got his 1st girlfriend. don't take it the wrong way tho.

I won't, you are not the first one to tell me this.",ANECDOTE
1880,She should buy her own car using her own credit.,APPRAISAL
1881,"Yes, roll it over to a Roth IRA.  Because you can't roll it into your new 401k, your only options are to leave it in the old account or roll it into an IRA.  Vanguard is a very good brokerage and almost certainly will have lower fees and better options than your old employer's plan.  You will also be able to contribute to the Roth IRA directly, provided you meet the eligbility requirements for contributions.",ADVICE
1882,"Seems like getting a job would be a better way to start rebelling against their tyrannical rule rather than bitching about cell phone tracking. 

Plenty of 17 year olds have jobs and live in not their parents houses, it can be done. ",APPRAISAL
1883," "" Why would he have done this?"" you want us to speculate what was in his mind, to make you feel better? From my POV I think you are a lonely person and you want to talk or be with him, so pick up that phone and give him a call to find out if you guys can meet or do something before he leaves( if you are a person who entertains exes). 

OR 

ignore his ass and focus on your life.",ADVICE
1884,"Well why didn't I think of that. I would think it would be taxable though.

Actually Google may have helped me see your point. It indicates that the policy value above the amount of the premiums paid would be taxable. That's only a few hundred bucks so probably shouldn't affect me much ",ANECDOTE
1885,"I got out of an almost four year relationship in April as well. I've  had 'flings' with a few women since but it's usually happened by coincidence rather than actively seeking out another partner online or in real life. Online dating is okay for some people but I've found it to be really forced and it just felt unnatural but you could give it a go. If you want to meet someone in real life then maybe go out for the day and if someone happens to take your fancy then go up to them and strike up a conversation. If you're feeling up to dating again that is, there's no rush to get back into these things. Good luck:)",ADVICE
1886,"""He didn't know about me and assaulted me""

I gotta say, you take that in stride much better than I would. I had to read that several times to let it sink in.

GTFO, brother. Obviously her ex is a raging cunt, but unless you plan on taking that Krav Maga seriously or buying a tazer, no new date is worth getting your ass beat. ",ANECDOTE
1887,"Your cat is a predator. Hunting and killing things is her natural instinct and any punishment you attempt will not mean to her what it means to you. You will ruin your cat's trust in you if you keep doing this and it's really not okay.

If you're insistent that this has to stop, either don't let the cat outside anymore, or find things that deter these animals from your yard.  ",ADVICE
1888,"I understand where you're coming from feeling that way, but (although not a lawyer) it's hard for me to see, legally, how he's screwed you.

You still have rights to the back yard; you might have to negotiate a schedule with new upstairs people if your dogs aren't good with them.

This is all, unfortunately, part of apartment living.",ANECDOTE
1889,"If you smell shit all day, then check your own shoes. 

I heard something like that when I was a little younger, and it just clicked with me.  Don't blame everyone else for something that you can fix. 

If this is something that's always happening to you with different groups of people, you need to take a step back and figure out how to fix it.  

If it's just one group of people always doing this to you, find new people. ",ADVICE
1890,"I understand your family is very important to you, but that should not ever inhibit your educational ambitions. Your mom surely understands how important your future is. Go to college and make something of yourself, you will never regret gaining knowledge. Your mother will be fine, nobody has ever died from loneliness. If anything, she may start to put herself out there more after coming to terms with her newly empty nest. Set a schedule with her to FaceTime/Skype on a weekly basis. Maybe make plans to have a family get together once every month or two if it doesn’t get in the way of your classes. Good luck. ",EMOTIONAL_SUPPORT
1891,"What are you worried will actually happen?

If he was going to cheat, he doesn’t need this venue to do it. 

You either trust him or you don’t. ",APPRAISAL
1892,"Does it have to be a gift.  How about a nice, romantic dinner and a card?",APPRAISAL
1893,"I look at it this way.  Tonight is 'amateur drunk driving night'. Too many people getting drunk and all. Even if you took a cab everywhere,  and did the responsible thing, some jackass that thought he could drive home crashes into the cab you're in.   


I know this cause I was that jackass once. ",ANECDOTE
1894,"Hey man, do you have the problem anymore?",APPRAISAL
1895,I guess it depends on whether you want to punish her for being responsible and fixing her mistakes.,APPRAISAL
1896,Tell him you're shy and hope he respects that and won't bring it up again. ,APPRAISAL
1897,"I’d tell everyone involved we are splitting the payment 3 ways...yourself, sibling and parents. I really feel bad for your wife in this whole situation. IMO you should have never let the unknown go on as long as you did. Seems like everyone just looked away until they couldn’t any longer. Not your problem anymore. They are at the ending of their lives. Don’t let it destroy your family’s future. Also I didn’t think 100k a year was that much in NYC. ",ADVICE
1898,"So if he lived with you?
Do you think he would want to hang out with your friends?
Cus from what you wrote sounds like no.
And that means that you need some weekends to hang out with your friends and not him.

Is he threatened by them?

My wife does her own things when ever she wants to even flying to Sydney for weekend  away with her frends.

Dont let him shut your life down just tell him it can't be every weekend. Keep one a month for you. If he has a problem with it you will know there is a problem.",ADVICE
1899,"Honestly, ignore them. When someone says something, don't acknowledge what they said. Act like they never said it and move forward with the conversation, or walk away. 

Person 1: (insert insult here)
You: I can't believe it's so warm out today! 

Then exit stage left. 
",APPRAISAL
1900,"I don't know, to me that is a sexual and a very much disrespectful act yet somehow i feel as if its something to be talked about rather than dumping at first sight.

What i would do is let her know that this is a problem and then depending on how that conversation turned out i'd dump..or not dump. So i guess im saying that you have to have a chat with her about boundaries. And of course since you feel betrayed you should think of the possibilities of ending the relationship. ",ADVICE
1901,"I'm so sorry friend.  She was afraid you would act the way she does, its time to leave her.  ",ADVICE
1902,"I hope we don’t get to that. If he really wants to be alone and enjoy life, I don’t know. Or if he really is tired of me then he should move out, that’s the way I see it. Why still live together when you want to separate? Avoid a messy divorce? Child support? I don’t know.  I tried to talk to him yesterday but there was no a way of having a conversation, he just kept saying he’s tired of me not doing the right thing, me is the problem and to do whatever I want. ",ADVICE
1903,"Sounds insecure to me, potentially some psychological or medical issues could be causing this, at the same time it’s hard to tell if he legitimately feels what he says or if he says what he says in an attempt to control you.",ANECDOTE
1904,"This.

Suicide threats should not be taken lightly.",APPRAISAL
1905,"yes i do, been there, done that. the possibility still remains that OP isnt being told the truth.
Her unwillingness to abort a rape baby raises questions. People lie, yes, even women. Not saying thats always the case, but it is possible.",APPRAISAL
1906,Is she depressed? ,APPRAISAL
1907,Unfortunately not your style doesn't matter in a legal forum.  You can't expect someone to work with you if you aren't willing to put in work yourself.  ,APPRAISAL
1908,">For example, after a causal conversation with a friend about how he buys drugs off the internet he sent my boyfriend a really nasty and hostile text about how he’ll kick him out if he ever distributes or orders drugs to the house

If your boyfriend orders drugs to the house, he should absolutely be evicted. This is not only stupid, this is a crime and could put the landlords and other roommates at risk.  He should absolutely be putting his foot down on this.  If your boyfriend needs to live elsewhere, he can get a job and find a room elsewhere.  

",WARNING
1909,"Hey thanks for that! I didnt know what the Australian subreddit was. 
I called the non-urgent police number upon finding my property empty but it seems like the police didn't really care? Either way they weren't really escalating it or giving me the option to so I guess it was just a place to store information as it was happening?

I might talk to the company tomorrow about the misunderstanding, I just don't know what to say at this point. Thanks again!",ADVICE
1910,"1. Socialization comes incredibly easy, i chatted with randoms on the daily, but i never went out my way to make those people serious friends, although chances arised.
2. If engineering and Math is your passion, go for it, study hard friend. College is only hard when you let the distraction of freedom wear you down. Know when the time comes to say no more partying and socializing and time to study.
3. You'll get laid. I never went to a university, i went to a community college. Less chances there. But at universitys its a breeding ground. i know some pretty ugly guys i was friends with who NEVER had a gf all of Highschool, who went to a university, and they had their first times because of college skanks. But let this be a lesson, if its easy, its not quality. dont get to involved with  easy skanks, they can make your next 4 years miserable. Lesson here: Dont have sex without a condom, condoms suck trust me i hate them. But no matter what these girls tell you, dont go without it. College is the highest chances to catch a disease.
4. Going back to 2. If your major is passion youll go to class everyday with the highest value to learn. If its something youre picking bc mom and dad said to, chances are youll hate it and not do to well. Also again, college is great fun when it comes to socialization, but know your limit. Know when its time to stop the fun, and get serious. far too many people party their assess off and try to cram in studying 2 weeks before exams.... for some it works, and for some, youll see them back in the same class next semester bc they failed. ",ADVICE
1911,"But it shouldn't be based on your past pay nor should that be the way to identify if the job you're working towards is matching your expectations pay wise. It's based on market value, individual experience, and unfortunately for some, negotiation tactics.

In this case, they can't low ball someone because their past job didn't pay well or was being under pair for various factors. It doesn't block a discussion about the pay for the role, it just blocks asking what you're currently making.

I've only had 2 interviews out of the 10+ years post college I've been asked for past salary. And I cut those opportunities short as it tells me right away they are unsure what to pay or are chasing the lowest pay. It's all about how I answer the question of ""what are your salary expectations"" when prompted. Researching the market, pay for the role/market/industry/region, and then what premium if any I am chasing.
",ADVICE
1912,"It means your car will now have a ""salvage title"". That will dramatically impact the re-sale value but it should still be insurable. ",APPRAISAL
1913,What do you want to do? What are you hoping that you’ll be able to accomplish here?,APPRAISAL
1914,"You two are at very different places in your lives, as you should be, given the large age difference and your still being in your teens.  There are plenty of men your age out there.  Since this is your first relationship, you have no frame of reference.  It’s time to start over — interacting with people your own age with whom you are able to share like experiences.  This guy is headed in a different direction.  ",ADVICE
1915,"Do what you want, again I handled claims like yours when I used to work for a major insurance company and that's what renters insurance (LIABILITY INSURANCE) is for. And now I work for a platinffs law firm so I'll 100% tell you that no respectable law firm would take any case you think you might have for the apartment complex holding you to pay this amount.

Good luck OP ",ADVICE
1916,"Thanks for the feedback. Do you know if there's a limit on the number of savings accounts? Not looking to get carried away, but I like your method of having different accounts for different purposes.",APPRAISAL
1917,"As a light sleeper, I've used a box fan to minimize noise, and it's been a really effective tool in getting a good night of sleep.",APPRAISAL
1918,"Evening OP
Have you considered working short term in the U.K?
We have a fairly decent basic wage here 
I live near London in the uk in a moderately sized town( Crawley West Sussex) 
My town is home to a lot of different European people who predominately  come from Poland and Romania to work here short term from 1-5 years often while trying to live as frugally as possible in order to save up enough money to go home and be able to live there lives comfortably 

(These figures  are not  exact but a good gauge)
Basic uk full time minimum wage job 
After tax:
£12,000 year
£1,200   Month 

Costs:
Rent 
1 bedroom in a shared house 
£250-£400 pcm (all bills including heating internet and power with full kitchen and garden facility’s)

Food
£100-£200 pcm

Other expenses like: phone, travel, sweets, the pub etc 
£100-£200 

So potentially that leaves you with 
Monthly   : £750     -PLN 3595.88
Yearly       :£9000   -PLN 43150.57
And your flight would be about 
PLN800

Hope this helps you or if not another European feel free to DM me if you have any questions

P.s don’t worry about us Brits we are for the most part a friendly bunch of fellows we aren’t all the horrendous anti EU bell ends the media makes us out to be 
",APPRAISAL
1919,"You aren’t overreacting. You saw it with your own eyes. Just think about how much of a hypocrite she is. You can’t even go to work functions where other women will be but she can tell a guy she met online about her entire sexual history. The line was crossed when she stayed up all night talking to him, and definitely when she told him she would date him. Just cut ties and move on. Have fun at your future work functions and find somebody that respects you.",APPRAISAL
1920,"I mean they are just collecting the taxes. The taxes are actually owed to the state. If you don't pay the dealers, then the state doesn't get paid, and they are going to go after you for it",ADVICE
1921,"He might deserve jail, but being aggressive toward a very recent rape victim helps no one except your ego. Please educate yourself on rape culture, and remember the only person responsible for a rapist is that rapist. A trial can be so emotionally taxing, and OP doesn’t have to decide tonight if she wants to do that.",WARNING
1922,"I'd say early thirties. Change the way you style your hair, maybe the way you dress. Presentation plays a pretty big role in how people see you.

Find some male fashion blogs for this sort of thing. I'd look around myself, but I gotta head to work soon. But if you'd like help finding them, let me know!",ADVICE
1923,"Especially since he only got over her b/c she moved. I don't think he's over her at all, and I'd bring all the popcorn if she moved back",APPRAISAL
1924,"The thought of talking to a guy in high school always made me super nervous. My friends would make fun of me cause anytime a cute guy was around I wouldn't say anything. She's probably really nervous and doesn't know what to say. You should go up to her and talk to her, even if her friends are around. ",ADVICE
1925,">Have you evaluated if you qualify for head-of-household filing status?

This actually bumped it up by $805!",APPRAISAL
1926,"hope your mom finds a job soon and doesn't have to deal with that anymore. you're a supportive kid, good on you. and yeah fk ur mom's friend for being so shady and not just telling you, you definitely had a right to know and she didn't need to make you extra nervous by not telling you",APPRAISAL
1927,"My favorite way of making a decision is to flip a coin.  If you truly don't care about the outcome, then go with what the coin says.  But if you flip the coin and it lands ""wrong"", you know to pick the other option.  For decisions with multiple choices, use a dice or a random number generator.",ADVICE
1928,"He blames himself for your cheating. If you want that your relationship has any future talk him out of it. Take the full blame for your cheating and work hard to earn his trust back. You will feel better if you make it harder for yourself.

Ban your exfriend from you life. And work on your communication with your boyfriend and never stop working on it.

You seem to love him and mistakes can happen. But you have to change to avoid doing this mistake again. If you can not do it leave him before you break his heart.",ADVICE
1929,"Thanks for the advice, I’ll check when it comes in. I have my 401k to max in 2019 but wanted the Dec 31st paycheck to count towards 2018 to maximize my total contributions, as I was not able to max my 401k in 2018.",ANECDOTE
1930,"Yconic is decent for the USA and Canada, large selection, fairly easy to use, and searchable/sort-able.
Remember it can't hurt to apply for anything and everything, not just things that fit best for you.",APPRAISAL
1931,"They should be refunding the costs of the flight, and you should use that money to buy a new ticket. At most, they may be responsible for the price difference in the new ticket (in similar seats on a similar level airline) of those same dates. And even that might not be that enforceable. 

complane.com.au is apparently a good site to use to complain to the airline. But I'd definitely call the airline's customer service first, ask for a manager, and try that approach first.",ADVICE
1932,That particular card from Capital One is considered a beginner credit card for average credit. The limit always starts low and takes about a year to really go up. You can ask for an increase every 6 months but they'll be small increases.,ADVICE
1933,"Exactly why I said screenshots, not that he needs any proof. Been through it myself. It’s helpful to have fresh reminders during those he said- she said- emotionally charged arguments. She’s obviously going to blame him anyway, I wouldn’t confront her, more so just *tell her* it’s over. ",APPRAISAL
1934,"Postnups are a thing in most states (source: I have one). How the house is treated in a divorce situation even with a postnup in place is quite another (it is usually treated as marital property regardless of whose name is on the deed, mortgage and what the postnup says). It really, really depends on state laws. There are ways to get a house ""off the table"" as far as marital assets go, but it's somewhat complicated and, obviously, requires both spouses to agree to it, but it can be done.",APPRAISAL
1935,Call the ex. See how she feels.,ADVICE
1936,"Talk to her about it, alone, not in front of people. Find a way and be serious about it, then, express your concern. It might not end well for you initially but if that really, truly is what is happening, then that person more than ever needs someone to ask. They might hate you for it, but, deep down inside, you just interrupted the self destructive narrative they have been hiding in and it could potentially change/save their lives. Also, if that isn't what it is, why is it your fault they don't understand the severity of what you were trying to do? Good riddance. DOOOOOO IT. Talk to them. GOOOOOOooooo.",ADVICE
1937,"My guy, she's controlling and abusive. Self-harming and blaming you for ""making"" her do that is shitty of her and a form of emotional abuse. 

**YOU ARE NOT RESPONSIBLE FOR HER BEHAVIOR** and this particular behavior is just to fuck with you.

Dump her, and then maybe tell her parents about her behavior so that she can be stopped from hurting herself in retaliation. ",ADVICE
1938,Edit: Your fuck up wasn't bad. The cheating was. You're fine,APPRAISAL
1939,"Honestly I completely understand what you're saying here and I don't exactly have the most ethical set up. As it is, I don't know if I even want to be here by the time spring rolls around so I'm not about to add myself to the lease.

I have friends who know I'm not technically a resident and I can go to them in an emergency. And I'm sure my roommates understand the risk. I also know that they have family they can stay with if they need it. If I end up liking it enough there to stay I'll sign the renewed lease in August. ",ADVICE
1940,No. No way is this ok. Do not let him near the delivery and tell the nurses and doctors to not let him choose the name on the birth certificate. This cannot happen. ,APPRAISAL
1941,"I have too which is why I mentioned it. The only woman I've lived with alone is my wife. That's been great (overall). Both 1 on 1 living situations with guy friends in my past were unmitigated disasters. Living with other people is hard, but it seemed way harder with just 1 other person. Never had that level of problems when I split 3/4 br set ups with guys (or the one time it was mixed). Good luck with your decision and the move if you go through with it.",ADVICE
1942,"I don’t see an issue with how you handled it. I’d be pissed too, yes women in relationships can be friends with guys that their bf’s aren’t friends with but exclusive hang outs are a big no-no. Huge red flag. The fact that she doesn’t see an issue with it either is a problem. 

Sit down and talk it out and if she won’t take the time, let the ship sail. You deserve someone who will take into account how you feel. ",WARNING
1943,"You can't change what you have or haven't done.  You can just choose what you do in the future.  So you may always regret wasting the time, but don't waste more time now.",APPRAISAL
1944,If that's OP's prescription from his doctor then that's what he needs to take. You can't compare people. The issue is his gf giving him the ultimatum of his perscription vs their relationship.,APPRAISAL
1945,Yes... Press charges... I was 16 and I/my parents did not press charges. My son's dad was able to gain visitation and he was subject to his dad's terrible behavior for 7 months before I was able to stop visitation through the courts.,ADVICE
1946,All of that is typical. The cost of surgery goes to the hospital and the doctor takes his own cut. You will probably be charged another 250 for the follow up. Welcome to American healthcare. ,APPRAISAL
1947,"My advice? Tell him. You should tell him. Sure, It'll hurt. But It's better to tell him and be heartbroken for a little because it didn't work out Than to never tell him, and miss an opportunity that works perfectly. I wish you the best of luck! ^ ^",ADVICE
1948,Its not really about the budgeting...because I do budget some spending money for myself. (I have tried the envelope system as well) What I'm saying is that I feel anxiety even spending that money I allocated FOR spending. So I end up not even spending half of it,ANECDOTE
1949,"So messed up I have to spend all this money to hopefully get it reduced/thrown out, but if that’s my best shot I’ll try to make it happen

In your opinion, what is a good defense here",ADVICE
1950,That all makes sense. I guess now I'm just worried she'll realize she doesn't long for me or feel sad. It's driving me nuts not being with her. ,ANECDOTE
1951,"If you wait until you can afford them, or wait until “the right time”, you’ll never have them. We waited 7 years before our first and almost didn’t have any. Then we fell head over heels with the little guy and had more kids. Crazy, messy, loud, and life-changers! But we loved being parents. Now they are young adults. And we are glad we had them! But we are weird like that, haha. ",APPRAISAL
1952,"You can report to police for harrassment, and I'm also pretty sure that there is a crime about telling someone to end their own life.",ADVICE
1953,I agree with this. They're both so young. This is far from your last relationship... Your young years are all about figuring your life out. It's best to part ways.,APPRAISAL
1954,"I have to say that my first take on your situation is you need to make yourself more of a priority.  Here's why...

Without actually being married, if the relationship collapses, you'll be left truly on the street (no spousal support, no place to live).  I'm not trying to predict doom, but from a contingency standpoint, if life where a chess game, your queen is totally exposed.

I would look for work (CNA or LVN) close to a campus that offers a BSN and pursue that in earnest.  I have a friend that makes a decent living as a phlebotomist. The separation will be a strain on your relationship (but so will his basic and specialty training for the USAF).  Put yourself first.  You feel like a failure because your priorities are a '*nursing his life*' instead of your own.  Somewhere along the way you lost yourself in this boy/man.  

When my daughter (who is married to a great guy) graduated from college, I remember her mother-in-law gave a profound toast at the celebration.  She told my daughter that her college degree was hers forever.  No matter what happened.  She can't be divorced from it.  Her degree can't die on her.  Her degree wont run off with it's secretary.  Her degree wont erode, corrode or fade.  It's as permanent as she is.

Focus on you, even if it strains (or even ENDS) your relationship.

Cheers and good luck.",ADVICE
1955,"Yes; but what I'm getting at is you're basically minimum wage. You will struggle to own a house, save for retirement, own a car, start a family, etc. unless you live a frugal lifestyle or your significant other has a high income. If you are okay with that, then by all means, live the way you are now; but the cost of living always goes up, and things will only get harder.",ADVICE
1956,"I once did this for a coworker and I will literally never do it again. They were so disrespectful of my items, apartment and just so horrible I had to kick them out after the agreed upon time came and WENT. 

My BF also did this for a friend and the same thing happened. 

We definitely learned our lesson, but it’s kinda depressing

sad to know that now if someone  I don’t know *really* well is truly in need I won’t be willing to assist :( ",ANECDOTE
1957,"As sad as it is, that is a good answer. Sometimes (especially in long distance) people just fall out of love, and she isn't wasting your time by pretending to love you as much as she used to. It's not your fault, and it's not really her fault either. ",APPRAISAL
1958,"If you're using your efund for actual emergencies as you're accumulating it, you're still doing it right. ",APPRAISAL
1959,"I just broke up with a woman that did this sort of thing.

When I was bringing flowers, cooking, or doing something nice out of the blue it was great. But if I ever forgot something she asked me to do, or brought up something that was bothering me I was the devil.

I think people that act this way have some serious personality flaws that they'll have to work out themselves since it's impossible to discuss difficult topics.

It's not healthy and undeserved.",ANECDOTE
1960,"If she hits a car that isn't moving after repeated honking, I'm pretty sure that's reason enough to question her ability to drive. It's not OP's responsibility to look into this, but I do think people are reasonable when bringing it up.",APPRAISAL
1961,ASK HER OUT. IF SHE SAYS YES? SHE LIKES YOU!!! IF SHE SAYS NO? THEN YOU HAVE YOUR ANSWER. JUST DO IT!!!,ADVICE
1962,"Honestly don’t see what the problem is telling someone you love that they smell. Just a few months into my (now 5 yr) relationship I made a FIRM rule that we would not kiss if she ate sushi and I didn’t. It just turned me off and I didn’t like it and she stuck to it and it was kind of funny. 

If my vag was turning my partner off I’d want to know. Not saying I’d change my whole downtown area just to please my partner, but I like the idea of two people equally turned on having sex a hell of a lot more than one person turned on and one person gagging from disgust. 

Be honest with her and if she still downplays it I would literally ask if she “cares whether you’re able to get turned on or enjoy sex as much as her or not”. If she doesn’t that’s kinda fucked up. ",ADVICE
1963,"Honestly it just sounds like he needs some space. I know it's hard to not be insecure but like you said you just got back from a cruise and he's sick. My boyfriend and I live together but I still go over and stay with my mom sometimes just so we can have a bit of alone time and space. It has nothing to do with our relationship but sometimes it's just nice to be alone and I'm usually over there for a day or two and we miss each other by the end of it but we still have our alone time, and don't text too much while I'm gone. ",APPRAISAL
1964,"The renting is a lot safer because theres minimal unexpected costs and upkeep. I would not buy unless you'll have a roommate.

I bought and did not take in a roomate... it ended up being a miserable 6-year grind. I rent now, invest my money and am free to move from city to city, life is good!",ANECDOTE
1965,"i've read lots of stories of CBD+THC, specifically RSO, for cancer.    ",APPRAISAL
1966,"An employer I've had  required previous pay stubs..... My employer was the US Government, they matched my previous salary. It's pretty normal in government work. ",ADVICE
1967,"Also, the last week has had a lot of holiday stuff going on. You will probably have better luck this week",APPRAISAL
1968,"You’re 18, the kid isn’t yours, and SO much is going to happen developmentally for you in the next 4 years.

I think you know what is best for you.  ",ANECDOTE
1969,Yes to all of the above. Better now than after investing futher of yourself into this person.,APPRAISAL
1970,"It matches yours perfectly

Btw this post was what I was referring to in my comment about how you were acting btw. I’m so happy you found it and read it because now you can see your actions.",ANECDOTE
1971,"This is true. It works a lot. I just wanted to add that sometimes it's not just because you're a coward or dumb, there are many circumstances in life that may force you to take decisions you're not 100% okay with, and that should be totally understandable. It's just a shame that HR and employers in general take advantage of it. That's just fucking evil. But then again, work isn't about being fair... It's more about being persuasive I think. As in, it would be fair if the most educated people got paid the most, but in reality it's the people who can persuade the employer that they're the best that will get paid the most imo..",ANECDOTE
1972,"Here is what I would do, go speak with your doctor (you can do this without your parents, this is your right). Talk to your doctor about a therapy animal (there are many that are trained to help with anxiety and keeping you calm before you know you're about to have a panic attack). If your doctor agrees that you would benefit from a therapy animal (which are highly expensive because of their training) have your doctor speak with your parents. If they don't want to doll out the money to purchase a therapy animal, ask if you can adopt an animal from a shelter. These tend to be much less expensive and come fixed, micro chipped, and up to date on shots. Which means, they would spend 100 to 200 dollars rather than 2 to 5 grand. ",ADVICE
1973,"You are not alone; we all at times in some way hate ourselves. Self confidence is a deep seeded thing and believe it or not, the source of any of these problems lies in how you see truth. Until someone respects the absolutes of life, they can never respect themselves. There is, of course, false self confidence. It manifests itself as feeling good about you, having the courage to act on your own choices, and being untouched by the perceptions of others. However, any of those things do not necessarily equate to truly respecting yourself and others. They are simply a result that can come from many things. What you want to build in yourself, however, is real confidence - that which doesn't vary with situation or practice, but it only comes from real sacrifice. We are taught in every culture to follow a set of rules. These rules are seen as important and function to hold a society together. But the mistake that is made is seeing how reality is shifted by these rules and making the assumption that truth itself is a social construct. We don't do this intentionally in our minds. We may truly believe in absolutes mentally. However, in our hearts is where this mistake is made and it bleeds into our actions and our feelings because of it. We may tell ourselves we know something is true, but our hearts will always act out the truth that is inside us. So you can tell yourself you care about someone, but when the day comes to actually care, you may find your heart empty and unable to act. It is the same in this case. You may tell yourself that you love yourself and see yourself as valuable. You may mentally consent to the ideas that you are pretty or fun, but in your heart, it is empty. Furthermore, many people do not analyze themselves or their actions. They simply lay over their wounds psychology or some other construct to help calm the problem, rather than finding the root of it in their heart. It's easier to find a comfortable mental lie, than to get to the heart of a problem and deal with the actual issues. Anyway, if you want actual confidence live by what is actually true. You need to stop getting your value or creating your values by the perceptions of others. There is actual value and dignity to things. There are set real ways of going about treating things with respect that have nothing to do with a social creation. A truck will kill you if it hits you on the highway. People didn't determine that. Your feelings don't determine that. Your breasts are two little fun bags that feed babies and incite erotic pleasure. People didn't determine that. Your feelings don't determine that. A darker tone looks pleasant on a lighter canvas. Rich color creates contrasts that evoke all sorts of things. People didn't determine that. Your feelings don't determine that. You are not the center of truth. People are not the center of truth. Your feelings do not make something absolutely real, they just govern your actions which could be or could not be worthy of the time they take to do. The sacrifice then is to remain consistent. If you are going to stop putting confidence your ability or other's ability to create what is real and believe that there is truth outside of a social construct, that means living your life seeking the truth of all things and not just settling for some created version, aligning your life and your principles correctly. But as you actually live that way, you will get greater confidence in the truth, and, as a result, stop being governed by your feelings or what everyone else thinks, or, even what you think. That's where true confidence manifests itself -in a changed life willing to take the hit of not being accepted or agreed with or appreciated, and continuing to live life without fear of the result of being true, because truth matters more than its result. Your feelings are not your reality. Only you can choose not to hate yourself. Don't let what you feel be your reality anymore. There are greater things that determine truth than you or your friends. I hope this helps in some way, even if I am not entirely correct. Be blessed.",ADVICE
1974,"> Is it likely that this policy can still be redeemed in spite of the passage of time?

Not unless it was converted into a permanent policy at some point, which you'd have other evidence of",APPRAISAL
1975,"So I bought a Prius (downgraded from an Acura) when we moved to a new state and let me tell you, I love that little car. I had originally planned to sell it or use it to replace my husband’s car once we got established and get myself another Acura, but I’m actually 100% with driving this thing forever. 

I don’t have to pay to get it detailed 2x year, I don’t care to keep it perfectly clean. I will park in very tight stalls with no care because I fit almost everywhere! And if you hit my door I don’t really care much. I tend to speed and legit have never been pulled over in the Prius. I’ve been pulled over multiple times in the Acura. TBF though, this could just be the new state. I don’t go a lot over the speed limit, usually just keep up with traffic, but yeah never pulled over in the Prius.
 
So long story short I vote economy car. Nice cars are nice, but you have to put in a lot of effort to keep them nice and that is some work!",ADVICE
1976,"One of the remaining weirdnesses in the new tax code is the SALT deduction not being doubled for a couple.   I wouldn't be surprised if OP is seeing that in the calculator, assuming they are itemizing.  ",APPRAISAL
1977,"He was fucking with her head.

&#x200B;

People *expect you* to blow up, break their shit and throw them out. If you do that then it's way easier for them to pretend that they didn't do anything wrong. What he basically did was removed violent emotion from the situation in a way that forced her to become acutely self-aware of what she'd done to him. Chances are she's going to think about this for a long time.

&#x200B;

It's easy to forget when someone's ""mean"" to you. The way he subverted her expectations of what was going to happen when he found out can totally destroy someone as much as treating someone as if they never meant anything to you.",APPRAISAL
1978,You're worth more than her! Time to end it. If anything you're underreacting.,APPRAISAL
1979,"I know several friends who worked for the university, either as an RA (Free room and board) or as computer lab techs (Basically paid time to study and do home work.) There is usually quite a bit of work around for students that are flexible at rates around minimum wage. ",APPRAISAL
1980,"Ask them to stop? 
Send a mass email asking them to stop, reduce the number of times you hangout with those people until they let it go.",ADVICE
1981,Thanks this is a great read! I have no debt but she does have some (credit card and auto loan) but nothing we can't manage. This helps us prioritize where to concentrate! ,APPRAISAL
1982,You are holding him accountable for his actions by checking up on him.  I suggest marital counseling do he can figure out his issues.,ADVICE
1983,My wife travels with our daughter frequently for work. We always do the consent form anyway. She doesn't always get asked for it though. The form should be notorized. We also found that TD Bank does notary for free. ,APPRAISAL
1984,"Insurance consultant here that works with employers. You absolutely should talk to your HR department. You also can reach out to the broker your company works with. They have account managers at the insurance companies that are better at resolving issues than customer service teams at the insurance company that you as the member call directly. 

Also ask for a copy of the plan certificate, not the high level summary. It will have everything that is covered and excluded from your policy. Should be at least 50 pages long. ",ADVICE
1985,"No birth control is 100% effective.  Every time you have sex you risk pregnancy.

Combining a birth control pill, a condom, and spermicidal lubricant lowers the chances greatly, but there is still a chance of pregnancy.",WARNING
1986,"Putting aside all the reasons this sounds like a huge bag of trouble, adopting her would likely take longer than a year, at which point she will be an adult anyway. If you want to help her, encourage her to get in touch with social services or a local LGBTQ youth outreach.",ADVICE
1987,"If you change it your 401k would just have pretax and post tax money in it, unless you call whatever institution you have it with and ask if your plan offers a“Roth in-plan conversion” which would tax the money and make it 100% Roth, but the plan administrator offering that option is relatively rare. 

You can’t change the investment structure for a portion of the money. You would just see the difference on whatever page shows you the contribution sources. It’s all one 401k. They’re not separated for anything except tax purposes. ",ADVICE
1988,Look in to the cooper IUD. Its non hormonal. I'm gonna try it after I have this baby lol ,ADVICE
1989,Call or text to confirm she's safe now?,APPRAISAL
1990,"Being with someone for that long is bound to be difficult to get over. You shouldn’t expect yourself to just get over her either, she was a big part of your life.

The first few weeks are going to be the hardest. I think it’s important to really try to give yourself space, even if you know she needs you right now. It’ll make things harder if you allow yourself to be a shoulder to cry on. 

And remember, this is about your happiness too. You can still love a person and know you don’t work together romantically. I’m sorry that you’re going through this but hopefully doing this will bring you more happiness in the future. ",ADVICE
1991,"There is a [food bank in Bournemouth](https://bournemouth.foodbank.org.uk/locations/). I don't know if it's anywhere near where you currently are, but maybe they can tell you how you can at least get something to eat.",APPRAISAL
1992,"Stifle those feelings. Don't risk a good friendship by wanting what you can not have. 

This only ends well in a 90s Rom-Com, real life is gonna suck if you tell her.",WARNING
1993,"If her friend seems to be cool with it, and you trust this friend, maybe there's no cause for worry. Tell her if she knows where your mom is, to give you a call because you're worried.",ADVICE
1994,"We broke up about a month ago. Since then, I have looked back on how I was acting and I apologized to him about it. I realize that I needed to trust him more so I have been giving him little things I can trust him with so I can build up to trusting him a lot. I have a lot of guy friends and I needed to remember that when he is hanging around his girl friends so I feel that if we started up as a new relationship then I will carry on this  thought. ",ANECDOTE
1995,"Sounds like the cop offered reasonable cause to search you. However dubious his reasoning for doing it, it’s doubtful the officer’s search was illegal per se, if that’s what you’re asking. ",WARNING
1996,"Sorry but I wouldn’t even entertain the idea! No way would that be happening! Don’t let him manipulate you into choosing that girls name, just pack his things up now, 👋🏻 ",APPRAISAL
1997,"I was in a situation similar to this. She got mad when because there were a few girls that participated in my hobbies and tried to get me to stop my hobbies. I wound up breaking up with her after she accused me of not trusting her when her friend told me that she was cheating on me (found after i broke up with her she had been cheating for weeks). After we broke up she had a tantrum blaming me for her cheating, and then she attempted suicide (found out from her friends).

&#x200B;

I'm not saying you should break up with her, but you should ask yourself, is she really worth all the friendships and sleep you are loosing? is she really the kind of person you enjoy having in your life? Are you just settling cause you are afraid of being alone? after i answered these questions it was easy to see i had to end the relationship.",ADVICE
1998,"Take everything that belongs to you and leave anything that belongs to her. Nothing is shared until you actually purchased it together. For anything you did that with, one person keeps the thing and pays the other person for half. ",ADVICE
1999,"Yeah, I've been telling myself I would go see the doctor and get a referral to some therapist or psychiatrist but I never gave myself the push. I always gave myself excuses like I'm too busy but when I'm doing nothing I just don't bother going. You're right. I do need to get to the root of my problems. 

Thank you.",ADVICE
2000,"Nope, just wait for the proof of the debt. If they can prove it's hers then you can move on to negotiating and whatnot. Also, in the future you should try to communicate only through mail so you have a paper trail. Other than that, good luck!",ADVICE
