id,text,label
731,"If OP has an Android cell phone, check Google timeline to see if their location was being tracked at that time/date.",ADVICE
1540,"Do you have a home loan?

If so put it all on the loan it will save you hundreds of thousands over 30yrs or so.

I put all of savings into my home loan and saved me over $265k in interest over the term of the loan and if you need the money you can always pull it out.  ",APPRAISAL
1285,"Some bills can't be paid by credit card, others may charge extra fees that are worth more than any rewards you'd earn.",ANECDOTE
421,"It'll work out either way.  The guys are learning a valuable lesson early.  Warning them is up to you. I would only warn the guys that won't betray your trust.  If they listen they don't need the lesson. If they don't,  time for school.",WARNING
1290,"No reason she can’t try to do it on her own, but there’s no reason she can’t look into therapy either.  I did it on my own before therapy for OCD was a thing.  They used to simply hand you medication. ",APPRAISAL
1446,"They were less helpful than you'd think, beleive it or not.

They seem less inclined to help unless I am in serious need of medical attention, been arrested, or . 

Their solution is a loan with 30% interest for flight tickets, and it takes them a decent amount of time to arrange said loan (if I even qualify). I will return to them if I end up in what they consider an ""emergency"" condition.

Basically as far as they're concerned, as long as I can walk and talk, I should be able to find a way.",ANECDOTE
415,"I hurt just reading your post.  I notice you put “lol” after things you say that I think actually hurt you but you don’t want to come off as being hurt.   I think you truly love this boy.  But I honestly feel he is using you.  You don’t speak up for yourself.  You accept his lies and his laziness in your relationship.  You allow him to talk down to you, to falsely build up your hopes with a false declaration of love, knowing how IMPORTANT that word is to you.  And with callous disregard he tells you over text that you’re not worthy of his love yet and that he knows you give him your all.  I’m sorry but he has this all backwards.  HE is NOT worthy of YOUR time.  I hope you find the courage, strength, and fortitude to leave him.  You deserve someone who will show you respect, honesty, and real love.  ",EMOTIONAL_SUPPORT
1897,"I’d tell everyone involved we are splitting the payment 3 ways...yourself, sibling and parents. I really feel bad for your wife in this whole situation. IMO you should have never let the unknown go on as long as you did. Seems like everyone just looked away until they couldn’t any longer. Not your problem anymore. They are at the ending of their lives. Don’t let it destroy your family’s future. Also I didn’t think 100k a year was that much in NYC. ",ADVICE
1971,"This is true. It works a lot. I just wanted to add that sometimes it's not just because you're a coward or dumb, there are many circumstances in life that may force you to take decisions you're not 100% okay with, and that should be totally understandable. It's just a shame that HR and employers in general take advantage of it. That's just fucking evil. But then again, work isn't about being fair... It's more about being persuasive I think. As in, it would be fair if the most educated people got paid the most, but in reality it's the people who can persuade the employer that they're the best that will get paid the most imo..",ANECDOTE
1847,Talk to the teacher. ,ADVICE
89,"I hope it's that easy, especially since I do think it was dismissed without prejudice which if I Googled correctly means stuff can happen in the future.",WARNING
1064,"Thanks for the comment. It was helpful. The plan was always that he would absorb his own expenses once he was out on his own. We are going to work with him to create a timeline so he can start to make preparations now. And yes, my relationship with him is way more important than a car! ",ANECDOTE
1423,"Did this hotel not take a credit card from you initially? Most do for possible damages. In fact, I have never rented a hotel room without giving a card for possible incidentals. Do they want an additional card from you? 

It seems like for some reason you were let in to stay without the usual preparations and now the hotel is responding by keeping your phone unless you do give a card for damages that aren't even in your room. I would ask if there is any video evidence of you damaging the pool area. 

In any case, they cant take your property even if you did do any damage. I would ask for it back once more, while also asking for footage/evidence showing you destroyed hotel property. If they refuse, call the police for help in retrieving your property. ",ADVICE
206,"Thank you so much for this. I really appreciate that you took the time to read this and reply with such a thoughtful comment. It's comforting to hear this from a third party, though it mirrors what my friends and family say to me, too. It's difficult to think that he wasn't the kind, compassionate person I thought he was... and that I was that easily fooled. I also hate carrying this anger toward someone I cared so deeply about and was once so close to. I'm not used to being on bad terms with anyone. And I thought I meant more to him. But you're right -- I know in the long run there were many red flags and this was for the best. Hopefully the anger and sadness will fade. Thank you again. Truly. ",ANECDOTE
10,"She has to pay income tax on the value of the stock grant.

That is regardless of whether she sells the stock or not.  The stock grant is just salary,  paid in the form of stock rather than cash, so, she owes income tax on it.

If she does not sell the stock (or all of the stock), and it goes up in value, she will owe capital gains  tax on any gains when she sells it.  Long term capital gains tax (which is less than income tax) if she holds it for more than a year.  Short term capital gains tax (which is the same as income tax) if she holds it for less than a year.

Good luck.",WARNING
603,"yeah, I'd definitely sell your car and keep hers, hondas and acuras are rock solid if you keep up your basic maintenance. ",ADVICE
1148,"Dude. She's not your problem. She sounds like a basket case. If she had nothing to lie, she would of told you. Also calling her parents was the right thing to do.",APPRAISAL
1972,"Here is what I would do, go speak with your doctor (you can do this without your parents, this is your right). Talk to your doctor about a therapy animal (there are many that are trained to help with anxiety and keeping you calm before you know you're about to have a panic attack). If your doctor agrees that you would benefit from a therapy animal (which are highly expensive because of their training) have your doctor speak with your parents. If they don't want to doll out the money to purchase a therapy animal, ask if you can adopt an animal from a shelter. These tend to be much less expensive and come fixed, micro chipped, and up to date on shots. Which means, they would spend 100 to 200 dollars rather than 2 to 5 grand. ",ADVICE
305,"Roth anything doesn't make a ton of sense to me at that income level.
",ANECDOTE
1735,"As much as I like it I wish things were different. I hav a man who I love but this other guy is a great guy, granite I'd love to become physical..I implied that one night. Aside from kissing (which nearly our lips touched one time), extended intimate hugging & constant compliments on both sides that's it..one time I was rubbing his back & he kind of moved away. It was alil discouraging, I felt rejected and like an idiot. My whole thing is I'm pretty  sure he knows how I feel & he invited me out..messages me from time to time & always squares off w/ me at parties...why would he do that when his wife made it clear she's not crazy about me & risk the possibility of ruining or sending his marriage on the rocks..why would he continue to associate w/ me?? My whole reason for posting is to get opinions on the situation and your ideas if you think he's trying to take it a step further ..just be nice..or he likes the attention (which why would u want attention from someone ya don't like) ...I'm not here for ppl to tell me I'm wrong .. I'm aware at what I'm doing on my end. ",ADVICE
848,"Yea OK! If he wants something to “remind him of her” he can go look at a photo. But naming your child after your ex because of that reason is insane. Your 7 months pregnant with his child, married, and he can’t let go of this girl? He has to NAME HIS CHILD after her?? If he’s that attached to someone from his past that alone would make me question the relationship. It sounds like you guys really need to have a heart to heart. It would be a little different if he said “it has nothing to do with her but I really am fond of the name and here are reasons x, y, and z. But he just admitted that it’s soul purpose is to remind him of is ex.",WARNING
1232,Had a similar experience with BoA. Switched to Ally 4 years ago and haven't looked back.,ANECDOTE
1456,You need to move out.  Figure out how to do that.  ,ADVICE
1798,You are missing a lot of details here. Why are you leaving your family? How is your relationship with your ex and child? Do you have partial custody? How often do you plan to see the child? Are you paying child support? Do they have other people there for support?,APPRAISAL
1899,"Honestly, ignore them. When someone says something, don't acknowledge what they said. Act like they never said it and move forward with the conversation, or walk away. 

Person 1: (insert insult here)
You: I can't believe it's so warm out today! 

Then exit stage left. 
",APPRAISAL
1384," He went to a 4 year university and got two degrees while he was there (so basically, he did well in school and learned a lot). I don't know how he got the internship exactly- that is, I don't know if he had signed up for something at school or not, but Microsoft reached out to him in the end and he took the internship job for a year then applied for a full time position and got the job. It wasn't exactly what he wanted to do at first, but MS is a huge company and he knew he'd be able to move around in the company after a while and hopefully get into gaming and eventually he did. That is, he first worked on Kinect, and then on Holo-lens. He worked WITH some game devs who worked on Halo and stuff but he's never worked on a game like that. Now he's working with a studio (Against Gravity). They've got some games out for Vive. He's done some other VR work as well, also for Vive. 

I'm sure some people go right from college to a large gaming company but I haven't heard great things from people who have gone that route. I'd get very familiar with subreddits for people interested in software engineering, look for people close to your age who are a few steps in front of you to gather up some info about what you can expect from school and so on. But first thing is school and a lot can change once you're there too. Best thing you can do for yourself if you're not in college yet, is to get ok with studying and focusing on schoolwork and actually learning rather than just sort of skating by. The biggest issue I see with people IN college is that they're treating it like highschool. They're half-assing the work and trying to get a passing grade rather than actually trying to learn the subject matter. If you can teach yourself to learn, you'll be ahead of the game. Lots of people are developers but there are only so many good ones and even fewer great ones. You HAVE to do the work, and you HAVE to be interested in it to be great at it. 

As far as specific step-by-step ""how to become a developer"" you'll have to talk with a lot of developers and find out what they did, what decisions they made that were good and bad, and how they dealt with failures along the way. Don't just focus on the superstars, or reading about that one guy who spun up a game company and became rich over night- Talk with any software developer you can and get their input on the industry as a whole and gaming specifically. I'd have my husband talk to you with my reddit account but he's at work and I'm at home. Good luck!!


",ADVICE
1756,"Yes, because being disrespectful and adding fuel to the fire *always* helps calm situations.  

I guess ""turn the other cheek"" might just be too inflammatory.",APPRAISAL
1248,"It's one week.

He clearly had issues you weren't aware of because someone doesn't do this for such a reason alone. ",ANECDOTE
30,I'd send it back just to be cautious. Dont want to get sued for stealing property down the line. You should also start an email chain that proves you contacted them and tried to return it. ,WARNING
688,"Maintenance on condos is usually minimal and covered by HOA fees, but there can be special assessments for large projects (eg, roof).  So how much to save would be based on how often special assessments are, or if one is expected in the near future.

You'll still be responsible for everything inside your unit, starting with the paint on the walls, so you'll want to make sure you can cover appliance problems, etc.

> Does anyone out there have some condo pro tips?

Consider the HOA fee as part of your mortgage cost when you compare to rentals (along with property tax, PMI if applicable, etc), and, again, check the history of special assessments and whether one is expected soon.",ADVICE
1164,Divorce him,ADVICE
1102,Have you worked as an Art teacher assistant or something before? How do you know that you'll enjoy it? If finances aren't an issue have you considered double majoring or minoring in one of those 2 options? ,ANECDOTE
592,"Run away very quickly. Controlling relationships are a huge mistake. NO ONE should ever tell you who you can or cant be friends with. 

The longer you stay the worse itll get. 

Hes probably projecting. Someone acting that insecure sounds like he has something to hide. ",ADVICE
438,"You have to know the person you're with, but most importantly you have to understand this:

a) to be happy you need to trust and let your guard down
b) even if you're alwys stressing and monitoring, you will be cheated on and it will hurt just the same. If they want to cheat, they will.

Best thing you can do is relax and accept it. Some people are dicks and it is a trial and error process for all of us. Most people I know have been cheated on. It hurts but everybody eventually realizes a) and b) and just focuses on being happy. ",ADVICE
112,"NAL but the son of two cops, who has been in your exact position before. I have gotten one ticket in my life, and what I was advised to do by my mother, and other family cop friends, was I wrote a letter to the town court office, apologizing, explaining the predicament and an official print out of my driving record (from the DMV with a state seal, not just an online print out).  They wrote me back and dropped the points from the infraction, changed it to a non-moving violation, and I just had to pay the fine. Obviously might not work everywhere, but, if your driving record is clean like you said (my driving record literally just said I got my permit, got my license, got my above 21 year old license and that was literally it) they may do the same for you. Also, because they changed it to a non-moving violation, my insurance didn't go up",ANECDOTE
1234,"Next time she says that, just repeat what she says as a question ... like ""do you want me to be mean to you?""  ",ADVICE
1945,Yes... Press charges... I was 16 and I/my parents did not press charges. My son's dad was able to gain visitation and he was subject to his dad's terrible behavior for 7 months before I was able to stop visitation through the courts.,ADVICE
1786,"It does cover delays but it doesn’t specify how long the delay needs to be for it to be covered. 

It sounds like too much of a gamble to be out another $900 if we try to file a claim and they weasel their way out of refunding us the money.",ADVICE
1839,"Seek an attorney.  Geez that's expensive,  can't I just report him or something. Or that's not an option. ",ADVICE
1982,You are holding him accountable for his actions by checking up on him.  I suggest marital counseling do he can figure out his issues.,ADVICE
1885,"I got out of an almost four year relationship in April as well. I've  had 'flings' with a few women since but it's usually happened by coincidence rather than actively seeking out another partner online or in real life. Online dating is okay for some people but I've found it to be really forced and it just felt unnatural but you could give it a go. If you want to meet someone in real life then maybe go out for the day and if someone happens to take your fancy then go up to them and strike up a conversation. If you're feeling up to dating again that is, there's no rush to get back into these things. Good luck:)",ADVICE
1721,"He’s an asshole and now you know his true colors and you know what you’re supposed to do. Pack up, leave his life, and move on to bigger and better men! 
Best of luck! 🍀",ADVICE
1824,"No matter how badly you messed up, someone’s always done worse. I missed out on a few million dollars of stock value increase over 7 years because I opted to blow money on cars, stuff I didn’t need, and credit card interest. I’ll never get that opportunity again.

I’m just using it as fuel to make my moves very deliberate and aggressive in the future. I’ll choose to be intentional with everything. In the end, this expensive lesson may leave me with more money than if I’d had the millions and mismanaged it because I never bothered to learn how to grow it the way I have now.

As a result, I’ve learned a lot about personal finance and investing and real estate. I can now help my family members do the right thing with their finances and prepare for their futures.",ADVICE
799,"My fiance is the same way. Ten years later, he has not and will not change. Get out while you're still young.",ADVICE
1611,"You can open now for 2018.

I sort of split the difference. I don't want to pull 11k at once since it drops my liquidity a bit too much for my comfort so I do alternating 2k each month until I hit the cap for me and my wife. It would be great if on Jan 1 of each year I could drop 11k at once but I don't have that kind of ""spare"" cash yet.",ANECDOTE
895,"You need family counseling, not legal advice.",ADVICE
429,There's nothing wrong with a kiss on the cheek.  If she licked your tonsils there might be an issue but a peck on the cheek is nothing.,ANECDOTE
453,"I can respect that!  That's really cool that you would stay in a home close to family like that. So cool! I just don't want you to be in debt forever. 30 years is a long time. If you calculate how much money youd be spending over time from a 15 year compared to a 30 year, its nuts!! 

If I were in your shoes I would try my hardest to pay down the mortgage as much as possible so you meet those guidelines.

I've never heard of the 20% down thing. I've heard as a general rule that less mortgage equals less payment. The 20% rule applies to personal mortgage insurance. If you put 20% down you wont have to get that insurance.",WARNING
404,Currently building up my portfolio as a first-time investor. How do I go about making the decision of which bond fund(s) to add to my Vanguard (UK) portfolio for the current environment / what do I need to be considering? This is part of a long term investment; currently at about 10% made up of 'Global Bond Index Fund' although this wasn't a particularly informed decision other than it seemed the most diverse. I would like to increase to around 30% for overall diversification (topping up rather than selling equities). Thank you!,ANECDOTE
955,"you would try to get paid for damages done to someone on your property by someone else...in this case the person is the same in both cases.  there aren't really damages until the property owner gets sued for them...ianal, but thought the logic was interesting.",APPRAISAL
977,"Sorry I should have made it clear, she is on a lot of medication. 

I have been in psych hospitals and I definitely know how great they can be, its unfortunate that she is unable to have the same experiences I did. 

She wont agree to outpatient or any rehab facility but hopefully itll hit her one of these days that she needs it.",ANECDOTE
773," > you cannot reason with the unreasonable

That line there makes perfect sense and actually it says enough and you're right we can't change her so thank you for this detailed explanation ",ANECDOTE
872,"I see. For my own clarification, have you met his friends and family? Is the situation that he has brought you around before, but generally keeps his feelings about you to himself, or that he is hiding your relationship?",EMOTIONAL_SUPPORT
1560,"So, first thing, and I hope this doesn't come off as offensive or condescending, but how old are you? How old is he?


Now regardless of age, let's just look at a few things here that do not work in your favor re: telling him how you feel.

1. He has to know, on some level, that you've got a thing for him. You said you guys had a brief flirty thing at the beginning, so presumably he's aware that you at least at one point had/have feelings for him. Has he ever reciprocated that, or acknowledged that either of you were romantically interested in each other? Did he ever address or after he and his ex got back together?


2. They *did* get back together, with him knowing that she had slept around and wanted to see and be with other people, on top of all the verbal abuse stuff. You said he's called you crying from the things she's said/done to him. So he knows its not right that she treating him this way. But he stays. Which leads me to....


3. You say she ""seduces him into staying"" whenever he wants to leave. I'm sorry to say this, but he is not an innocent lamb that can't control where his dick goes. He is old enough to have sex and a relationship with a woman, and he has free will, too. Please remember that. 


4. He is not close to you. You know each other from a distance. I don't think its impossible for a guy (or girl) to leave an abusive and shitty S.O., especially for someone better who will presumably treat them better, but I don't see this guy doing that. Especially since he's had every opportunity to do so. And even if he did leave her to have a LDR with *you,* if I were in that relationship, knowing how kinda spineless he had been toward her ""seductive advances"" before, I don't think I'd ever be able to not think about what would happen if they bumped into each other, especially since you guys aren't physically close to each other. 


So basically, my own personal reading/opinion on the situation is that you recommend he leaves her, but cut him out if he can't do that. I'm not saying its his fault for being with a cruel person, but the needless pain that this is causing you is NOT doing you any favors. ",ADVICE
1825,"NC's traffic violations are bit stiffer than other state surrounding states, especially SC. Even if you get lucky and have it reduced, you're still going to be looking at paying court fees, which vary county to county. I received a ticket in Anson County, got it reduced to something that had no points and I still ended up paying over $200 dollars or so with the ticket and court fees. ",ADVICE
1278,"Hello, this has just happened to me so I'm wondering if anything else has come of this situation? I won't be able to call until after work today because of their hours... I'm pretty freaked out by this.",ANECDOTE
1072,"Yes, save NOW! Sounds like you are doing very well. ",APPRAISAL
1946,All of that is typical. The cost of surgery goes to the hospital and the doctor takes his own cut. You will probably be charged another 250 for the follow up. Welcome to American healthcare. ,APPRAISAL
1641,"Is whether or not she's out to her parents the reason you don't want to do LDR? Or is it just not something you want in your life at this time?

It's okay if LDR isn't something you want, it's not for everyone or all relationships. Just make sure you're not trying to find reasons to justify wanting to take a step back.",ADVICE
1229,"My GF is sitting next to me and she told me to tell you. 2 days before, make sure you don't have allergies, make sure you get all the wax off so it does not get stuck to your underwear, get an appointment later in the day so you can rest after.",ADVICE
707,"I had mine when I was 17, I'm 22m as well, if you want to that's your thing but you can always just go to a bar sod café to meet new people, just get you there man!",ADVICE
1709,It took a venereal disease to do it.  My oldest refuses to talk to me because she believes her moms story that i was the one cheating.,ADVICE
586,"Why are you dating a single mom? You can do way way better than that. In some states if your GF and her family/friends, especially her son, if they recognize you as his live in father, later down the road your GF can sue you in Family Court  for child support for a child thats not yours under Default Dad Laws. Get the eff out of that relationship while you still can. ",ADVICE
806,"My wife had a similar thing happen to her and learned about it in her early twenties. Her mother had an affair that lead to my wife's conception. She kept the whole thing hidden from the rest of the family (except her husband). Not even my wife's siblings knew. 

Growing up, my wife never knew that her non-biological father was not in fact, her real father. He just loved her unconditionally.

My wife  learned of her real father when he passed away from a heart attack and her father's widow found letters between him and my wife's mom. The widow wasn't bitter or anything, she was just reaching out to family she never knew she had.
 
Naturally, my wife was upset with her mother. But my wife's mom is such an amazing person that she was able to move past it. It's also worth noting that my wife's non-biological father had passed away a few years before.

But in my wife's mind, he WAS and always will be, her father. 

So in short, my wife came to realize that all of that didn't change how she actually felt about her family members. She loves her mom and dad. And her non-biological dad was her dad.

I can't imagine the pain you're going through right now. It will take time and adjustment. I definitely recommend therapy. But it doesn't change the fact that your family loves you. Is this FUBAR? Sure. But the guy you've always thought your dad is your dad. Not by blood. But he's YOUR dad. And he clearly loves you. ",ANECDOTE
487,"Don’t follow through with this. You’ll regret it in the future and you could get him in big trouble. If you are still obsessed with him when you’re 18, then I would say it would be okay to pursue it, but it’s still very  weird to like someone that much older than you",WARNING
861,Thanks for the advice. This seems like the best course of action considering the tension lately. Hopefully in time we can mend the fences down the road and be friends again.,ANECDOTE
386,"Any time you can make money AND help your marriage, that's about as good as it gets!",APPRAISAL
1172,Luckily I don't have mascara's but I do have liquid foundation. Also I am unsure if isopropyl alcohol or sprays could sanitize lip sticks and pencils.,ANECDOTE
419,"This! We make a conscious effort to choose activities that fit in our friends' budgets. Some make more than us and they are our fancy sushi dinner friends. Some make significantly less than us so we invite them over for dinner or to do other things where they won't feel pressured to spend a lot, if anything. ",ANECDOTE
1169,"I don't mind making less, I just want to ensure that, because I handle ALOT of sensitive information, if they decide to ask me to leave right away I'll still get money as I'm trying to save as much as possible for the move. ",ANECDOTE
1184,"I've dated an older man too, 14 years my senior when I was 19. But he was absolutely far more experienced, far more mature, had more power in the relationship and in time I started seeing through the manipulation. Something I didn't see in the beginning of the relationship when my brains weren't fully developed. 

Look I know 18 year old guys who are more mature than some 25 year olds. So indeed I agree with that it differs between individuals. 

But your statement that girls are 11 years more mature is a false statement. It's already proven multiple times through research that there's not much difference in the maturity between boys and girls. And the research you're hinting at is extremely flawed and has been criticised extensively by the research community. ",ANECDOTE
1942,"I don’t see an issue with how you handled it. I’d be pissed too, yes women in relationships can be friends with guys that their bf’s aren’t friends with but exclusive hang outs are a big no-no. Huge red flag. The fact that she doesn’t see an issue with it either is a problem. 

Sit down and talk it out and if she won’t take the time, let the ship sail. You deserve someone who will take into account how you feel. ",WARNING
909,"You or your father can call the collection agencies and see if they are willing to make a deal. There isn't much else to do since it would be very difficult for him to argue that he didn't get the violations. 

If he is still using EZ Pass he should stop and just go through the cash lanes. It will be cheaper in the long run. He should leave the transponder at home because otherwise, it will still register when he goes through tolls. ",ADVICE
1634,"That whole story is so fucked. Don't know what I would've done in his shoes, but that's really messed up of her to do. The worst part is that all her friends and family *knew* she named the kid after the ex, but for 5 years, nobody bothered to tell him. I would be humiliated. ",APPRAISAL
1862,"Run and don't come back. I've spoken with a person who gambled everything in his life and is a million in debt. My uncle is also a gamble addict.

You can't help them unless they realize they have a problem. Just try to minimize the damage they can do and help yourself. The person who had a million debt realized after selling his house to gamble how bad he fucked up and is now trying to start his life again. He is 50 and it took him a long time to realize. My uncle is still addicted, has no contact with family and no one cares about him anymore.",ADVICE
521,"As a broke college kid, they reversed every fee I ever got no questions, which is leagues more than whatever % on the sub $1000 I had with them at any time. 

Now that I have money, I don’t use a bank for interest anyway so that’s not something I look for. ",ANECDOTE
1776,">Have a good life with your at least adequate looks

OP, you also have adequate looks.  Your looks are not the problem.",APPRAISAL
65,I mean that doesnt really mean she can go and have a 3 sum with a diffrenet guy after you told her you wanted to be the first one with her to experience this. What if you both were virgins and said i want to experience this together and she goes to fuck someone else. This seems like a very close comparison obviously with a few differences that wouldnt make that much of a difference. She still kinda betrayed you. ,APPRAISAL
643,Ya I was in middle school and oblivious to what was going on with the market in 2008 but I have done my research since then and would never make a statement like OP did. ,ANECDOTE
173,"You could do that. And I would recommend it because moving money between accounts when they're all Capital One will be a breeze. However, moving money from PNC to Capital One and vice versa, if you ever have to transfer money, will take a few days.",ANECDOTE
1973,"You are not alone; we all at times in some way hate ourselves. Self confidence is a deep seeded thing and believe it or not, the source of any of these problems lies in how you see truth. Until someone respects the absolutes of life, they can never respect themselves. There is, of course, false self confidence. It manifests itself as feeling good about you, having the courage to act on your own choices, and being untouched by the perceptions of others. However, any of those things do not necessarily equate to truly respecting yourself and others. They are simply a result that can come from many things. What you want to build in yourself, however, is real confidence - that which doesn't vary with situation or practice, but it only comes from real sacrifice. We are taught in every culture to follow a set of rules. These rules are seen as important and function to hold a society together. But the mistake that is made is seeing how reality is shifted by these rules and making the assumption that truth itself is a social construct. We don't do this intentionally in our minds. We may truly believe in absolutes mentally. However, in our hearts is where this mistake is made and it bleeds into our actions and our feelings because of it. We may tell ourselves we know something is true, but our hearts will always act out the truth that is inside us. So you can tell yourself you care about someone, but when the day comes to actually care, you may find your heart empty and unable to act. It is the same in this case. You may tell yourself that you love yourself and see yourself as valuable. You may mentally consent to the ideas that you are pretty or fun, but in your heart, it is empty. Furthermore, many people do not analyze themselves or their actions. They simply lay over their wounds psychology or some other construct to help calm the problem, rather than finding the root of it in their heart. It's easier to find a comfortable mental lie, than to get to the heart of a problem and deal with the actual issues. Anyway, if you want actual confidence live by what is actually true. You need to stop getting your value or creating your values by the perceptions of others. There is actual value and dignity to things. There are set real ways of going about treating things with respect that have nothing to do with a social creation. A truck will kill you if it hits you on the highway. People didn't determine that. Your feelings don't determine that. Your breasts are two little fun bags that feed babies and incite erotic pleasure. People didn't determine that. Your feelings don't determine that. A darker tone looks pleasant on a lighter canvas. Rich color creates contrasts that evoke all sorts of things. People didn't determine that. Your feelings don't determine that. You are not the center of truth. People are not the center of truth. Your feelings do not make something absolutely real, they just govern your actions which could be or could not be worthy of the time they take to do. The sacrifice then is to remain consistent. If you are going to stop putting confidence your ability or other's ability to create what is real and believe that there is truth outside of a social construct, that means living your life seeking the truth of all things and not just settling for some created version, aligning your life and your principles correctly. But as you actually live that way, you will get greater confidence in the truth, and, as a result, stop being governed by your feelings or what everyone else thinks, or, even what you think. That's where true confidence manifests itself -in a changed life willing to take the hit of not being accepted or agreed with or appreciated, and continuing to live life without fear of the result of being true, because truth matters more than its result. Your feelings are not your reality. Only you can choose not to hate yourself. Don't let what you feel be your reality anymore. There are greater things that determine truth than you or your friends. I hope this helps in some way, even if I am not entirely correct. Be blessed.",ADVICE
609,"Thanks for the reply! I know her parents are genuinely abusive, i've heard the screaming matches and the way they speak to her. She knows that if she wanted to end it she could without a made up excuse",ANECDOTE
611,"The Chase Freedom Unlimited is a points card that has some synergy with the Unlimited.

&#x200B;

For flat cash back, the Citi Double Cash or Fidelity Visa both offer 2% on all purchases with no annual fee. If you want to get more cash back in specific categories, we would need some info on your current/expected spending habits.

&#x200B;

Loan accounts closed by way of full payoff in good standing should stay on your credit report and giving you a boost to your score for several years. This should be true in at least the FICO scores, Vantage Scores I'm not so sure about (luckily few lenders use Vantage Scores).",ADVICE
120,"Absolutely not, you are a legal adult with control over where you go. I advise organizing with a friend to have check ins for a bit to make sure you're safe and if you don't check in they'll check on you and if necessary call the police. But no, they absolutely cannot force you to leave.  Don't go to the airport or anything like that with them either. ",ADVICE
400,"A credit union is a type of banking institution. You should have your IRA at a brokerage, not a bank.",ADVICE
1875,"This. Unless you are both virgins when you meet, what does it matter? If she/he is a great s.o let the past go. ",APPRAISAL
349,"I told my boyfriend that I loved him around a year and half years together. He didn't say it to me until almost a year later. I never pressured him to say it and if he had waited longer that would have been fine. People are comfortable saying it at different times. 

I express my emotions a lot more than him so  I wasn't offended when he didn't say it back. 

Say it when you're ready. ",ANECDOTE
529,"Most people get defensive and offended when their significant other doesn’t always want to talk to them.
Basically you need to tell her how you’re feeling, reassure her multiple times on your strong feelings for her, but also let her know everyone needs time to themselves and it is normal.
You definitely need to be honest or it will hurt your relationship beyond repair.
",ADVICE
11,If he was telling the truth about the relationship problems of that friend then he would have not deleted it because he could have proven that he was innocent. The friend could have easily been in on it no doubt but that's hard to prove. I always expect the worst so i can never be dissapointed but i know that's not a very healthy attitude. If you can't get over it wich i would completely understand then he has the obligation and responsability to prove his innosence to you in a way that you will accept because when there's a possibility of cheating it should not be taken lightly.,APPRAISAL
435,"You don't NEED 20 percent down. It's nice, but not required. Also, as others have said, renting isn't throwing away money. As long as you can be comfortable with the monthly payments, as well as have some emergency money saved up, move forward when you feel like it's worth the change.",APPRAISAL
1556,"He knows what he did and this is entrapment.  Drop him, do what you feel you need to do about the baby situation. Get rid of him immediately. This is abuse. ",ADVICE
502,"Do it for your future self. If it terrifies you to think of yourself in this same scenario in ten more years then do it now before more of your life passes you by. You're still so young, a bad marriage doesn't have to steal all of your youth.  If friends or family would disown you for it you'd also be better off without them in the long run. I wish you the best.",ADVICE
1612,"My nana actually went through the same thing, except she had found out that her sister was really her mother... But my nana told her youngest sibling because that's what she believed was right. I had a dark secret in my family about an abortion my mother went through with both my sister and I's older sibling. I found out about it and my sister did not know. I told her, and it has only made us closer. ",ANECDOTE
1219,Don’t cash it out. Let that money grow in an IRA.,ADVICE
1696,"I can understand your point but I personally wasn't made aware of her dogs tendency to destroy items

I've dog sat before and that was never a problem. Perhaps it had to do with the fact I'm more experienced with older dogs, I don't know. And aside from that I would think I placed it away from the dog only to realize he was flexible enough to grab things off table by jumping. Or he would be clever enough to jump onto the couch and then from there onto a table where he destroyed my stuff 

And your second question - it was because the carpet was damp. but I couldn't really see how damp it was because of how much the dog shredded. And the carpet was only damp in the first place because I had to scrub it from an earlier mess her dog made 

She's treated me quite poorly and I think I'd rather just pay some money at this point to get it over with it. Just think it's a rather sad situation. ",ADVICE
1686,Not if it's expensive and you have a high deductible.,APPRAISAL
1160,"Well it might actually be more than annoyance.
Of course I have hobbies and a life. Its just that every time I see their annoying shit on the internet it breaks my nerves and causes stress. a lot. 
I'm usually calm. I don't get angry unless something triggers the button.",ANECDOTE
1736,"i agree that i don’t think i was assaulted as i don’t think it was malicious or she had any idea that she was putting me in that situation. I should’ve been more vocal about how i felt, i was just worried about the repercussions of that. I hope both her and I learned something from this. Thank you for your encouraging words :)",EMOTIONAL_SUPPORT
214,"Thanks, and I don’t know, she knew before him but it could be jealousy over my relationship with my bf and her trying to hurt me or break us up, I felt like I trusted him more when he said it wasn’t him ",ANECDOTE
74,"He can post it. It may get taken down.

Millions upload videos with music in the background. Some get taken down, some don't. ",WARNING
905,"That quick?  In general, no.  

Unless it's what you intended to do.  

You should both just break up and pursue other people if that's the way you're handling things. ",ADVICE
125,"That's a shame my dear
Well if you ever want someone to talk to let me know and I'll give you a way to get ahold of me whether messenger through Facebook or whatever I do wish you the best of luck kiddo",EMOTIONAL_SUPPORT
1222,She can’t handle them for the most part and I will come home to her crying about how bad her day was. ,APPRAISAL
930,"OMG, as a husband, this has all sorts of flags. If he was in my circle of friends or guys that I know, this would surely be brought up as an issue I think he's seriously messed up on.

Unless there's something to the story of your choice for her name, then if think this was a weird jab back at you.

But if his name has everything to do with his heart and feelings, wow, I'm pretty sure you should get a doula for your birthing. The doula will make sure your and the baby's best interest are kept in the hospital. I'm not sure how much weight her words will be when it comes time to name the baby.

For example, will you have the opportunity to name the baby or will you become so out of it and unconscious that he gets to put the name in the birth certificate. You should check how the rules work, practically, in the hospital.

I can't share how deeply sorry I am for you on this. My knee jerk response wants to be leave him. There's something not right here. I have my own ""one that got away"" and thought she and I were defined to be together forever.

Nope, that didn't happen. My wife (13 years) knows how I felt about her. But I have never used that ex as any... And I mean ANY sort of weapon against my wife, and we've had shaky times. I've told my daughter's about it (under 10) but I've reassured everyone I'm not stuck in what if scenarios.

I've had men talk to me about wanting to apologize to old flames and I advise them against doing this EVERY time (these guys are married with kids most of the time). I understand the idea folks get with getting stuck on old flame. But when you're in a life with someone else and staying lives, you really needed (not you, him) to count the cost of what relationship your in.

Is not fair to him, you, the baby, or anyone else to lie or cheat people out of the best life they can have.

At this point though, non knee jerk reaction....tell him you plan on speaking with the doctors and nurses. You are going to name ya'lls baby the name you have picked out unless he offers up another choice that can be discussed. Stay firm. Do not name your baby his exes name. Also consider he go to counseling.

One of the things I would also encourage you to do, is tell on him. I know it sounds silly. One of the things I love about my wife, she is willing to tell in me. There's a man that look up to majorly. When I'm screwing up in marriage or life, she'll call him and tell him she needs his help with me. That I'm being irrational or too angry. She knows that sometimes she can't tell me what I need to hear and that another man can do that. And it works.

There also therapy as a couple but more for him. 

Good luck, I hope all the best for you. 
",ADVICE
1940,No. No way is this ok. Do not let him near the delivery and tell the nurses and doctors to not let him choose the name on the birth certificate. This cannot happen. ,APPRAISAL
1109,"I think that it may be of some use to sort of imagine this guy from a sort of third-person view as if though watching him and you talking from an aerial view. There is a reason for this.

It seems that at some point he told you that he deleted, or was going to delete the pictures of his ex. He didn't. He probably didn't ""forget"", because he probably never had the intent to do delete those pictures. That is because one does not simply keep pictures of a 6 year long relationship. Such pictures are either deeply hated, or deeply treasured, in most occasions.

I am assuming that after he told you that he was going to delete the pictures, he did not only not delete them, but that he actually looked at them. Maybe not right after your conversation, but possibly sometime afterward.

That is why I suggested that you imagine or visualize him speaking to you, then walking away, and then looking at the pictures. So that you could quite literally ""get the picture"".

It seems to me that you two are not on ""equal-grounds"" emotinally. People in your situation never are. By that I mean that if two people date, and the first one has feelings for their past half-a-decade long relationship, and the other person actually likes that first person, then the second person will be at a serious emotional disadvantage. You are that second person. If you two ever become angry at each other, you might love/like him enough not to be hurtful, but he might not. In the same way, you are more likely to fall, and note the word fall, in love with him, than he is with you.

Not only that, and not to be sexist or anything, but you are also at an emotional disadvantage since you are a young girl dating an older man.

When you were in kindergarten he was already high school. Age matters. Maybe not in love, age doesn't matter in love, but that isn't love because he is obviously occupied with his own feelings for this other girl. 

And although women are equally valuable, able, intelligent, there are still obvious emotional differences between men and women, especially regarding romantic relationships. 

Therefore, I suggest that you recognize just how different you are in you ""emotional status"", you and him, because I think that you there are obvious signs that you have been ignoring some obvious signs of this difference. If not, you would not be asking questions like:

> Why has he still kept them on here even though he said he would delete them? 

Because he obviously either lied or doesn't care about keeping his word to you. Its that simple, really. (Sorry)

I do not mean to be harsh, but it seems to me that you are infatuated with a guy who is still possibly thinking and imagining a life with another girl, and you seem to need guidance on ""how to feel"" (as the title of the post). I think that you should do a little less feeling and a little more thinking, and realize this relationship might have been a mistake from the beginning, and it might need to be ended now, before ""it"" grows. And seeing as though it seems to be rather lop-sided relationship, that probably only means before your infatuation with him grows. That however, is just my opinion.",ADVICE
57,Get a consultation with an attorney and DO NOT REPLY OR COMMENT on her facebook rants.  ,ADVICE
1631,Why doesn’t she take her medication? Does it give her side effects?,APPRAISAL
619,"Thank you, this response helped me a lot!

I already planned om confronting him about it as soon as he got home and we had a long long conversation. I don't think I can bear to be around someone I don't trust, and I believe that now he's free to do whatever he wants with his life without feeling like I am a burden. It was painful but I don't want to spend the rest of my life doubting my partner, so I hope there's still someone out there for me!",ANECDOTE
1800,"The drifing might be where you're finishing the throw. When you throw, if your throw is straight, then your throw should basically be a straight arc over your shoulder, including the follow through. At the end of the throw, your hand should still be in line with the direction you're throwing. If your arm is swinging one direction or another, the throw will not be straight.",APPRAISAL
755,"\-At least you are trying! Keep your head up!

\- Like the previous poster said breakdown each debt by amount and interest rate. Also, find every expense you have besides rent. 

\-Can you donate plasma/blood for cash? Post on public facebook groups for manual labor jobs/cash jobs? Can you find a local food bank or organization (Churches?) to get some good nourishment to help hold you over?

&#x200B;

Good luck @op, we are cheering for you!",ADVICE
1613,How were you happy if you were in a depression??? You mean you thought he was happy to be supporting you. I have to agree it does seem very one sided,APPRAISAL
283,"Thank you for this honest post. May I ask- you seem to know that had you stayed with the ex-bf you would have cheated further, I’m assuming because he really wasn’t the guy for you, which is fair enough. But then, why did you stay at all? Wouldn’t it have been less messy, and  less painful for the bf who I’m sure you at least still like and don’t want to hurt, to say “look, this isn’t working. Here’s why.: because A, B, C, etc. We need to break up.”

I only ask because I really wish my cheating gf had done that. It would have hurt like hell but much less than it did when I discovered the cheating.",ANECDOTE
1689,"This happened to me. I stayed like a friend and emotional support for those 9 months....it was horrible. She decided to keep it and I almost jumped into being a father but I couldn’t, It was not my responsibility and the father of the kid was somewhat in touch with her so made me feel worst. 

In the end I finished any kind of relationship we had and decided to live my live.  Probably the best decision I ever made, move out of the country, made new friends and found my wife. 

You will be fine dude and so will she, it’s just life. 

Sometimes it hits hard and unexpected.

Edit: Talk it with close friends and family that’s how I found my answer. ",ANECDOTE
1350,"I think you should tell your girlfriend before you do it, say it really violates your code of ethics and you just can't feel good about yourself if you actively decide to keep it a secret from him. If she refuses to understand that then maybe she's not meant to be your life partner. I think if you really explain why you feel the need to tell him your gf will understand.

I would also take into consideration how drunk his gf was when she cheated. Not that it excuses anything, but she might not even remember most of these events occurring. Personally if I didn't know these people that well I wouldn't get involved, but that's up to you.",ADVICE
1753,What's wrong with having salary expectations?  You can't expect to just take the job at whatever they offer.,APPRAISAL
1305,"By stock account are you buying individual stocks or mutual funds? Multiple studies show that over time mutual funds will perform better than individual stocks, just FYI

Probably a good strategy to do it the way you are until you are comfortable with it. I’d put that other $250/mo into a high yield savings (like ally at 2%) so it’s at least growing at the same rate as inflation. 

Some good reading on investing can be Found at Mr Money Mustaches’ blog and JL Collins’ blog.  ",ADVICE
73,What do you think changed?,APPRAISAL
615,"General rule of thumb is 3 times your income should be max house price, so it looks like you are around that with your estimate. SD can be quite expensive.

Talk to a broker in the area you are thinking about moving to. https://findamortgagebroker.com they will get you the pre-approval to show what you could afford with rough numbers for taxes and insurance. Highly recommend not maxing out what they give you as they qualify you on estimates.

With the pre-approval sit down with a realtor and explain what you are looking you. You should know your Needs and Wants for a house. Make sure to get your inspections on any house you put an offer in on!

Once you put an offer in and is accepted, now you back to the broker and discuss your options for programs, how much to put down which can impact the rates, ect.  Your broker will fill you in regarding mortgage process and escrow.",ADVICE
1731,Just tell him you want to experience living with other people. ,APPRAISAL
1048,"1) If you really want your education, you will find a way
2) You said yourself you need to leave.
3) Get out into the world and discover yourself.  Whatever you decide, go with it full force.",ADVICE
1581,"No human being doesn't want to receive love, deep down. She just may be blocking it out because of pain in her past. Just something to consider. And yeah you're welcome man.",ADVICE
1498,"Personally, I'd be fine with it. Sex wouldn't be a thing that I'd need. I don't know about everyone else though. To bring it up seems like any other thing that should be brought up in order to set the standards for one another. Also, if someone new is really sexually active and needs that sorta thing, to find that out later on as the relationship goes farther probably wouldn't be good. Best to get it out of the way.

By the way, zero dating and relationship experience, so, you know, ignore all that if you'd like.",ADVICE
528,That may just be the bust of confidence I needed. ,ANECDOTE
584,You probably should read the wiki and try to learn more about different investment vehicles and investing itself before giving advice.,ADVICE
1828,"At that interest rate, you should focus on paying off the loan.

Good luck.",ADVICE
545,"If you’re going to leave, do it now.",ADVICE
988,"Holy cow, this is super similar to the nightmare I've been going through with Chase. I disputed a $5k charge on my card that I had made as a deposit for a loan on a new car order . The dealership broke a lot of laws and the agreed consent so I cancelled the order but the dealership is playing hardball and refuses to return the money.

I jumped through Chases hoops and provided tons of proof that I was in the right and that the dealership has broken laws. Chase gave me a temp credit for 2 months until the dealership countered by saying a policy was given.

That's all Chase cared about, that a policy was given, not that the law was broken and our agreement voided. They literally said that if a policy is given, they always side with the merchant!

So they slapped the $5k back on AND fucked up by charging me $4.9k erroneously (took 5 hours on the phone for them to fix that). I disputed again to no avail.

Now I have to take the dealership to small claims court. I thought credit card companies sided with the consumer, but Chase has been a complete POS for me and my situation. They refused to look at or respond to my proof. I had to snail mail it in! I doubt they even read it. 

Its a shitty situation to be in. I feel powerless like this dealership can just randomly charge me or they are going to magically send me to collections for random amounts.

It sucks but just take it to court and you'll more than likely win. The company just sends emails while we have to fight them in court, so they assume most people will just roll over.

Chase is garbage. ",ANECDOTE
1270,"Math's the big one in high school. Take AP Calculus and AP Physics (Mechanics and E&M). Make sure you really really understand all your math assignments. Obvious top picks for schools are MIT and Caltech; you can get whole lists of schools ranked by program quality, Google it. The school name is less important than what you do there, though (take relevant classes, get good grades, do a good capstone project). Plan to apply for internships every summer in college; STEM interns actually get paid and it looks really good on your resume to graduate with experience. 

(Source: am electrical engineer)",ADVICE
738,">The premium tax credit is what the rep informed me.

I've been doing taxes for 40 years, and I've never heard of a ""premium tax credit.""  I think you've been scammed.

EDIT: multiple commenters are assuming I'm a paid tax preparer (I'm not) and castigating me for questioning a tax credit I have never heard of - because I've had employer health coverage since 1984.",APPRAISAL
1954,"I have to say that my first take on your situation is you need to make yourself more of a priority.  Here's why...

Without actually being married, if the relationship collapses, you'll be left truly on the street (no spousal support, no place to live).  I'm not trying to predict doom, but from a contingency standpoint, if life where a chess game, your queen is totally exposed.

I would look for work (CNA or LVN) close to a campus that offers a BSN and pursue that in earnest.  I have a friend that makes a decent living as a phlebotomist. The separation will be a strain on your relationship (but so will his basic and specialty training for the USAF).  Put yourself first.  You feel like a failure because your priorities are a '*nursing his life*' instead of your own.  Somewhere along the way you lost yourself in this boy/man.  

When my daughter (who is married to a great guy) graduated from college, I remember her mother-in-law gave a profound toast at the celebration.  She told my daughter that her college degree was hers forever.  No matter what happened.  She can't be divorced from it.  Her degree can't die on her.  Her degree wont run off with it's secretary.  Her degree wont erode, corrode or fade.  It's as permanent as she is.

Focus on you, even if it strains (or even ENDS) your relationship.

Cheers and good luck.",ADVICE
1291,"Yeah man, it happens. Before I was with my current bf, I was head over heals in love with a manipulative man who completely ruined me emotionally. I was in no way ready for a relationship, and told everyone so. One particularly bad night, my current bf saw me feeling bad and asked if I wanted to talk about it, and we ended up spending the whole night talking, and I realized I really liked him a lot. I asked him out, but quickly backtracked because I didn't feel it was fair to be in a relationship with one person while in love with another. We kept hanging out as friends, at first platonic and then as FWB, until one day he introduced me as his girlfriend, then looked at me with this adorably panicked expression as if to ask if I would be. It's been 7 years together now, and I love him dearly still. ",ANECDOTE
178,"In my experience, any form of change is generally terrifying when you have anxiety, so I feel for you there. The best advice I can offer is to take it step by step/day by day. It sounds corny af, but for me, it does help. 


It's very easy to become overwhelmed when you think of everything all at once. It can be hard, but try to forget that mental checklist and just concentrate on the task at hand. When you wake up in the morning, just focus on getting to work. Once you get there just focus on whatever your first task is, and so on. 


I really hope this helps, and good luck at your new job!",ADVICE
560,"Best to try to schedule them together so you aren't crisscrossing, if they really want you they will pay for at least flight to and from. Keep all receipts as its tax deductible. Or at least it used to be.",ADVICE
1397,"As someone who has brief encounters with dementia patients for my job I tend to treat them professionally and do not go along with them as a rule. I always introduce myself ""Hi Mrs Patient, I'm (profession and name) and I'm here to (service I am there to perform)"" This sets up the encounter, the confused person knows who they are supposed to be and who I am in relation to them by my verbal cues and orients them to the task we are about to perform. Of course if they are too far gone to understand I still explain as if they might, then say whatever it takes to get the job done.",ANECDOTE
1908,">For example, after a causal conversation with a friend about how he buys drugs off the internet he sent my boyfriend a really nasty and hostile text about how he’ll kick him out if he ever distributes or orders drugs to the house

If your boyfriend orders drugs to the house, he should absolutely be evicted. This is not only stupid, this is a crime and could put the landlords and other roommates at risk.  He should absolutely be putting his foot down on this.  If your boyfriend needs to live elsewhere, he can get a job and find a room elsewhere.  

",WARNING
1473,Maybe I guess? Just seems like the worst possible move,APPRAISAL
1110,"I’m not over my ex wife. But I would still not name a baby after her, no matter how much I still feel that is something I want.",ANECDOTE
1482,No- getting a new car is a dumb idea for you. You have an 18% interest rate which tells me your credit is terrible. How much do you have saved up? How are you going to afford $300/ month car payment plus probably another $100/ mnth for full insurance? ,ADVICE
817,"And with that in mind, you should always be prepared to walk away from any given interview.

This allows you to always maintain your leverage, present yourself as a mature adult (and an equal to your employer), and ensure the conditions are created for a win-win outcome if and when you get the job.

",ADVICE
1791,"Unilaterally saying something does NOT bind another party to it.  I can't end this post by saying everyone who read it owed me a million dollars and expect my paypal to fill up, can I?  

Could an agreement not to disclose things be done informally via email or verbally? Sure. But NDA's are notoriously difficult to litigate anyway. Many that are written by lawyers fall apart under the judge's withering stare. Informal NDA's are likely to be found entirely toothless.

The problems are several.

You have to prove that the NDA was reasonable in scope and duration. ""YOU CAN'T REPEAT ANYTHING I SAY EVER TO ANYONE NA NA NA NA NA NA"" is probably NOT reasonable in scope and duration and that's what these email signatures boil down to.

You have to prove that the data WAS confidential and valuable. Not everything you say is confidential or valuable.

You have to prove actual harm from disclosing it. If we're just talking about bid quotes... and they shopped your bid to get lower prices... the problem is you can't prove they ever intended to hire you. It was never YOUR money to lose.

You have to demonstrate consideration for a contract to be valid. What tangible benefit are you giving your customers in exchange for swallowing a gag order? Is what you give relatively appropriate in relationship to what you request? (The 'right' to see your quote is likely not a valuable commodity, compared to their general right to freely communicate and transact business, which is what you're asking them to limit on your behalf.)

NDA's are difficult to get enforced even when they're well written and signed by a party who's had a meeting of the minds and received consideration. When they're sprung on you after you've already read an email and you received nothing in return, they're downright laughable. If you have legitimate confidentiality concerns, talk to a local lawyer who specializes in business law and who can provide you examples of NDAs that have survived a challenge.

And then there's the issue that in many industries... if you start suing potential clients for not hiring you... you're going to find that nobody wants to get a quote from you any more... for some reason.",ADVICE
1255,"Is it really wasting?  You can give up a few days now, or give up an entire other semester.  Try.",ADVICE
462,I know the girl has similar issues with him while the other guy has only met him a handful of times. I can't imagine any scenario involving the three of us telling him we no longer want to live with him going well! :(,ANECDOTE
940,You got this! And it will be nice to have them finally taken care of!,ANECDOTE
1900,"I don't know, to me that is a sexual and a very much disrespectful act yet somehow i feel as if its something to be talked about rather than dumping at first sight.

What i would do is let her know that this is a problem and then depending on how that conversation turned out i'd dump..or not dump. So i guess im saying that you have to have a chat with her about boundaries. And of course since you feel betrayed you should think of the possibilities of ending the relationship. ",ADVICE
1879,"I'm afraid of losing her all the time. I'm insecure. I think me being bad all the time is gonna make her get tired of dealing with this/me....

edit: 

> u sound like a 15yr old who finally got his 1st girlfriend. don't take it the wrong way tho.

I won't, you are not the first one to tell me this.",ANECDOTE
880,"Thank god, man.  That's such a relief to hear.  I wasn't onboard with ignoring EDD and escalating a case over 124 dollars.  ",ANECDOTE
562,Absolutely. I have really bad panic attacks.,ANECDOTE
1717,I wished more people would think like you ,APPRAISAL
532,"> I have multiple branches locally and I still can't walk out with a new card. 

I would just say that you could get a better bank. ;-) I'm not sure how many do this though. My bank is really a local credit union. I'm under the impression that at least Chase is able to give you new cards on the spot.

I also think that my CU changed their capabilities after I joined. It might have been for a while that they could print you a new debit card on-site but would need to mail a credit card, but they've supported giving you credit cards on-site for yours now as well. (I wonder if this corresponded to a change where the CC companies started allowing cards without embossed letters or something, because that's something you don't get with a replacement card in-branch.)

> I suppose the only upside is I can still withdraw money from a local branch.

That's still an advantage, and I could list several more (for non lost-card scenarios). Deposit of cash, deposit of checks if you're me and you're really weird, less resistance to provide services like cashing of paper savings bonds or coin counting than if you weren't a customer, ability to talk to someone face to face if there's a problem, natural location to get a safe deposit box, a place to get a cashier's check without needing to wait for it to be mailed, etc.",APPRAISAL
733,"The thing is - followers can be money in Insta world. Once you get 20k or so, the sponsorship deals start rolling in. It's easy to get attached to that when you see a real payoff from it and people are sending you things just because you have followers.",APPRAISAL
1845,"I don’t know much about Roth IRA or anything really, but would working around 20 hours a week at minimum wage be enough to pay for schooling and a few other small expenses? ",APPRAISAL
876,"What is your complete budget? You don't mention expenses like car insurance, gas and maintenance, or any other personal purchases other than food, so I doubt that you've listed all of your spending. You need to understand exactly what you're spending so you can identify items that you can reduce or cut entirely to be able to put more money toward training.  
  
Once you know how much you can afford to contribute to your training fund, it's pretty simple to make an Excel sheet with each of the training costs and when you expect to incur them, and plan out how much of a ""head start"" you need to have in your savings account to have enough to pay as you go throughout the training. If it will take too long to save up that head start, then you need to find more expenses to cut, or ways to earn more income.",ADVICE
1277,So if they said too high they wouldn’t even interview?,APPRAISAL
1060,Wrong.  BBB is useless if the company does not care about their rating on there.  If they do then it is very useful.,ANECDOTE
1252,What does supporting myself mean? As in sources of income or a plan on how I’m living/where I’m living? ,APPRAISAL
463,"Landlords generally follow the 40x rule.  That is, applicants annual salary needs to be 40x the rent to qualify.  Some don’t follow that rule, but I would be hard pressed to think you would qualify.",WARNING
265,"My man, just break it off. Find a new lady in your new city. She chose her career, so pick a different woman. I don't understand not trying because your scared of rejection. She bailed on you. Move on ",ADVICE
126,Recently started working at a coffee shop with a drive through. It took me all of 20 minutes to noticed how intense some people's stares can be while you're making their drink. It's incredibly nerve racking. ,ANECDOTE
496,"No. start saving from current income.   If the market crashes 50% and your $5k turns into $2.5k two things:

1) It isn't going to make a substantial difference

2) A crash that bad is likely to make you to not want to buy a house at that point

&#x200B;

Just start saving aggressively, you should be able to save far more than $5k in just one year, assuming you have a degree in a decent field",ADVICE
358,"She is still employed there, her last day is going to be next Friday.  She is obviously not giving them the courtesy of a two weeks notice.  

I guess the first step is she should contact some of these other employers that she  was in the running for jobs for to see what kind of information they were given. ",ADVICE
240,"""If alcohol is clouding your thinking, drink less.""

That's just good advice all around.  You never know when you'll need to have your wits about you.  You can either be the level headed guy who's in control of his situation, or the sloppy guy who needs his ass saved.  Don't be the second guy.  ",ADVICE
1663,"Obviously you prioritize rent and any other basic living costs over acting classes. You need to sit down and make a ""needs"" and ""wants"" list and write yourself out a proper budget that includes all of your costs - rent, utilities, food, toiletries, other spending, etc. as well as things that you'd like. And see what you can actually afford. And if you want to be able to afford the acting classes, look at where you can cut costs from your expenses.",ADVICE
906,"Here's a link to the [flowchart](https://imgur.com/CcEVQAV) in the side-bar where they advise that. I'm mainly confused because if you max out your 401k first, then you're able to lower your tax bracket (assuming you put the funds in a traditional IRA). With a personal IRA you don't get that benefit ",EMOTIONAL_SUPPORT
1574,"No, its not normal. Its creepy. 

Your daughter should be as free as possible from old baggage. Naming your daughter after his ex takes your daughter to grow into her own person. Allways knowing, that her father wants her to be like another woman as her mother. eeech ...

&#x200B;",APPRAISAL
1146,Definitely talk it out with the advisor and never repeat this act,ADVICE
860,"She can word it however she wants. Her dog is aggresive and it is completely reasonable and responsible to not have that animal in your home. If she wants to make that a deal breaker then she can do that. I was talked into letting my bfs dog move with me. It bit my son, peed all over my carpets, chewed up my wall and my bf only gave excuses as to why he couldn't train it (not enough time, too expensive ect) it destroyed our relationship and we broke up. I can't stand dogs now...or more so: bad dog owners. ",ANECDOTE
1356,"Nope. Don't let him stay. Clearly he still wants to try his charm around you when is with you in a same  house.
Better be careful with this guy. ",ADVICE
1186,Very true. My grandparents own the house and they don't know a damn bit of whats going on. My mom has just grown so used to the fighting over the years shes just stopped caring anymore. I may just have to move out and go on my own. I don't have a well enough paying job and don't have my future planned yet which is my resolute problem. ,ANECDOTE
720,Now how about protections for employees who ask other employee's their salaries?,APPRAISAL
974,"Hello! 

No, this is not normal. 

In the long run this will destroy you psychologically. 

""This is making me feel like shit"" - First indicator 

""Guilt trips me"" - LITERALLY PSYCHOLOGICAL MANIPULATION

You are not in the wrong AT ALL, he is manipulating you and that's why you feel bad about this. Issues of sex and romance in a loving 20's relationship are arguably THE MOST IMPORTANT issues, so please don't minimize them or make yourself feel badly for valuing them highly. 

In a loving relationship, you deserve to be happy. Bottom line. Why the hell else would you enter a romantic relationship?? To bring more frustration into your life?? It doesn't sound like this guy is making you happy, or that he even truly cares about making you happy. Sit with that thought. 

I'm a 26 year old guy, and I cannot even fathom treating my gf with this same level of blatant disrespect and manipulation. Even if I didn't like giving head.. I mean this guy is ignoring caring requests from you. That's not love. There are a lot of guys who  can make you feel very happy and loved. I don't think this guy will do that.  

You are not the problem. Don't beat yourself up for your very valid, honest, and understandable feelings. Let them guide you in your decision making process. Trust yourself, because it sounds like this guy knows just how to convince you that you're the problem. 

If you need someone to talk to, shoot me a PM. ",ADVICE
1076,"Thank you. I plan on taking the asvab and I can tell them I need to focus on my math English and my job,",ANECDOTE
1572,"You are too young to risk family ties for a boy.

Your bf's sister is understandably overwhelmed, but him having you there as usual (not ""all in"") vs. you leaving at a lifechanging moment - that isn't her call to make. He's lucky to have you regardless. 

I know it's not the same, but my(24f) previous relationship ended because she had a time limit on when I had to come out to my parents. My parents who have disowned 2 of my aunts for the same reason. 
When I told my family  it was on my terms. It took two years before they spoke to me. I was paying my own housing/stealing everything I ate, had a scholarship for college.
My point is, you don't have to turn your life upside down until you're in a place where you can deal with the worst case consequences.

Wishing him a speedy recovery  ❤ best of luck",ADVICE
670,What if there's no official contract but a text chain and several expressed verbal contracts with multiple witnesses?,APPRAISAL
531,"Bear in mind that society teaches women that girl on girl is sexy. It might not have even crossed her mind that a guy would think it anything other than hot for her to go so far with another lass, especially if she's seen you take an interest in girl on girl in the past. Seeing this post has been pretty educational to me - I genuinely thought that most people would say ""oh that's hot"".  There are so many toxic myths about what men want out there!

I would talk to her to understand whether she was cheating or drunkenly attempting ""cool and sexy"". Good luck! ",ADVICE
602,Did you go there and ask them? I mean that's the first thing that I would do. ,ADVICE
253,Call your local Buildings or Code department and ask them to come out and inspect.,ADVICE
1201,"Since you are looking for college hours then it changes the definition a bit I feel, basically they are looking for ""good causes"" I'd guess. As your friend did, he was able to do both experience and volunteer in one.

I'd definitely say that not getting paid to help ""child welfare and neglected children"" would be a good cause. If you're doing it for free, it definitely sounds like volunteer in a ""college"" sense.

If the place you're doing it at is a corporation and not a ""non for profit"" place, it might not look as great as a nonforprofit but I'd still say yes personally. 

Especially since you are helping **people** without pay, it makes it more volunteer like. As opposed to just doing normal work without pay.",APPRAISAL
919,"Maybe give programming another shot. Maybe this time learn it on your own so you don't have to learn all kinds of useless stuff that won't apply to what you want to do. 

Podcasts are good because you can get your thoughts out and practice your ""social"" skills. There's nothing to be shy about, you're not talking to anyone. You find a topic and just talk about it. It's just vocal writing. 

Writing could really work out if you wanted to do something more creative, wanted to express ideas without talking. ",ADVICE
559,"I dunno. The BF does change things.

Maybe she's looking out for your own good. But, from her word choice, it seems she settled for second best (her BF).",APPRAISAL
1609,Yes but that was because the girl chose to remedy the situation with hair extensions instead of a haircut like OP wants.,APPRAISAL
721,Keep the dog. Ditch the dude.,ADVICE
1006,Just to add... you cant be like the characters you see on tv though. These people simply do not exist. Good comment though.,ANECDOTE
639,"Save for the Rolex and finance the jeep at a good rate. Jeeps hold value pretty well but jewelry does not so do not finance it. 

3500 to fly your mom out? Why? I never spent more than 500 in the U.S. for a non emergency .

If you are frugal the 8k you'll have after 3ish months. The jeep just try n work out a deal and get it now while it's still winter.",ADVICE
1188,"Also get it in writing, ideally email them asking about travel expenses.  I've read in this sub in the past of the interview not going well and then the company denying they ever said they'd pay travel expenses. If they are going to pay it, then often they will also book it or at least say what they will cover and won't. A ""yeah sure"" on the phone isn't very reliable or informative.",ADVICE
1553,"I took a deep big breath and finally clicked the button to drop $2000 on credit card debt.  

I was fixated on trying to save $10k in money, but I finally got over the mental hurdle and told myself I keep losing even more money because of the 10% interest on the credit card.  I'm saving 10% already in my retirement account so it isn't like I'm not saving any money.  I'll have $1500 left over for dire emergency savings.  Planning on wiping this out asap. ",ANECDOTE
239,"It’s considered “impersonal”.  The gift card is the compromise of showing the person you know what they like, but still letting them decide exactly what they want.  But  I agree, it’s stupid",ANECDOTE
665,"Do you enjoy spending time with him? Do you want to go on another date with him? I wasn't crazy about the guy I'm seeing now on our first 2 dates. We didn't even kiss, and I wasn't sure if I should keep seeing him, but I felt compelled to.  Especially with online dating, it's not like sparks will fly on every first date. It wasn't until our 3rd date (he invited me to a gathering with his friends) that I became emotionally and physically excited about him. Something just clicked and sharing a really wonderful, unfiltered experience with him in his natural habitat probably did it. 

I get the emotionless dating, because I've been on that road. It happens when you go on multiple dates with strangers. If you feel that it is negatively affecting your life, then certainly take a break from it.  But other than that, there's nothing wrong about it. Whatever decision you make won't be the wrong one. Chance / timing is a pretty big factor when it comes to forming relationships.",ADVICE
1052,"She is mist definitely still really sick, and she does have a doctor's note (went in the afternoon after her fever got under control). She's probably going to go in tomorrow at least to verify whether or not they're firing her/to drop off the note - I've offered to do that for her to allow her more rest, but she wants to go face-to-face with management about it. ",ANECDOTE
1986,"Putting aside all the reasons this sounds like a huge bag of trouble, adopting her would likely take longer than a year, at which point she will be an adult anyway. If you want to help her, encourage her to get in touch with social services or a local LGBTQ youth outreach.",ADVICE
1508,"I don't see how taking 2 mins or less to set up alerts changes or adds much inconvenience. It literally just helps you avoid the situations you describe. They just send a text or email if someone makes a purchase on your card. There are cases where your bank can lock up your account for 30-60 days for an investigation, so while they may not have happened yet, it is pretty common practice and really not worth the hassle imo. 


Setting alerts does nothing to hurt your current set up as it stays the same. It just adds extra security to it which is worth the 2 mins to set up imo. As for changing limits, I meant changing the limit you can spend in a given timeframe. Why let someone rack up 7k in 11 days when you know you won't need to be spending that amount that quickly in that timeframe? It's just another great security practice to keep your accounts safe.",ADVICE
1364,"I don't trust the calculators either. I'd recommend forecasting your goals and potential larger expenses for the next 0-30 years. Example: Your cars won't last forever - what is the cost of your ideal replacement vehicle every 5-10 years?  More expensive houses generally mean more expensive maintenance... Property tax increases are guaranteed (if you have them)... You child will be more expensive as he/she gets older - do you plan on having another (which would increase child care and other costs)?

I am probably not telling you anything you don't already know but this is how I personally budget these scenarios.

Don't look so much at your expenses now but try to estimate the lifestyle you want to live in the future and budget backwards from that. Those online calculators do not take into account all of those specific details of your financial life (and goals) so I find them useful as a guideline at best.

Hope this helps! 

&#x200B;",ADVICE
1906,Is she depressed? ,APPRAISAL
83,Call the cops on your mother for animal abuse. Figure out a way to get out of that house.,ADVICE
1154,"If you're going to shop for a refi loan, sooner is better. The car will only go down in value, and value of the collateral is critical to making a refi work. Or, pay it off asap by dumping all your spare cash on it.",ADVICE
1170,Maybe he’s 90% gay and into experimentation. ,ANECDOTE
1379,Why don't you ask him?,ADVICE
547,"Keep in mind that discriminating against someone for depression is wrong and illegal. But if your depression is causing you to not perform well at work - communication, short with customers, not communicating well with coworkers - that is a totally valid criticism and not something that's protected.

However, the other later stuff you mentioned about piling on the work is more worrisome. i guess I'd try to hold out and see what happens being that this change appears recent. Also make an effort to improve those specific points that he mentioned. Just plaster on that smile and make it happen. I too have been depressed and know how shitty it can be. If you feel like you need to take a sick day because you can't handle life, do so. But when you come to work, you push everything out of your mind, and focus on the task at hand. Especially when your manager is watching, you make that extra effort to show him that you're making a conscious effort to respond to his criticism.",ADVICE
1890,"I understand your family is very important to you, but that should not ever inhibit your educational ambitions. Your mom surely understands how important your future is. Go to college and make something of yourself, you will never regret gaining knowledge. Your mother will be fine, nobody has ever died from loneliness. If anything, she may start to put herself out there more after coming to terms with her newly empty nest. Set a schedule with her to FaceTime/Skype on a weekly basis. Maybe make plans to have a family get together once every month or two if it doesn’t get in the way of your classes. Good luck. ",EMOTIONAL_SUPPORT
501,"Well, my friend, if you'll hear me out, I think we both might grow just a bit from this. First, I want to say /u/FMP11 has very good advice for you. It will help you in the long run, doubtlessly. What I have to say doesn't regard that though. I know where you're coming from with all of this. Depression is an unavoidable circumstance. When I was still young, I lost my eldest brother, and went through several years of emotional numbness before I finally broke down into full blown depression. This depression carried with me throughout my life, and even worsened a few years ago when I lost my son with my ex at birth (stillborn). I was a broken mess, and felt like a total failure. My sister had her fourth child that year, and my brother had his second. This moment was one not just of a bond between my ex and I, but one between my siblings, having grown to be a parent as well. Yet, he was taken from me, and I could not bear it. It wasn't but six months down the road that my ex finally left, and then I felt I had totally lost everything. I avoided my family and friends, and sat lonely in my third floor apartment when I wasn't working. Well, as time rolled on, I lost that job, and another after it. I couldn't look the people I worked with in the face without feeling like I was going to start weeping. As you can imagine, some too advantage of that, and used me or ridiculed me. It was the main reason I stopped going to either job. After quite some time, I had not understood why I couldn't just be happy anymore, but a spark in me brought me to church one evening and set my heart ablaze with passion. I'm not trying to turn you to a religion, but explain where I'm coming from. You never really get over your depression, and distractions only worsen and intensify it, giving you anxiety. Yet, I found something one day. I had realized how calm and gentle I was towards other people. I wasn't arrogant and undermining like many around me, but I was a shelter to the downcast. I came to see that having such longing in my heart has given me the greatest gift I could have ever asked for. A heart. I wasn't fronting hollow words to others, or giving them a superiority complex. I was simply sharing my heart with them. Amidst all the sorrow, I was able to forgive myself, and never really understood why it was that I condemned myself to begin with. Though I was still downcast after some time. Others expected much out of me and it made me anxious trying to meet up to expectations. Expectations that I had somewhere I needed to go, at this very moment. I realized then that, it is alright to just sit here for a moment, and watch the clouds roll by. It is alright to sip on a hot cup of tea and recline in my chair while I drift off into a day dream. I realized there, sipping on that tea that life is full of suffering and hardship, but it is one of beauty and passion all the same. With my joy restored, I realized that my life truly was beautifully melancholy, and I could accept that. Where am I going with all of this you ask? You may not be asking at all, but may have already found your answer. It is alright to have a longing heart. It keeps us genuine and compassionate in our endeavors. Learn to love even this part about you, and the rest will fall into place. If your mind is anxiously pacing about trying to solve your problems all at once, sit down for a moment. Remind yourself that you can only deal with the here and now. If people are ridiculing you  for whatever reason under the sun their mouth is jabbering on about, remember how unfortunate it is for them that they are not secure enough to bear the open heart. If you find someone in need and are wholly unsure of what to say, let your longing heart speak out of genuineness. You may just just find a friend in them indeed. :)

As a further note, remember that life is full of suffering, but suffering yields experience. Never be ashamed of having a heart, or feeling down from time to time. Life is not always a happy matter, and that is alright. Whether here or there, life is beautifully melancholy, and as long as you can accept that, you are golden.

With love.

(Please excuse any grammatical errors. Getting up now to have my morning coffee. Thanks for reading!) ",ANECDOTE
1573,You're welcome. Stay strong. Life will get better. ,EMOTIONAL_SUPPORT
33,Yes please :( On how to make it a less awkward. ,ANECDOTE
1793,Move on. Find some one in real life.,ADVICE
1005,Good luck OP.  Don't allow this shit.  Get out quick.  This is only the first you know of.,ADVICE
1273,"If you don't have an emergency fund, put some in a high yield savings account at an on-line bank like Marcus or Ally.

Consider putting $5,500 in an IRA for 2018 and another $6,000 in an IRA for 2019.

Consider maxing your TSP next year at $19k/yr, and using some of the $30k for living expenses if you need to.

Good luck.",ADVICE
842,"My relationship wasn't toxic either. To put it simply, I cared too much about a friend (non romantically) for how much they cared about me. So I had to stop caring about them so much.",ANECDOTE
757,"Her suicidal tendencies exist outside of you.  She needs real professional help, which you can not give.  It's not about you, and even if you stay, so will those feelings of hers.  There will always be one reason or another if why she wants to die, unless she gets real help.",ADVICE
1582,Shes charged with possession of scheduled D drugs. It does face the possibility of jail time but most likely will get community service and have a fine. She just doesn’t want anything on her record since she is only 18 and this is her first offense. ,WARNING
741,"I am not a lawyer, but... 

Louisiana has a one-party recording law, which means that you can record any and all conversations, regardless if they know or consent.
Have you taken note of everyone you've spoken to - name, position, location, and date and time of the call?

Have you tabulated your bills - doctor evaluation, x rays, lost wages, etc? You should note the raw cost, and your costs after insurance. If they are liable, they may be liable for the full amount, without your insurance involvement, but it may not be (they may be able to get away with just your co-pays and cost share)
Have you put in a formal written letter? 
Have you filled a police report? ",ADVICE
168,"I'm not saying everything has to be 1:1. The comment I responded to was not helpful to the OP. I said ""IF you were resentful you would be rightfully resentful"" because if one person is not okay with arrangement then the arrangement is not ok.",WARNING
37,"Pay the utility bill and sue the the leasing company AND the new tenant in small claims to be reimbursed. 

Well send a demand letter first. I am not entirely sure that the leasing company is REALLY obligated to facilitate this. But since they accepted the responsibility to facilitate it when you were on the other end, they certainly opened themselves a lawsuit in the current situation. It doesn’t hurt to name them in small claims and let court sort it out. Be sure to collect all records of your accounts and payments and prepare a timeline.",ADVICE
691,"I'd try to reach out to the clinic staff (front desk, medical assistants, nurse coordinators) wherever the doctor works.  Often times they will fill these forms out, and make the doctor do the actual signature.  They can be incredibly helpful points of contact when you need things to actually get done!",ADVICE
1367,">  office of taxpayer advocacy

Office of the **taxpayer advocate**, u/bendingmarlin69. There are a lot. A lot. A **lot** of scammy ""tax fixer"" places that use ""advocacy"" or ""tax advocate"", etc.

The taxpayer advocate is your representative within the IRS and associated with IRS.Gov. Not a private/commercial site.",WARNING
605,Thank you so much. I needed to hear that. <3,EMOTIONAL_SUPPORT
689,"It's always a good idea to buy companies. They are in the business of making money. We typically recommend indices, they will spread your money among hundreds-tens of thousands of companies.

We'd recommend you do this inside tax-sheltered accounts, either roth or traditional IRAs, 401ks, 403bs, SEP IRAs, etc.

It can sometimes be a good idea to buy land, this depends on the numbers involved.",ADVICE
753,"I now am exposed to these fairly regularly, can you explain why these things are bad? Are they true pyramid schemes, or are they just a lesser degree of that?",EMOTIONAL_SUPPORT
1995,"Sounds like the cop offered reasonable cause to search you. However dubious his reasoning for doing it, it’s doubtful the officer’s search was illegal per se, if that’s what you’re asking. ",WARNING
1903,"Sounds insecure to me, potentially some psychological or medical issues could be causing this, at the same time it’s hard to tell if he legitimately feels what he says or if he says what he says in an attempt to control you.",ANECDOTE
190,"And you're saying that this photo of her did not invoke those feelings?

Have you been able to feel sexual attraction towards her since she sent that photo? When was the last time you felt sexually attracted to her if not?",APPRAISAL
455,We’ve tried but he can’t get fully hard after the first time 😅 I’m 23 and he’s 19... never thought I’d have this problem w someone younger than me 😳😂,ANECDOTE
246,Just break up with her. It sucks but you’re going to regret it this the longer you prolong ,WARNING
1505,"My first instinct is be a bro and tell him,

But on the other hand, neither you or your gf were there to see what happened or heard it from the roommate or dude himself. It could backfire and make your gf living situation pretty bad 
",WARNING
1554,I was being facetious about the catatonic part. My point is the majority of people do not react to having their butt's grabbed in the way you are describing. And OP has said nothing to suggest that was her reaction. Im guessing she has zero intention of calling the police or she would have done so by now.,ANECDOTE
1592,It's really hard to help you figure out what you're worth without knowing what industry you're in / what type of role you hold. ,APPRAISAL
472,"Sounds exhausting. 

A way better story here would have then to causally tell her you know, you’re done and moving out then block her on all media.  That nonchalantness is by far the best tactic. 

All you did here is show her how wrecked you are over this and what lengths you’re willing to go through to end a relationship she doesn’t even care about.  ",ADVICE
221,"Wowww. You have swallowed some serious reductive essentialist bullshit in trying to get your head around sex and love. I'm sorry that your anxiety around the issues of self worth have brought you to this dehumanizing place.

I hope you find a source of  help that honors your humanity and that of people you now see as opponents.",EMOTIONAL_SUPPORT
1244,"User error.

You can't just enter your third income as if it's like a W-2 job. So your taxable income isn't 30745. The self-employment income is going to have a deduction of half the SE taxes before you get to see your AGI. And you'll have to add the SE taxes in. You also might qualify for the 20% QBI deduction on the 1020 and apply that before you calculate income tax.

",ADVICE
793,That's everyone getting a 30 year mortgage. Remember you can deduct the paid interest and your home grows in equity. ,APPRAISAL
816,"i totally agree that you shouldn't blindly transfer to new 401k plan. ive dealt with hundreds and never seen one with a 5% load though that is pretty archaic though.

the pretax 401k value vs tax value of roth would differ based on the fees. yes if you are paying 1.5-2.0% fees the account value could be that low for me to forfeit that option.

point being is to research each option. most people simply roll to a traditional ira since most people won't hit the roth contribution limits and aren't aware of the rules and other options until it's too late. ",APPRAISAL
1402,"It might not be viable financially, but you could always hire a private detective.  This stuff is pretty much what they do 90% of the time.  Follow them around in NY, see what they get up to, bring photo's back for you.  You might find out that she's carrying bags for the Boss and his Boyfriend.  You might find out that there really IS another woman and they are having hot threesomes in his hotel room.  Either way you'll know.  ",ADVICE
278,How do I do that? I have no motivation to do anything and feel depressed ,ANECDOTE
1306,"He just spoke to the fact that he has dealt with girls like this. You're saying he used the word ""girls"" and thus ""brought up gender"" in a conversation about his experiences in relationships?",APPRAISAL
1745,"I believe I am a sole proprietor being paid as a contractor (1099).  I agree that it's *easiest* to get a lawyer to shoot a letter over, but I don't know if it's going to be the most effective.

> This guy keeps saying he’ll pay you and then he doesn’t. You have no reason to believe him.

I fully agree with this.  I don't think he's going to pay me.  I don't think he can without liquidating the business' assets.  I guess what I should be asking is, does moving forward with a small claims court suit get me closer to having a claim to the assets of the business in case the business goes into bankruptcy.  The business does have assets that I would be willing to claim in lieu of payment.",ADVICE
417,"Honestly, if this was my friend, I'd be blunt. ""Hey man, no offense but I'm pretty sure you're talking about a pyramid scheme""

""Don't believe me? Just watch this."" (Sorry, on mobile) 
https://m.youtube.com/watch?v=s6MwGeOm8iI

Have him watch the clip from John Oliver's last week tonight. It does a pretty good job of explaining the scheme out. It may change your friend's mind. 

Good luck. ",ADVICE
1265,"So long as you don't suggest violence. Say that they should just speak about it, even once so that you can tell the dean/principal that you suggested non-violence.",ADVICE
152,"If you haven't tried AlAnon, you may find it really helpful. It's a support group for the friends and families of alcoholics, and you could ask a question like this and get advice from other people who have been there and done that, so they will completely understand. Plus in AlAnon you'll be encouraged to choose a female sponsor (usually an older woman, so you can benefit from her experience), who can serve as a good friend and as part of your support network, which it seems like you're looking for. ",APPRAISAL
1695,I'm only scared of facing my family ! they are religiously blind and they will never spare me. ALso he doesn't have any of my bad pics apart from normal selfies.,APPRAISAL
498,"it sounds like she wants to be grounded by a constant person/place/relationship.

taking her offer would mean a lot to her, it sounds, but i would be very hesitant in asking for sexual favors, and even taking ones given from her. start things slow and relaxed, and see where things go. when sex is monetized for somebody, it is treated like currency-- and that can be confusing for someone outside of the sex industry (aka normal) who may be more inclined to relate sex with emotion.

also, keep your job. if her offer requires you to move, find a new job ASAP. don't be reliant on someone else's income unless you have access to their bank account.

nothing is free. remember that.",ADVICE
699,"Please call Queensland's child protective services. Your brother is being abused, and you're probably the only one in a position to help him. Tell them that he's being starved, locked in the house, and that there are drugs in the house. I'm not in Australia, but a Google search brought this up for a contact number: [https://www.qld.gov.au/community/getting-support-health-social-issue/support-victims-abuse/child-abuse/reporting-child-abuse](https://www.qld.gov.au/community/getting-support-health-social-issue/support-victims-abuse/child-abuse/reporting-child-abuse) 

&#x200B;

If you don't get satisfactory help from the child protective services, call the local school district and report it to them. If it's anything like the US, they'll be required to take action as mandated reporters. ",ADVICE
1436,It sounds like the landlord wants them out for whatever reason. The notice is just the start of the process. The landlord has to take them to court to actually evict them. That normally takes a month or more. So your folks should get a lawyer and fight the eviction in court. ,ADVICE
1878,I’m deluded because I’m asking for opinions or because her sexual past bothers me? ,APPRAISAL
695,"I have an MEd. I’m a certified teacher. Not high paying, but a decent trade. But I think I def want to buy my first home out right cash and have a roommate to pay for taxes/insurance ",ANECDOTE
1763,"I did ask that question, and in not so many words it was a no :/",ADVICE
1545,You still have brows left right? My method won't look like you're wearing makeup if you do exactly what I said,APPRAISAL
448,Try looking for something with related experience. Are you a supervisor in your family business? Do you want to be a supervisor in the new job you come across? Your family should vouch for you if you list them as references since they own the business you work right now. Build your resume. ,ADVICE
908,"If it becomes a salvage title, they can decide not to cover it. You could still get liability insurance, but collision coverage could be harder to find. You could probably still find it, but if it got in a second accident you would get much less than you’d like for it at that time.

There are other drawbacks, like the significant risk that your car develops long term problems related to the damage.

But if you feel like taking a risk, it might be worth it. ",ADVICE
13,UNLESS they're trying to low-ball you? Are there any other reasons an employer would do this?,WARNING
1337,This is not just because your skills have increased but because your batn (best alternative to negotiation) is better when you have a job then when you do not.,APPRAISAL
1997,"I was in a situation similar to this. She got mad when because there were a few girls that participated in my hobbies and tried to get me to stop my hobbies. I wound up breaking up with her after she accused me of not trusting her when her friend told me that she was cheating on me (found after i broke up with her she had been cheating for weeks). After we broke up she had a tantrum blaming me for her cheating, and then she attempted suicide (found out from her friends).

&#x200B;

I'm not saying you should break up with her, but you should ask yourself, is she really worth all the friendships and sleep you are loosing? is she really the kind of person you enjoy having in your life? Are you just settling cause you are afraid of being alone? after i answered these questions it was easy to see i had to end the relationship.",ADVICE
1657,"No, you are not being irrational. It's completely normal to be upset about him falling for someone else. 

That being said, I'm sure if he's done it once, he'll do it again. If you really feel it's a good relationship and want to remain in it, I would say yes stay. However, DO NOT stay with him if you are staying because of his depression. That is doing you and also him an injustice. ",ADVICE
1708,"BECU is another great credit union.  They're regional and you have to meet certain criteria to join but if you live in the region, there's a good chance you meet one of the criteria.  Also, their UI/mobile app is pretty good.  I haven't had to go into a branch since I opened my account 10 years ago. 

&#x200B;

When I got pre-approved for my car loan, I had my decisions/options in 90 seconds. It was the same when I applied from my Visa. 

&#x200B;

I have also never paid any banking fees for my checking or savings. ",ADVICE
1802," Was the landlord aware of his presence? 

 He was either a roommate or sublessee. If he was a roommate, your LL will need to be the one to terminate his tenancy. If he was a sublessee, you need to give him 30 days written notice to vacate. He has the right to remain on the property until the notice period has ended. If he doesn't leave upon the conclusion of the notice period, the appropriate party will need to file an eviction lawsuit.

>Does he have the right to come into the property to retrieve things that are his?

 Yes.",ADVICE
980,Always your safety first ,WARNING
1691,">I’d like to pay off some of these accounts in collections and up my credit score.

Paying off accounts in collections will not improve your credit score. It will stop the bleeding from those accounts harming your score any more than they already have. It also prevents you from being sued to collect on the debt, which is a positive. And if you need to use your credit soon, lenders like to see closed accounts in collections more than they do open accounts in collections. 

>So, how can I figure this out?

You can pull your credit report once per year per report for free at annualcreditreport.com. Pull one (or more) of your reports. The report will have your accounts (open and in collections) as well as who owns the debt. ",ADVICE
1864,First thing you need to do once the baby is born is a paternity test. If its not yours you need to end this relationship ASAP. Why would you want to be with someone who cheats on you and disrespects you? If she’s trying to pass this kid off as yours do you not see how dark and evil that is? Imagine not knowing then finding out years later. Raising some other mans child unbeknownst to you. Supporting the child emotionally and financially. This happens. You can read some stories on Reddit. A woman who does this to a man is soulless. You want someone like that in your life? You’re fortunate you could still possibly walk away unscathed most guys in this situation don’t get that opportunity.,ADVICE
281,"Can you let us all know how this turned out? Because frankly I think I speak for most on this sub, we want to make sure you binned this cheating scumbag and got on with your life. 

I do hope you take the excellent advice I’ve seen here, she sounds like an awful person. I once had a very similar but less extreme situation. My girlfriend of years ago had a “sexting” relationship with this person she knew before university. I only found out through happenstance, noticing a message appearing on her phone asking “if she was alone”. Needless to say, this was the beginning of the end for us. She was a nice girl, but thinking this was normal behaviour in a relationship killed it for me. It sure as shit should for you too.

Good luck friend!",ANECDOTE
1463,"I have no idea if Betterment looks across all your Betterment accounts, good question to ask them.  But if they did tax harvesting automatically I doubt they are going to block or alert you if you try to purchase the same security, but maybe they do",ADVICE
1062,"this is a joke right?

hes getting hammered with hookers and, probably, well is cheating on you with them, maybe feels a little guilty while hes doing it so he wants to make it up by ""marrying you""

you should uh well break up with him",ADVICE
1835,"Though there's a good likelihood she will deny it to the police, you should call and give them the pictures. There should be a paper trail of his abuse with authorities even if it doesn't lead to charges or conviction initially. And an officer may be able to give her resources to get out.

Unfortunately, there isn't a best answer for this situation, specifically because she doesn't want to get out of it. But calling the police might give her an opportunity.",ADVICE
672,Check on him to make sure he's breathing every now and then,ADVICE
698,"It sounds like when you see your past decisions you feel anger, shame, and despair. You disapprove of the way you spent money in the past, especially money you had to borrow and are now on the hook to repay.

Do you think it's fair to say that at their core these feelings are symptoms of fear that your needs will not be met in the future? Things like shelter, recreation, freedom to move around. It's true that you may not be able to buy a house for a while, or to spend money on hobbies, or to go on vacation or move accross the country. These seem to be ways your actions have hurt you.

I would suggest you consider reframing your thoughts from guilt and shame, to focus instead on your emotions and unmet needs. Obviously this is easier said than done. The goal, though lofty, is regret without blame or self-hate. Let me know if you would find more examples useful, or have more you'd like to express. ",ADVICE
1501,"I dont have great advice, but make the same amount as you with multiple children and this is what our expenses look like if that helps.  I would recommend tracking your expenses for 2 months to see where you can trim your expenses.  My data is [here](https://imgur.com/a/PMAHoiZ) ",ADVICE
1398,"i could never do that though. i love him way to much to even think of leaving him. i want to ask him about it again, but then i don’t since i know he’s gonna get defensive and an argument will start",ANECDOTE
1936,"Talk to her about it, alone, not in front of people. Find a way and be serious about it, then, express your concern. It might not end well for you initially but if that really, truly is what is happening, then that person more than ever needs someone to ask. They might hate you for it, but, deep down inside, you just interrupted the self destructive narrative they have been hiding in and it could potentially change/save their lives. Also, if that isn't what it is, why is it your fault they don't understand the severity of what you were trying to do? Good riddance. DOOOOOO IT. Talk to them. GOOOOOOooooo.",ADVICE
1185,"1) no not by another person. 2) yes. 3) before that incident I had only ever had sex once, but was not interested in other sexual activities, pretty much same as this. But the emptiness started after the pill incident. 4) I have with him but still isn’t worth it to me, not as amazing as people make it out to be. 5) I hate it, giving and receiving.",ANECDOTE
937,"I wouldn't buy a car well known for expensive maintenance.  You drive too many miles for a car to be anything but a money suck. Your best bet is a car with solid reliability history and decent insurance costs. I am not opposed to brand new cars, but you are not going to be able to afford to replace a $70K car every 10 years if you are relying on a windfall to purchase this one. It would be far better to aim your sights at something under $30K.",ADVICE
1212,"Are you part of any social network with kids from your school? Put out the word there and on the Craigslist nearest your school that you’re looking for certain books and in a tight spot. Are you good with dogs or other animals? Rover is an app where you can offer dog walking and similar services that pay pretty decent for minimal time commitments. On the relationship side, I would give him a couple days to cool off and see if a third party can talk to him on your behalf.",ADVICE
1606,"Horrible husband, he never should’ve got into another relationship if he wasn’t over that lady, I’m sorry you are going through this, specially being pregnant where it’s all about you and your baby, your health and mental health  as well. I think you should try to get therapy because he really needs it and so do you because of what you’re going through, I hope everything goes well for you!",ADVICE
200,"How long were you together? If it’s been less than a month, I would probably change the language of the text to be a little bit nicer even if he doesn’t deserve it. If you’ve been together for a while, I would at least call him and talk to him about it. ",ANECDOTE
1352,"I currently make 33K a  year, and have to commute 70 minutes each way. It's not horrible if you know for sure how long you will have to do it. Since I will be moving in 6 months for school, I'm looking at the light at the end of the tunnel. 

Pros: Lots of time to catch up on radio news, listen to podcasts, new albums, learn a language, etc. Energized and ready to work when I arrive, since I've been awake for a while.

Cons: Pissed and drained when I get home, hard to muster energy to work-out and enjoy my evening. Lots of miles on car (gas, maintenance, devaluation). 

Overall I hate it and wouldn't suggest it long term. If you want the income bump, seriously consider moving closer to work location. 

Another plan of action would be to use that job offer to have a discussion with your boss about a possible raise? If there is growth potential, you can discuss that in greater detail in the meeting. ",ANECDOTE
1849,"Well it’s good he didn’t give you anything. I’m just wondering why him having an sti was even a possibility if he didn’t have it before and you guys are exclusive? Obviously if you get s weird bump or something down there you want to get it checked out. I’m just paranoid probably lol. But yeah there’s a small chance he actually forgot, unless he’s jus an airhead and forgets things a lot",ADVICE
1348,"Are you sure you can't have it fixed? If not, have her pay a percentage of the replacement cost, and you pay the rest of it.",ADVICE
1302,"Best thing to do is lower your tax impact as much as possible by stowing funds into IRA and solo-401k options. Not sure how truck driver business structures work, but if you’re self employed then look at incorporating or some other structure to get the most bang for your buck. Incorporating is really intriguing because then you can start buying rental property or get into other investments and really grow your portfolio. If you want to keep it all personal, you can still get into that stuff too. Either way, start looking at passive income and portfolio income streams: owning businesses, buying and renting residential or business property, dividend income from stock, etc. There are lots of options out there, so play to your strengths.

The only thing I would caution against is trying to save a big pile of money to “live off your savings” for the rest of your life. Money gets spent quick if it isn’t working for you. And it’s easier to retire so early when you’re generating the income you need rather than draining your cash during, what should be, the most profitable decades of your life (30-50). ",ADVICE
145,"You should definitely seek a support group of other people in the same boat as you. 

The long and short of it is that you can’t do anything about his drinking, only he can do that. But you can choose how much of you that you dedicate to him and his problem. You don’t need to enable him, and you don’t need to be tolerant with him. Look after you, and try to seek some local support groups for the families of alcoholics, you may hear some life changing stuff there. ",ADVICE
685,You're are not even close to being remotely old for uni. You're still in the normal age. In fact it's mega common for people to do a gap year and THEN go to uni at your age. Some people change courses and go back later I went BACK at 24 to study. I knew a woman in her late 40s.,EMOTIONAL_SUPPORT
333,It's definitely not too late.,ADVICE
92,"Forgive my ignorance on the matter but isn't it possible to have several maids of honors? Where im from we don't really do bestman/maids of honors. Usually relatives, siblings close friend etc all take an equal share of that ""burden"".

&#x200B;

In any case i think she's playing a bit too much with your feelings and perhaps taking your friendship for granted. You could perhaps let her know after the wedding if you ever get in touch again. But as many other have said, it may be best to just move on.",APPRAISAL
105,"so just go to the bank, and say that you would like to open an student account and get a credit card",ADVICE
546,"You can't. Nobody changes their lifestyle, quits drinking, smoking, whatever, just because somebody else said so. You can try an intervention, but they have to be ready to change.",APPRAISAL
1590,"question for everyone here, not sure where to ask.

My company does a 401k match but does it all a lump sum payment into your 401k annually on a single date in January. Also, most of it is given out as company stock.

Is this normal? Many people complained when this was first implemented because the stock price could be really high when it was bought and then really low when it finally is transferred into our accounts, netting us less money.",ADVICE
625,"My best friend (and only friend) is a gay man, he one of the most important people in the world to me, young and full of life, he is currently exploring the gay scene and meeting new people. The thought of this happening to him absolutely devistates me, I don't know what I would do without him. Please think about all of the people who love you and care for your health and wellbeing and leave this dude immediately. Then report him to the police to protect others. ",ADVICE
1566,"shouldn't the first plumber be liable if it's on the landlord's grounds? you are responsible for after the meter (tho even that might be wrong), he is responsible for between the street and your meter",APPRAISAL
1271,"It's the right thing to do. Also know that the worst she could do if she found out was to sue you for the value of the cat, which is nothing. Since you live together, cops wouldn't bother. They would tell her it is a civil dispute. ",APPRAISAL
1106,"Well, if your roof just wears out that wouldn't be something you can make a claim for where I live. If you're an unlucky sort and replace your roof but your water heater and dishwasher also crap out immediately after, that would be a rough month. 

But, your point remains. That's not one item.",WARNING
1775,Leaving Bank of America 10 years ago was one of my proudest moments. I have had 0 issues with Chase and Ally,ANECDOTE
929,"Maxing the 401k up to the employer match is probably better than the ESPP.

The ESPP is probably better than making further contributions to the 401k.

If you sell the ESPP shares as soon as you can, the ESPP will become self funding in 8 months.  

Then you can divert that 10% of salary back to the 401k and keep funding the ESPP (from the principal you get back from selling the shares - indirectly, because you have to actually fund the ESPP from payroll, but you still get the principal back when you sell the shares).  

Good luck.",ADVICE
491,"I'm not sure you get how guys work. Most guys, after hearing you had a dream where you sleep with them, are going to want to sleep with you. I think you should make your relationship clear with him. ",WARNING
378,"> I can’t help but be disappointed if this is his way of posting subliminal passive aggressive stuff on Facebook - like it’s his way of telling me he’s breaking up for good

Or he's so over the relationship that he's either forgotten he failed to communicate that to you, or just assumed you were both on the same page (he has no idea what you've been up to since you took him off your updates, after all), and is no longer thinking about your reaction at all.  Regardless, you're not stuck waiting for him to communicate.  Tell him you take it that he's decided to make the break permanent, wish him well (or not), and just move on already yourself.",ADVICE
1243,"If you have a  noncompete in place you should probably speak with an attorney and have the noncompete reviewed. I understand you are wanting to go into a different area, but whether it’s different enough to be outside of the scope of the noncompete, and any potential duties you owe to your employer, is going to be a determination that requires more specifics. ",ADVICE
1548,"> thinking he’s cheating to get stuck in my friends heads and have them start to not like him for no reason.

Who would put it in your friends heads here. My friends heads. ",APPRAISAL
484,I would say bye Felicia and leave.  Leave the diary open on those pages. She’ll get the hint and you don’t need that toxicity in your life. You deserve better. Believe me. Ive been and somehow continue to be every guy’s placeholder. Fuck that shit!  Not anymore.  Being happy alone is way way better than being with someone who doesn’t want to be with you and is using you.  ,ANECDOTE
1947,"My advice? Tell him. You should tell him. Sure, It'll hurt. But It's better to tell him and be heartbroken for a little because it didn't work out Than to never tell him, and miss an opportunity that works perfectly. I wish you the best of luck! ^ ^",ADVICE
1104,"I don't think so. Get a brokerage/retirement account and put it into some low fee funds based on your acceptable risk.  If you're young, you can invest more aggressively. ",ADVICE
1474,"Not at all true. Moving requires credit checks, first and last months rent in advance, security deposits, and other hassles.

The monthly rent is literally the least of the issues. ",APPRAISAL
859,"Me and my boyfriend exclusively use condoms and have for two years. Anything hormonal sends me WILD, like INSANE CRAZY. So I don't take it, my boyfriend respects that since he said our time together with me on BC  was horrible and sex is only part of a relationship. 

Long short its your body, don't make yourself uncomfortable for sex but if you feel comfortable on BC then go ahead. ",ANECDOTE
927,I agree with the other person to ignore it but keep the message just in case they decide to do something. ,ADVICE
820,"Break up with her.

She lied right to your face (metaphorically) and in such an obvious way. That's distrustful and it doesn't bode well for the future",ADVICE
1842,"He’s not truly committed to you. At this point, even if he says okay we won’t break up, I seriously doubt he will be faithful. Sorry for your heartbreak. ",ADVICE
1416,"Oh it’s too late I apologised 😅 but thanks for being there for me! My intentions was for everybody to have fun, but some didn’t. I actually had a great time before lilly’s friend showed up. Then I got stressed and wanted to fix things up. Lilly’s group was  also giving threats to people including me so yeah it could have ended bad but I managed to confront them and they left... 

The only people I could say had lots of fun was Lilly not everybody else... ",ANECDOTE
22,"It’s possible that you love them in a way that isn’t sexual. 

There’s many types of love, and attraction and closeness. In western culture we kind of expect it to lump all together. 

It’s also possible that as intimacy grows, sexual desire will. 

Just enjoy it for what it is, no pressure, it’s a new experience. Whatever happens happens. ",EMOTIONAL_SUPPORT
824,"See if you can get a deal. Unlikely you'll win in court. But if you plea, you may be able to avoid jail. Public defenders are great at deals, but don't have the time to dedicating themselves to prepare for trial",ADVICE
1018,"Good points man thanks , struggling to find my
Way here. Ended up getting blocked this morning after this stalker guy reached out to her again with screenshots from my Reddit ",APPRAISAL
243,"This. In the meantime, start looking for a new company to get your internet from.",ADVICE
917,i know you were desperate but being on the other end of a suicide threat is an awful feeling. especially when it’s coming from someone you’re quite close to. it doesn’t help anything. ,WARNING
60,"It's not. It's a pretty well known thing. As a sexual assualt victim myself, the first few weeks it seems like ""oh damn! I can get through this. It's not that bad"". Then you see someone who sorta looks like them, then you see the outfit you were wearing that day, then you see the place where it happened, and suddenly you aren't as okay as you thought. ",ANECDOTE
700,"While the stock market may go down in the next two years, and the economy may enter a cyclical recession, don’t expect another 2008-like drop in housing prices.

Two years from now may turn into a buyers market, maybe slightly better prices, but the last recession was literally driven by a housing/mortgage crisis.  Today’s owners are in much better shape with much better credit.

Buy a house when you’re ready.",ADVICE
1029,"I hear you, I have hade a few summer jobs, cleaner, grounds keeping, the likes. I liked every single one to be honest. Even cleaning toilets and picking up cigarrett buts was fun when I was just bullshiting with my coworkers. Its just a matter of getting employed, its hard to find work around here. ",APPRAISAL
1781,"I don't think a breakup is necessary over this as people in this sub love to jump to. Unless there are other issues also weighing in on the decision. I think the fact that in the end she chose your feelings over her excitement makes her a little redeemable. If she completely disregarded your feelings and went anyway, it would be a different story. 

You guys need to talk it out and come to some agreement on the matter. It's obvious the Boss has some intentions and you are in the right to not be OK with her going. Even if she can't see past the trip she should understand your feelings on the matter and putting herself in a situation like that, no matter good her intentions are, is never a good idea. You never know the lengths someone would go to or how a little drugs and alcohol changes how someone acts. Especially if that person feels you owe them for something like an expensive trip. Or her boss could be completely harmless. But its not worth that risk.

Also, spending NYE in NY is quite something I hear, so you should also understand her side of it and how excited she must of been for the trip. If it's at all possible, promise to her that you both should spend NYE in 2020 in NY. But I don't think this alone is worth throwing away a 2 year relationship. Especially if she chose not to go.

",ADVICE
376,"I used to write down on a book the things I had to do, but I noticed that spent quite some time writing things and thinking on what I should write, time that I could use reviewing processes or making meetings... I know this is a habit I should keep, but it can't take away too much time.

And, about deadlines, most of the times the engagements are either too short or the client's don't collaborate with the auditing, like, I try to schedule meetings or ask for some documents and they don't deliver in time. When I speak to the manager about it, the answer is:

- You're not asking correctly;

- You should learn how to solve your problems;

- Stay next to them until they give you what you need.

I even asked a couple of managers this last week what's the importance of an financial audit to the client, because this last client wasn't giving a fuck to what was going on.",ANECDOTE
983,Thanks so much for taking the time to reply. My first instinct was that because it's so out of character that maybe it's dementia related. He's had a couple of strokes over the last few years which have without a doubt affected his mood & memory. He has been making fantastic progress recently & his memory seemed to be restoring itself as he is far less forgetful. I mentioned dementia to my mom & she said he absolutely knew what he was doing & was 100% in sound mind when he did it. I'm not so sure tho. I think I'll try and talk to him when he's alone & try and get to the bottom of it all. Thank u again it helps to hear other people's views,WARNING
325,"Some tips:

1.) Remember the other types of relationships in life. Focus on friendships and family (pets included). They're equally as important and people tend to forget that. When you feel sad or lonely, make plans with an old friend or go visit a family member.

2.) Find yourself (again). Pick up old hobbies and look for new ones. Take times to do the things you've always wanted to do and never had a chance to do.

3.) Better yourself. Work out. Eat healthy. Gain some new skills. Work on improving your life.

4.) Is there anything your significant other stopped you from doing, but you really wanted to do it? Maybe a certain haircut, getting a pet, etc. Do that.",ADVICE
1643,Sorry to break your heart buddy but it’s way more than alcohol if she’s done with a two year relationship. It’s been on her mind for a while and you never noticed. You being retardedly drunk was just her excuse for pulling the trigger.,APPRAISAL
151,I found Chase to be no better than BoA. Best bank if you can is a credit union. ,ANECDOTE
669,"If she really is a good friend she would understand why you can't make it. I always tell people to look at it from the other point of view in situations like this. If it was your friends in this situation I'm sure they wouldn't want to go to a party either after all that travelling/work.

Just be polite, explain why you can't make it and say you will try to see them some time soon. If they're good friends they should understand :) 

",ADVICE
1979,"I know several friends who worked for the university, either as an RA (Free room and board) or as computer lab techs (Basically paid time to study and do home work.) There is usually quite a bit of work around for students that are flexible at rates around minimum wage. ",APPRAISAL
212,"„because nobody else wants me“

that‘s essentially his subconcious answer to your question about why you are desirable?

seriously?

just think about what kinda weight those five words have and what they imply.

man, the first thought that comes to mind if i ask myself the same thing is that i’m seriously not sure if i would consider my life worth living without my girl.",WARNING
712,Best of luck to you :) but take care not getting hurt. I’ve been down that path and it’s a bitch. ,WARNING
1422,"Yeah. This is good advice. I mentioned in another post that we already have plans to hang out tomorrow, so I'm gonna talk to her about this then. I plan on telling her that I'm interested in her still (I trust her on some level, despite that probably being a bad idea. I've been friends with her for well over a year and she's only ever been reliable.) but I'd like to have some space so we can think about this. 

&#x200B;

My plan is to talk to her and tell her that I want space until she decides. ",ANECDOTE
350,"sounds like you're insecure about yourself and your sexual knowledge, while also being used to being anti-sex bc of your upbringing. so you take everything personally, rather than conceptually. 

like, i wonder if you feel this way when other people are talking about their sex lives (not your bfs). id suspect that the conservative part of you is, but it's not so aggressive because it doesnt involve you.

my recommendation would be for you to just be open with your bf and make explicit attempts to talk about sex and things you like and he likes. you can start slowly. you dont have to get into talks about his fetishes right away. but just basic stuff. maybe even start by tlaking about your body and what you like, or his.

and over time, you'll just get more comfortable with it. i suspect.",ADVICE
1644,"It's completely unnecessary to do something this convoluted to get a good credit score. Simply open a couple of credit cards and use one of them like a debit card while sticking the other in the sock drawer, wait 3 years without missing payments (I personally like autopay), and you'll see yourself above 770. You may already have started down this path.

There is ZERO need to buy cars on credit for credit reasons.",ANECDOTE
1766,How could your girlfriend's friends not like you if you haven't met them yet? What is she telling her friends about you?,APPRAISAL
1863,"Here is what Nolo says ... take it with a grain of salt and contact an attorney or look up the state code yourself.

[https://www.nolo.com/legal-encyclopedia/handling-tenants-abandoned-property-north-carolina.html](https://www.nolo.com/legal-encyclopedia/handling-tenants-abandoned-property-north-carolina.html)",APPRAISAL
941,"The $200 was something we agreed on, but I can afford to give more. I also help them out with a lot of other stuff (family business owned by my mother run out of our home), chores, etc. But I get where you are coming from.",ANECDOTE
678,"Sucks  you have to go through this, he definitely should not be your BF anymore and you need to find a way to get him out of your life asap.

That said

> My veins weren’t cooperating and I passed out after the 4th try. So I have to go back in next Tuesday to try again. 

I have a very large dislike of needles which is generally not helped by dumb nurses who say things like ""WTF this guy has no veins!"" as they poke and prod my arms like angry wasps. I've nearly crushed a doctor while passing out from a pain killer injection so yeah, needles and me aren't friends.

At some point in time however one much more intelligent nurse instead of turning me into a pincushion chose to explain sometimes veins are a bit harder to find for a variety of factors, some of which can vary day to day and told me about asking for [**Butterfly's**](https://www.healthline.com/health/butterfly-needle#uses) when her less intelligent compatriots are having issues.

They can be a little bit more painful since they go in the veins you can see on top of your hand (at least for me that's where they will usually go) but event the dumbest cow in the universe can use them in one shot.",ADVICE
1363,">Pay it off?

Well yeah I'm trying that :/

I would like to know if there's a cheaper way to pay it off. 

>How quickly can you wipe this out with your income?

19 months. Sallie Mae would like me to wipe it out in 108 months, but I'm calculating 19. (Provided they stop increasing it by .1% every month like they have been for the past year...)

>What do you have available in non-retirement savings?

2,200. But uh... I'm not sure if I'm willing to touch that money. It's for emergencies.

I'm really just looking for some refinance or personal loan opinions. ",ANECDOTE
1882,"Seems like getting a job would be a better way to start rebelling against their tyrannical rule rather than bitching about cell phone tracking. 

Plenty of 17 year olds have jobs and live in not their parents houses, it can be done. ",APPRAISAL
840,"I am assuming that you believe that your mother would not voluntarily consent to the two boys living with you?  If she did, then she would simply need to give you 'temporary' guardianship or a PoA.  

If she were inclined to be easy to deal with then a family law attorney would be recommended to draw up the necessary paperwork.",APPRAISAL
866,"Damn, that sucks. I am sorry I couldn't help.... Hopefully someone else can. 

Sorry, but I do wish you the best!",ANECDOTE
1537,"Your last two sentences made me feel so much better.  Thanks.  I will take your advice and begin collecting statements from everyone.  Contesting would mean refusing to leave, continuing to pay rent, and forcing the landlord to take me to court to put me out?  If you have a minute, what does contesting entail, exactly?  I like the idea in principle because this just seems so unfair.",ADVICE
36,Yes he can get it back. If she says no the law can compel her to return it. ,WARNING
1818,"Is this for an ATM Card?  
If so, they've rarely shared the same protections that credit cards have. Just say no to ATM/Bank Cards",APPRAISAL
564,"Yes. People get married on foreign countries all the time. You just need to go through their laws which generally require you to be in the country for a certain number of days before getting married. 

It likely still won't be recognized in your home country",ADVICE
1583,"I would have to say that i agree with /u/encompassinglucidity to a point. I think she definitely has some emotional needs that are not being met by her lifestyle.  you have to imagine how strong those needs are for her to offer this and she is in a rough place emotionally.  If i was in your position, I would be willing to move in, but i would continue working and even pay rent. I would not be moving in to take advantage of the availability of money but to give her support and to be there with her. I absolutely would not have sex. 

I think an important thing you need to do is sit her down and talk with her about what exactly she wants out of it.  It sounds like she is looking for a stable intimate relationship and is using moving in and money to get it for herself.  if thats something you want then sure but it should be done slowly. She could also probably benefit from a visit to a therapist to also help her deal with the emotional issues that her difficult work may be causing.

Keep us updated, i would like to hear how everything goes/what happens.",ADVICE
1547,"NONE of this is your fault young lady.

At your age, you really do not want to sign up for something like this.

You aren't ready to handle and deal with this.

Addicts of all kinds almost always relapse and they do so multiple times.

This will not be a nice straight line for him to recovery, but a very long and bumpy road and his feelings and emotions will run the gamut too during all of this.

Trying to take something like this on at your young age, with so little knowledge of the issues and situation is setting yourself up to fail and none of this is your fault.

He is going to experience a lot of ups and downs, a lot of agony and you won't be in anything close to a normal relationship with him during all of this which will most likely go on for more than a year or so.

You need to look after yourself and let his family look after and deal with him.

Good luck to you both.",ADVICE
897,"""Take engineering they said... it's not like a Liberal arts degree, you'll actually get a relative job they said..."" - Graduate of a two year Engineering Design and Drafting Technology program and McDonald's employee. Hey at least I have a job. : )",ANECDOTE
1313,"Could be a lot of things. He could be trying not to seem too interested or desperate and taking some time to reply. Could just be nervous and doesn't know what to say. Could just not be that interested and doing the bare minimum to keep you interested, I've seen that one before. Hard to tell. Just play it cool and see where it goes.",ADVICE
676,"Let her know you are relocating and would love her and son to join you. If she doesn’t feel ready she can come later/visit and test it out/try it and see. Be firm you are going so you can provide a better life for you all. Put a ring on it so she feels secure that you want a life together, because it’s a huge leap of faith on her part with no commitment from you.",ADVICE
970,I'll try this. Thanks ,WARNING
366,Coming from someone who broke up with the love of their life over stupid bs  and then he died the same day... We are only lended so much time. Take him in your arms and hold onto him forever.,ANECDOTE
1393,"Well it can't read or comprehend language yet so anything for now is pointless. Having a colourful card is all you can do for it.

This would be something for the future so write about what you hope it grows up to be etc and keep it for a special occasion like a 10th birthday or something.",ADVICE
186,"God, at 18. Please consider adoption. You be doing the child and yourselfs a favor. 

Edit: Let me add, if I where you I would not become the legal father. Support her ofc but not legally. Please 18 is too young. Adoption is the best option if abortion is out. ",ADVICE
933,"You're over worrying, yes. 

Source: Had about a 100 different partners.",APPRAISAL
94,Yeah that could be a potential. Perhaps you and J could find another place. But you deserve a great life and would be best to take care of yourself. There's gotta be a better solution than what is going on right now. And yeah you're welcome!,EMOTIONAL_SUPPORT
902,Put a new lock on ASAP ,ADVICE
865,"the agreement is not a formal court order, we just wrote it up ourselves and signed it in front of a notary to give it some kind weight, and so no one could turn around and claim they didn't sign it. 

there was nothing noted about deviation from a schedule, just a schedule. 

i've looked through the documents on the district courts website but couldn't find a form to exactly match our situation. we were not married, the baby came, my name is on the birth certificate but when reading online, i've read about something called an acknowledgement of paternity, a form which I couldn't find. 

i suppose the best advice would be to contact a lawyer directly but I just can't afford one so I'm trying to see if there's a way that we can file the forms in court without an attorney.",EMOTIONAL_SUPPORT
262,"This is the sentiment of some of my friends. But those same friends are chasing around the dopamine rush of  passionate love, only to fail abysmally in long term relationships.

I'm trying to value the companionante, durable stuff over the fleeting emotional stuff. But after six months.. maybe you're right. I'd like *some* kind of emotion. This just sucks. ",ANECDOTE
286,"\- Secured Credit card

\- BoA Checking then after asked if there is any promotion for a Credit card. (might be low from the start, I got $750). If you are under 24 and still in class, you can have your checking account maintenance fee waived. After that you can decide to close your account or keep your account with some other requirements to have your fee waived.",ADVICE
1375,"It’s good that you started to move on.  It’s likely that the reason she was becoming distant in the first place is because she detected these feelings you were having and felt uncomfortable.  That’s also probably why the sister answered the door.

The easiest way to get over these feelings is to outright avoid her.  That shouldn’t be too hard as it seems she has already started avoiding you.",ADVICE
203,"Eh, just go out and start talking to people. See if anyone speaks English and ask if you can join them. Tell them you're on vacation but the people you were with went to bed early and you want to stay out and have a good time.

Hopefully you'll see people around your age. If you can just start talking to people like that, the conversation should flow naturally. They'll ask where you're from, you can tell them, and then you get to know them a bit. Maybe play some games together if it's a bar. Ask them to play darts, shuffleboard, pool, or whatever they have, then just get to know them.

If you're there with your parents then it's pretty well impossible to bring a girl back unless you have separate rooms. If you do have a separate room, awesome! Go for it! If you don't, then it's going to be pretty tricky to go home with a girl to her place. Maybe if you have a car or they do you could work something out there, but that seems pretty iffy.",ADVICE
857,"What's the purpose of the job?   What's your plan for the future?

I'd say stick it out for a while and if you don't like it find another job then quit this one.",ADVICE
1407,Then you file separately. You can not force someone to file joint. ,ADVICE
1153,Did u file a complaint with the CFPB or OCC? If not you need to do that.,ADVICE
1777,"Controlling people will use any excuse they can think of to get you to cut off your other friends. I'm guessing this isn't the only area of your life she's been trying to control. She uses the excuse that she wants you to do it because it makes her insecure, but the real reason is because she feels entitled to control you. 

You tried to ask her questions and she accused *you* of being controlling. [DARVO](https://rationalwiki.org/wiki/DARVO): Oppressors always reverse who the victim is when they're attacked.

You deserve to be with someone who supports you and makes your life easier, not harder.

As far as the flirting goes, it's normal for you two to have a discussion about what counts as crossing a line, what you're comfortable with and what she's comfortable with. But open communication is not what happened here. You two have never had this conversation, or you have and she decided she doesn't care about how you feel and to keep secrets from you.

You deserve to be with someone you can talk to and trust.",ADVICE
1311,Three months is not that much and if she really loves you she will be ok with it. ,APPRAISAL
884,"You said it yourself, you don't know if it's your kid and she sounds insane. You should have left long ago. Get a paternity test to figure out if you need to be chained to this woman for the rest of your life or not. Honestly, if it's yours prepare to either fight 100% to get child custody or give up and just pay child support without visitation. This woman will alienate this child against you just to scorn you, and the last thing any father wants to hear is the bullshit his ex is feeding his child. My own father had to make the hard choice of letting us figure out if we wanted a relationship with him or not. After many years of alienation, I figured out my mother was crazy and learned by dad was not as bad as she made him out to be. She kicked me out and now I have absolutely no contact with her for lying about him. ",ADVICE
1442,"I think you’re a great human being for thinking of someone else’s feelings without knowing them. However, IF you tell him & your GF & RM find out It could cause chaos in your relationship. The RM will be mad at you & probably want to cut off GF. GF is gonna be mad at your for breaking her trust because she told you this in secret & it may fuck up her living situation. Not saying you shouldn’t tell the guy because he does deserve to know but you should be aware of the consequences it may come with. ",ADVICE
711,She has no cause to press charges but you could probably sue her for defamation and or slander screenshot the posts ASAP and contact a lawyer (if you want to sue her of course ),ADVICE
740,"**Your poll question won't help you.**

Everyone has different limits, different requirements, different goals in a relationship. Hell, some people define 'fight' in very different terms. For you it may be screaming, calling names and not talking for a day or two after. For others it may be a long discussion over the best car rental to use on vacation. 

What you really want to know is this:
 
Are you happy?

If not, are you and your partner willing to make the changes reuqired to make you happy?
 
If you want advice about your relationship, you need to answer these questions. Not us.

",ADVICE
737,"What does that even mean?

My dad is my best friend. Always has been. I’ve always been closer to him than my mum. 

I got out of a relationship myself this past summer. I only had one boyfriend before. Dated from when I was 15 to 22 this past summer. He was only a couple years older than I am ",ANECDOTE
156,You could average 10% on mutual funds with less risk.,WARNING
1009,"My guess is no, but as I said, I am out of my depth here and if you are serious about this, you should consult with an attorney who *is* knowledgeable in this area.",ADVICE
70,"I don't kinda feel like being addicted to it anymore. 
I just wanna have some fun since it's been a very long time since last time I watched. And now that this morning I sort of fapped too... 

I honestly don't feel like being addicted or anything like that, but something is holding me back and I wanna hear some opinions. ",ANECDOTE
1797,"Thank you, I actually hadn't thought of that at all, luckily I refused to accept any liability and suggested she raise the case with her own insurance company based off her evidence.

I've spoken to my own insurance now to give my side of events.  Thankfully they seemed to back me up,  I've got pictures of my (pristeen) wing mirrors as evidence, which I'll be emailing off and will wait to see if this woman files a claim against me.

Looks like I'll be getting a dash cam now :-)
",APPRAISAL
218,This is a very helpful way to think about things. Thanks for the advice!,APPRAISAL
1195,"As /u/sundsin said. It does depend on how often this happens normally. They may be bipolar, maybe they're going through some stuff and it's having a hard time.

Just ask if they're doing OK and let them know if somethings up you might be able to help.",ADVICE
1329,First it was withheld at 30%. Likely you owe far less than that in taxes,APPRAISAL
1241,"Very good idea. I should look into contacting my local Sheriffs office come down to take a look before they potentially get called down here by the neighbor. The berm was built by the previous property owner to be used for this purpose, and is much larger than most I have seen be used.",APPRAISAL
1758,"This is the baggage that comes with dating a girl just a year out of high school.  She's at a point in her life where she's trying to figure out what she wants to do, and, more fundamentally, who she is as a person.  As someone with more life experience, you're correctly aware that if you want to play an active role in this relationship, it will be to build her up and to encourage her to seek the help she needs.  In the face of the current circumstances, of her having no support system to fall back on, it sucks, but you have to choose between abandoning her, supporting her through something which could take years to resolve, or at the very least, leaving her with people who can help her.  ",ADVICE
601,"Woah, I wasn't even alive in the 70's and 80's. Kind of crazy to think that to be honest. That's awesome though! Never been to the west of Canada before, but I really want to be a flight attendant in the future so I might end up passing by Vancouver one day. 

I'm glad that the both of you met though and hope you have an amazing time together! I'm not sure if my boyfriend and I will last long, but even then, once I start working and living in my own apartment and all I'll be able to get my mind off of many things since I'll be too occupied. For now, just need to find other things to do on weekends and such. ",ANECDOTE
1922,"I'd say early thirties. Change the way you style your hair, maybe the way you dress. Presentation plays a pretty big role in how people see you.

Find some male fashion blogs for this sort of thing. I'd look around myself, but I gotta head to work soon. But if you'd like help finding them, let me know!",ADVICE
978,">It backfired on me and it's no longer anonymous

Can you elaborate on this?  How did it backfire?  Is it simply that the law enforcement authority know your identify?

&#x200B;",EMOTIONAL_SUPPORT
1091,Go and sleep like you normally sleep. Isn't' that the entire idea of the sleep study?,ADVICE
1619,"Wow. Good for you, thats incredibly good money for a 20 year old.  Can I ask what major you did? UCB perhaps? Did you graduate at the top of your class? Im just asking because its amazing that a 20 year old is making that much at such a young age! Is this very common in your field or are you an outlier because of your high level of skill/education?",APPRAISAL
39,"It sucks, but you’re not overreacting. Good luck bro.",EMOTIONAL_SUPPORT
1923,"Especially since he only got over her b/c she moved. I don't think he's over her at all, and I'd bring all the popcorn if she moved back",APPRAISAL
1526,"I would ask them to write up a letter/estimate that explains this situation. Then, you can take this complaint to VW with the garage adding their opinion.

This would be the first place to start.",ADVICE
1054,Never understood this myself as I am very transparent and direct with my feelings all the time. ,ANECDOTE
44,"First off there is no magic formula to figure women out. 

You ultimately want a woman to be attracted to you. Anyone can buy flowers and take them to nice places. Sure. It might do it for some girls but those likely aren't the ones you're pursuing. What makes *you* special. What makes *you* unique. I've had great dates that wind up at Walmart shopping for snacks and I've had terrible dates at expensive restaurants. 

You need to be you. Don't play the game. Don't put on a show. Be you. Be genuine. Be into the girl. Be attracted to her. Don't think about just being with *a woman.* You have to be into *that woman*. 

You're also going to strike out a lot. Lots of people are looking for quick hook ups or basically speed dating. Don't let yourself get tio frustrated either.",ADVICE
1483,"If you can't make it where you are how in the heck do you think you're going to make it in California?  Sure he'll make more money but everything else will cost more as well.  Much more depending on what part you move to.

If you want to move out there then you should start saving and have a decent nest egg for yourself and a plan on how you can both work.  That gets a lot easier once your daughter is in school.  ",ADVICE
790,Why do you say that though? Money in the market for 40 years will outgrow the difference in interest paid by knocking out my debt ~4 years earlier. Save $3-4k interest now vs gain significantly more later.,EMOTIONAL_SUPPORT
541,"me and my wife got married in UK, before moving to US, but only did that to make visa application easier.

As she is already here, you can get married, and apply for a [greencard](https://www.uscis.gov/green-card/green-card-through-family/green-card-immediate-relative-us-citizen#inside), which will make it easier to do other things than just school. You may have to get sponsorship from family if your income is not enough.

As you will be married, it puts her on a fast track to become a citizen, in only [3 years](https://www.uscis.gov/us-citizenship/citizenship-through-naturalization/naturalization-spouses-us-citizens).  I would recommend she gets citizenship as soon as possible, simply because it makes life so much easier.",ADVICE
1485,You do not need to take out a loan to build credit.  You're wasting your own money.  Pay it off now and save yourself the interest.  Read the wiki on credit building. ,ADVICE
1399,"You're not supposed to do it objectively. It can have things like 'I love bikes' with a score of 10. 

I like to do this all the time with difficult choices and it works great for me. It's about making a final decision, not about what the reasons are.",ANECDOTE
229,"Maybe show her a possible salary for someone with an Environmental Studies degree, then layout some typical expenses she would see living in her own. Then add in the typical minimum loan payment for $90k. This should make an impact.",ADVICE
914,"I will tell you what worked for me although it will be downvoted and ridiculed.     

Cutting out all processed sugars from my diet was a miracle.",ANECDOTE
1157,"Biggest mistake you made is giving her a few days, basically giving her plenty of time to formulate her story. You need to think about two things:

1. If she only cheated one time, why would there be months of sexting and nudes sent around?

2. If she was pregnant why didn’t she tell you sooner if this was allegedly before she cheated?

It’s fine to ignore advice, but please don’t ignore the facts!",ADVICE
1535,I work in the medical field and embarrassing shit comes up from time to time. The way you deal with it is by using technical language and things like serial numbers. ,ANECDOTE
1461,You both get a name and the kid chooses which they like later. ,ADVICE
1881,"Yes, roll it over to a Roth IRA.  Because you can't roll it into your new 401k, your only options are to leave it in the old account or roll it into an IRA.  Vanguard is a very good brokerage and almost certainly will have lower fees and better options than your old employer's plan.  You will also be able to contribute to the Roth IRA directly, provided you meet the eligbility requirements for contributions.",ADVICE
511,Thats exactly what im saying to her but she keeps saying its not going to be like that...i know it will..,ANECDOTE
1460,As long as you're not naked or doing g some horrible sexual act I think you should be fine. Just be careful next time when putting photos on the interwebs,ADVICE
1872,Definitely don’t get back together with this child. From what you’ve described this guy is deeply replaceable. ,APPRAISAL
846,"Don't give up. Keep pestering them. With insurance companies, squeaky wheel gets the grease. Keep a log of times, dates and names of everyone you talk to. ",ADVICE
1024,"She is insecure yes and I understand it, with that comes alot of trustt issues, the trust issues got alot worse in uni and I think that's a reason why she always wants to be around me but I definitely agree with you about how she can't use that to disrespect me, it has been hard for me to make friends in uni, I like my own company and to keep to myself but when I do want to talk to someone I feel so guilty because sometimes I might talk to someone on my course who just happens to be a girl. Everyday when I get from uni within the first 10-15 minutes she asks 'did anything happen today' meaning have you talked to any girls. The insecurity in the past has lead to some arguments I remember a while back I tried asking for a bit of space and she called my interests a waste of time and stupid",ANECDOTE
1656,I wouldn't call it patronising. It sounds like she was responding to something you said. ,ADVICE
1431,"Thanks for this!!!

Im renting a room and the place is furnished I just need to get my individual room furnished. Included in the 1600 is all utilities as well as cleaning supplies, laundry detergent as well as occasional cleaning services. The master tenant is taking care of all of this which is super awesome. 

On the car: my good friend from college lives in SF right now and has a car so hopefully for the first year or two we can squad and hit some of the more far away destinations. 

Forgot cellphone + spotify/ netflix - will add this to my budget. 

Will also budget some $ for travel. Going to try and travel hack a little with rewards so hoping to keep that budget low. 

On my grocery/food/eating out budget - do my estimates seem reasonable? I’m a big Trader Joe’s Fan but will probably try and get produce elsewhere. ",ANECDOTE
616,"You can get information on repair demands in Utah here.

[https://www.utahlegalservices.org/node/7/bad-housing](https://www.utahlegalservices.org/node/7/bad-housing)

Keep in mind that in Utah, you are not entitled to any repairs on your property if you are not in full compliance with your lease, so if you make a repair demand while you're in violation of anything else--even the most piddly requirement of your lease--you will not get your repair, and you'll probably be evicted.",WARNING
829,"If you have proof that you paid for a dog and didn't receive the dog sue her. There are other options but eh, i'll leave that to you to figure out.",ADVICE
1075,"Got mine scammed once when I never used it except for the ATM at a local bank. Had to fight but in the end for all but $50 back, which was all the liability I should have in Indiana at least. 

Still took a lot of time and days to resolve though. ",ANECDOTE
1958,"If you're using your efund for actual emergencies as you're accumulating it, you're still doing it right. ",APPRAISAL
410,It's normal when you're young and the relationship is still in the honeymoon stage. It will be much less severe after more time has passed ,APPRAISAL
1927,"My favorite way of making a decision is to flip a coin.  If you truly don't care about the outcome, then go with what the coin says.  But if you flip the coin and it lands ""wrong"", you know to pick the other option.  For decisions with multiple choices, use a dice or a random number generator.",ADVICE
1129,"I know this will be an unpopular opinion here but I gotta say DON'T DO IT! what possible good can come of this??

jk go see him durrrrr :p",ADVICE
1490,Hygiene. Learn that washing is not the same as merely rinsing yourself and that you don't smell the same to others as you smell to yourself.,ADVICE
1469,Go to police and get a lawyer. Make sure to save the video also.,ADVICE
289,This thing with The contract was from The beginning suspicios and i searched on The internet. What i found.. Their own site is blocked.. You must pay to receive Information about it. I founded another site where it was a disscusion about this company. And one girl story how 'they are trying to get your nose' lying with The promotion.,ANECDOTE
874,"Yes I see! I feel like moving to another place is such a hassle since we live in a spacious four bedroom home. F just has one room with few stuff. Besides that I feel (might be my pride?) that a couple moving out of an entire home as opposed to one person looking for a different house share seems a lot less difficult. But trying to say: "" hey would you mind moving out?"" is almost guaranteed to bring tension either between F and me because he will assume it will come from me, or between F and J because F feels betrayed.",ANECDOTE
507,"You could send a thank you note and sign up to volunteer some time at the school. Volunteers are always appreciated in the schools where I'm from. Additionally, since it is a charter school you could look to see if they have a separate non-profit arm that serves as the fundraising section. The charter school I work with is affiliated with a 501c3 that helps send kids on field trips, buys school supplies, and sponsors transportation costs. ",ADVICE
786,"Yes, a good starting place is ""Target Date"" funds. You choose the year that is approximately the year you will retire, and just invest in that to get a fairly balanced long-term portfolio. I have money in the Vanguard Target Retirement 2060 Fund, for example.

Edit: As you learn more, another good subject is the ""3 Fund portfolio""",ADVICE
380,"What about the last part regarding guests, would that apply or wouldn’t it since these aren’t guests?",APPRAISAL
1346,"Have the conversation ASAP. And don't push her to be okay with it either. Be open, answer any questions, and then give her time to think about it in private. ",ADVICE
1294,"you might not agree, and that's totally fair, but i just wouldn't. whenever i lose or gain weight, i really don't like for anyone to make any comments, not even my family. I rarely think it's appropriate or helpful to talk about people's weight, in a positive or negative way. Just my two cents, from my own experience only",APPRAISAL
856,"You should ask your attorney whether this suit has any chance of success. Your position is that this is imprudent, and that other investments may have yielded higher returns, but other investments also come with higher risks and may have been imprudent in their own way. Not making as much as you think should have been possible may not be enough to sue on, if the trustees haven't otherwise acted improperly.",APPRAISAL
981,"How is it uncomfortable to have your legs not touching? Doesnt she curl hers up? Ig she does whats the issue?

It just seems like a silly thing to get upset over to be honest, and not selfish on either of your parts really, she doesnt want to be uncomfortabpe  and neither do you. One or the other is going to have to get over it and it sounds like its going to be you. That or you stop spooning since its only causing this argument",ANECDOTE
986,Your mother does not deserve to have you in her life. You aren't being cruel; you're looking out for yourself. Your mother has made her bed and now she has to lay in it. You owe her nothing. Look out for yourself first and foremost.,WARNING
307,"Best thing you can do is chill out, buttercup. Everything will be just fine.",ADVICE
563,"I smoked and drank coffee and didn't brush my teeth as religiously as I should have. It's my only regret. 

You'll have a great smile for life, and the people who judge you poorly for having braces aren't the kind of people you want to know anyway. 

10/10 would always recommend. ",ADVICE
1755,Original loan was never paid off- they are simply holding onto the funds until we get to the rebuild phase (hopefully next month) but they’ve been holding those funds for several months but still charging us interest.,APPRAISAL
1916,"Thanks for the feedback. Do you know if there's a limit on the number of savings accounts? Not looking to get carried away, but I like your method of having different accounts for different purposes.",APPRAISAL
1943,"You can't change what you have or haven't done.  You can just choose what you do in the future.  So you may always regret wasting the time, but don't waste more time now.",APPRAISAL
189,"Just as an opinion, i think you should go. If he starts acting crazy, or handsy just make it official, u want nothing more than to just be friends. If it gets to outta hand just leave. Be calm and subtle and have fun, dont let a thought ruin a good time with your friends.",ANECDOTE
911,"Honestly he probably came in trying to figure out who he was going to fire. You just lost the lottery.

It’s very common advice to new managers to fire someone to get everyone else’s attention. At least it was in auto repair a couple decades ago.",ANECDOTE
527,"Just texted him a couple hours ago, asking if he wanted to do something this weekend. It's a good point, now I'll know if I should keep putting in the effort or let it fade out. He always takes a while to respond, hoping to hear something soon",ANECDOTE
1594,It was okay. We had an issue with one of his co-workers that he didn't have great boundaries with...,APPRAISAL
627,"Those emotions are part of what coercion is. You don’t allow your friends to do sexual things to you because of fear or because they are friends. If he is really that nervous but doesn’t want to report he should save the messages that he can (he might not have many since it’s Snapchat). And then ignore her. But for the love of God don’t let her coerce him into being a door mat. That is harassment. He has said “stop” she officially has context, so now SHE is in the wrong. He probably needs to tell her stop again and save that message if you are worried that she is like plotting to take it to the school. Also if she IS plotting to take it to the school and twist it in some way (although frankly if he is tell the truth and all he sent was dirty messages and a stop text, then she has nothing.) then he should stop being friends with a horny psycho. ",ADVICE
1166,"What do you mean username checks out? 

My dude this is a good outcome of a shitty, toxic & self destructive relationship and it happened early in the year so you can move the fuck on.

It’s the start of 2019. Make it a fresh start and say cya to the hypocrite. Don’t waste any more time.

Find someone that encourages you to strengthen friendships and build more. Someone that’ll comfort your worries rather than shut them down and call you insecure. She destroyed past friendships but now you have all of the new year to build new ones. 

Hell, you don’t even need to be with someone to be happy. Take time off and improve your life. Secure what kind of person you want to be with the life you want to have. So that next time, if someone tells you not to talk to your friends you can tell them that you’ve known your friends for longer & they better have a good ass reason to cut them off. 

You deserve better. Don’t look back. ",ADVICE
1571,"Google, never talk to cops. The first video is of a lawyer detailing why the INNOCENT and the guilty should never speak to them period. 


The 5th keeps you protected assuming innocence so unless required say nothing. ",ADVICE
837,Just bond with him over a game of CS:GO ,ADVICE
140,He can (and should) report it to his employer's IT department and his supervisor ASAP.,ADVICE
492,"Your mother has classic bipolar symptoms.  Medication can help stabilize her moods.  She's an adult and needs to get the professional help that she obviously needs.  I'd look up mental health/bipolar disorder on-line and get some advocacy through them.  I know Reddit has mental health sub-reddits, too.

My husband is bipolar/OCD.  It's not easy to live with.  I know. Best wishes to you.",ANECDOTE
1145,"Is this friend of a friend an adult? If so there's nothing his family or friends can do to prevent him from falling in with the wrong crowd.

If he's a child his parents can forbid him from seeing these people, and monitor his activities to try to enforce that.",ANECDOTE
1077,"People your age are much more likely to be assholes to each other. Think of all the people that have good, faithful relationships. There’s always a risk you’ll get hurt, but you’re missing out if you never try.",WARNING
1486,Not every situation needs a fist. You stood up for her got the apology. If hes a repeat offender that's when it becomes an issue,ADVICE
1467,"sorry. Neither of us called the police. They threatened to ( I was looking for my phone so i couldnt). 

They didnt take photos  and i dindt have a phone to take one with. (and i was so shocked from the impact/sound of the impact i wasnt thinking straight ). 

We exchanged info. Then they left. My damage is minimay. they hit their mirror I didnt even get a good look. 

It's my fault i didnt push for photos or police, but she was saying i opened my car door onto her mirror and when i said no i was standing the door was already open she said she had 2 witneses in her car what are you going to say and then her 2 friends got out and started threatening me, the girl with police and the guy like ""you really not going to argue here?"" 

And they left. I didnt have my phone (I know its ridiculous but thats why i was out there in the first place)

I wish i let them call the police because then it could have been sorted out. I was literally parked on my street where i have residential parking, getting something out of my car when i heard the bang!. And in retrospect i feel really lucky they werent a little closer and hit me instead of just my door",ANECDOTE
436,"Then it sounds like you have your answer. If you've already talked to her, she feels bad, she knows she hurt you and won't do it again, then there's not much anyone can say except that it takes time to heal from things like this. That's why everyone is going into everything you've already talked about, because there's really not much you can really do at this point. As the cliche saying goes; Time heals all wounds. If anything, I'd say keep talking about it either with her or friends or a therapist (if you have one), and process it as much as you need to until it stops hurting or you feel okay letting it go. 

But honestly, this is something that may not stop hurting completely. Its a serious wound into your relationship, and its hard to just forget. It's also hard to pretend it didn't happen. I'm sorry to say that you may never completely get over it, but that depends on time and how you process it all in that time. 

I wish you luck.",WARNING
1100,"That's a lot of pressure to put on you (and by extension, him) to be honest.

",APPRAISAL
777,"Wow I did it. And it worked. I dropped in a bought a sandwich for her. She came out and even invited me inside but I said no. We are outside for a bit talked and I passed her dinner. She went back inside to finish work because she couldn’t leave 

Part of me feels weird about this whole thing. But idk should I? I just hope she doesn’t think I don’t trust her. ",EMOTIONAL_SUPPORT
723,"Having money doesn't make a relationship work. It may help, but there are plenty of things you can do without money too.  It sounds like you still live at home.  Have her over... play board, card, or video games at home... take a walk and talk and get to know each other... go to the park if close... just have fun with her and be yourself and if it's meant to be, it will work itself out.  When in school, I rarely bought my GF stuff or went out with her... same reason and we still had a great time!",ADVICE
196,Being more active in the morning may help. Getting up and creating a routine of exercising and making yourself some breakfast might help with your morning. Endorphins does wonders in amping up your mood  ,ADVICE
1647,">I think it's a little unethical to charge us for their mistake

On what grounds? Finders keepers?

They discovered they haven't been charging you for the gas you've used. They have a legal and ethical right to correct their billing mistake within the statute of limitations.

It's not like they under-charged you on purpose so that they could deliberately surprise you with a bill later. It's also not like they're insisting on a lump sum payment.",ANECDOTE
320,I'm not for say in love. I just think that's she's a wonderful young lady that any man is lucky to have. I would not mind being in a relationship with her because her character is fantastic and her looks are he icing on the cake. But we are at a point where we live 2 completely different lives and the only thing that connects us is the bond that we developed through our younger years. I like her being in my life as a friend or as a lover.,ANECDOTE
1472,"Honestly man, finish high school at least.",ADVICE
1484,"You sister must have gone to college to be an officer.

 If you join any service, such as the Air Force, it will only be for 4 years and you can take tests and choose a career field that may give you a real foundation for the rest of your life. Being stationed anywhere in the world is a crap shoot but there are real opportunities for travel and adventure so that's the luck of the draw. 

It's okay to make mistakes and try out new things because you can always make changes and moves that will enrich your life. If you don't make choices they others will make them for you.",ADVICE
629,What state are you in? Some states have boilerplate wills where you can just go through and check off the boxes that you want.,APPRAISAL
819,I'd like to hear his side of the story,EMOTIONAL_SUPPORT
1365,"I got my passport in 3 days. Check where the passport office is in your state. I went to the one in D.C. because it's close and by showing my ticket for a trip that week, was able to get it quickly. It did cost more. (Every state has an office) ",ADVICE
1888,"I understand where you're coming from feeling that way, but (although not a lawyer) it's hard for me to see, legally, how he's screwed you.

You still have rights to the back yard; you might have to negotiate a schedule with new upstairs people if your dogs aren't good with them.

This is all, unfortunately, part of apartment living.",ANECDOTE
1790,I wonder if she has been thinking of leaving you for a while and the large sum spent was to abate her guilt.,APPRAISAL
1388,"Pay the minimum required amounts on all debts (of course), and then put all extra money that you have towards the loan/debt with the highest interest rate. 

 This will help you pay the least amount of interest, and thus help you pay off the loans fastest with the least amount of total money.

http://unbury.us can help you with making the calculations. ",ADVICE
1681,"I have to agree with a lot of other people in this thread.

You're 18 and the child isn't yours. Why is abortion out? Her choice? That's frankly just irresponsible. She and you have no idea what kind of mental illness her assaulter has, or other potentially inheritable problems could passed on to the kid.

Here's personally what I would do (24, M, graduating next semester) since the above isn't an option.

I would tell my partner that if abortion really isn't an option for her that I would be seeing someone else. If she ever needed a place to stay, support from a friend (but not financial), I'd be there. However, I would never agree to take on the consequences of someone else's assault.

Just no. Especially when there is a solution offered by modern medicine (abortion).

Just offer to be there in whatever capacity you can be as a friend but this is her choice now. Not yours.

Small edit: be wary of women trying to tie you legally into financial support. It's the worst most malicious way to take advantage of someone. Not to say she would, just be wary. This is a very traumatizing thing for her. Worst case scenario I can imagine is that she is trying to get you to agree to guardianship then boom, you're liable and she gets money every month for 18 years. If the possibility of that is taken away and she is faced with supporting the child without you, just watch and see if she changes her mind.

Second edit: saw adoption further on down. That! Why not that!?",ADVICE
1142,"Well there's only one way to find out. And that's to ask her. By the looks of it, you've been friends for a while and I'm sure your friendship will survive no matter what her answer is.",ADVICE
745,He never responds well to any sort of thing like that. I should mention he's a compulsive liar about nearly everything. He is the type of person to really not respond well to any sort of criticism which is one of the reasons I haven't brought it up yet. The last time I brought something like this up (granted a much much smaller issue) he stopped talking to me for a few days and basically got super huffy acting like I was insulting his character. Over something pretty much insignificant. Any ideas on how I could bring this up lightly?,EMOTIONAL_SUPPORT
863,"I'm a girl and I agree with everything that's being said.  Don't let her gaslight you and yeah, BE STRONG when you do it.  She seems like she might bust out the waterworks.

I promise you will look back on this and feel relief after the hurt dies down. xoxo",WARNING
714,"Dude! Your sister is EVIL! How can she do these things to the person that gave life to her, raised her. I don't understand how someone can be so mean.",APPRAISAL
1539,I'd open up Barclays in a second.  Move your money wherever the rates are the best assuming FDIC is in place.,ADVICE
1040,"Pick up some work for nights/weekends. You're already used to working multiple jobs, just because you have the career path now doesn't mean you're ready to give up doing that at your salary. Even $150 a weekend will go a long way towards your sanity and improving your lifestyle.",ADVICE
268,"Remember she gets half your stuff for life with this separation, and unemployed she gets alimony. 

Not gonna lie the effect on your career/end goal is going to get halved regardless of your choices. Lucky you dont have kids yet. It would be best to find an appropriate environment if you want to save your marriage. Not everyone can do the LDR and you need to choose your spouse - but you dont seem to care. Regardless the law will take care of her.

She does have legitimate concern, military life is filled with divorce and infidelity and you really cant expect someone to not emotionally connect with females, who are probably searching for men themselves, while working 12 hour days.",WARNING
426,"Please dump her ASAP, no need to explain why or anything. Expect that she'll tell everyone how you were trying to control her and how you were insecure, obviously she's projecting, but that's not your business anymore. you know the truth and can move on with your life, knowing you saved yourself from a terrible terrible person and relationship. Please don't go back either. I've been in a similar situation and after she had her fling she realized she had it great with me and tried coming back.",WARNING
1719,he might be considered a tenant at this point and you'll need to go through the eviction process.  ,APPRAISAL
1050,"It honestly sounds like you're both being petty. Yeah, she should pay for it too and ignoring you + keeping her kids from talking to you at the funeral was shitty. But it's your Mom's gravestone, had she said from the jump ""I'm not paying for it, I don't have that money.""...wouldn't you have just paid for it in full anyways? Let it go.",APPRAISAL
180,">looking at paying off loans for 2-3 years

LOL more like 20 years. 

But aside from that I agree with you—borrowing money for living expenses as a student is generally a bad idea. But in this circumstance, a modest loan for one semester is not horrible, if the alternative is dropping out. Or worse: paying tuition and committing, on the delusion that you'll be able to figure out how live on $200 for months and then dropping out because you can't make it work. ",ANECDOTE
1426,"""it’s not that big of a deal even though I’ve lost sleep over it.""

You just contradicted yourself. It is a big deal, you're just trying to tell yourself it isn't to preserve the relationship. ",APPRAISAL
764,"NAL. 

Be grateful that you didn’t end up purchasing the vehicle.  This is a cost of the vehicle search process.",ADVICE
1951,"If you wait until you can afford them, or wait until “the right time”, you’ll never have them. We waited 7 years before our first and almost didn’t have any. Then we fell head over heels with the little guy and had more kids. Crazy, messy, loud, and life-changers! But we loved being parents. Now they are young adults. And we are glad we had them! But we are weird like that, haha. ",APPRAISAL
393,"I wouldn't say you are 'triggered'. It's not like it's an uncommon fear, or totally irrational.
Back in my tumblr years I was asked to tag all sort of random crap. Eyes, balloons, pictures where there are several of the same object...
 I totally understand the want to not see things, as even seeing a picture of a spider (or anything else I'm afraid of) makes me want to shut myself in a sealed room for the rest of my life. But it's their page, and they have the freedom to post those pictures if they want to see those pictures. You will just have to unlike the page, and find something else with similar content. We sadly cannot expect other people to stop doing things just because we don't like it. That's like if someone said other people can no longer eat oranges because they don't. ",ANECDOTE
550,That gives me a lot of hope.,EMOTIONAL_SUPPORT
1007,"When I know I'm about to pay a debt off I call the lender directly and won't send payment with a an agreement to send me the copy of receipt or some form of confirmation that the debt has been paid off right afterwards. I don't like to wait for mail in that case so they usually email or fax me. Then I can get the letter as well. 


I don't screw around with that kind of stuff either.",ANECDOTE
430,I mean she's 39. Is she still taking care of housely duties if any? She seems to me like she is enjoying the life she couldnt have. Maybe....,ANECDOTE
1876,"Well, you are guilty of it too. You should apologise and hope they will give you a second chance.",ADVICE
1000,"There's so much to unpack here I don't even know where to start. It sounds like you have some things you really need to work on before being in a relationship.

Also, you met this person once. You're already taking this way too seriously. Ask her out and get it over with ",ADVICE
1727,"Nope, that is called timing the market. Don't do this. ",APPRAISAL
98," I would assume that like most loans, if you don’t pay at least the minimum amount due each month, they will go into default and you can be garnished. ",WARNING
388,"Unfortunately, your parents need to realize she’s an adult and they don’t really have a say in her personal matters. If it were me, I would keep seeing him and just keep it to myself. She’s not obligated to tell them about her personal life. It sucks, but as an adult, she’s allowed to make her own choices. ",ANECDOTE
748,I'd definitely be concerned. It's especially disrespectful b/c you told him you don't like it. He's showing complete disregard from you. I'd give him an ultimatum & tell him to knock it off or your leaving b/c it isn't right. ,ADVICE
900,So what happens if you quit those hours are just gone? Or get fired?,EMOTIONAL_SUPPORT
294,"I would say that he probably needs a sleep study to check on apnea, and maybe a CPAP - that is the only thing that finally quieted my husband's snoring enough that I could regularly sleep - his machine is super quiet.  Try to get him to ask the doc about it - a lot of places do an at home sleep study that isn't as invasive as having to spend the night in a hospital.  You just go, they show you how to hook up the monitors, take it home, put it on before you go to bed and then drop off the next day.

Drinking less could contribute because alcohol actually keeps your body from getting as much deep sleep as usual, and most people tend to snore more when they sleep more deeply.  Smoking could be contributing as well, especially since it could dry his throat and make it worse.

Simpler things that could help a bit - elevating the head of your bed.  If sleeping on his back is a problem, get him a shirt with a front pocket, put a tennis ball in the pocket and then sew it shut, then have him sleep with the shirt on backwards to sleep - the ball will keep him from settling on his back when rolling while sleeping.  We didn't have any luck with the nose strips, but a dental appliance that shifted the jaw forward a bit did help some.  

I tried earplugs, but they didn't quiet things enough for me and made my ears hurt in the morning.  The best thing for me was a white noise app on my tablet that I put under my pillow.  Turned up loud enough, it would cover the sound of the snoring - I could sleep with the constant loud noise, but the irregularity of snoring on and off would keep me up.  If it is possible, trying to get to sleep before he does can help as well - but that usually didn't work for me - I've always had insomnia and was up later typically, and even if I fell asleep earlier he would wake me getting in bed.

I know you said that you have a munchkin at home - I don't have a problem with hearing the baby monitor over the white noise that I use at night right now, if that is a worry.",ANECDOTE
1487,"Ask this question to your self:

1. Do you have money? Are you rich? (Money is not the answer to everything, but sure do solve lot of problems)
2. At least do you have steady job?
3. Will you love this kid as you own? (I doubt this since you already said that you felling sick that she is pregnant with someone else child)
4. how many ex you have? (I read something online, average a man will date 10-20 woman before they get married)

it is not fair if I tell you to walk away from the girl you love when she is in time needed you the most. but I am sure want you to think about your future too. ",ADVICE
285,"Pay off the car early. Paying off non mortgage is usually your best option.

You should ignore anyone comparing the debt rate to the average investment gain. They are not telling you the full story.",ADVICE
942,"I funny really understand the question. 

If you own the home, legally and fully, and sometime is damaging your property, you call the police. You may also have grounds for a civil suit. Obviously you need to know who they are in order to sue them, hence why you call the police",ADVICE
1991,"There is a [food bank in Bournemouth](https://bournemouth.foodbank.org.uk/locations/). I don't know if it's anywhere near where you currently are, but maybe they can tell you how you can at least get something to eat.",APPRAISAL
445,"Going through something similar but with the opposite outcome. Couldn't make it at school. Got a horrible gpa, but when I told my parents they were understanding about it. Particularly with the money aspect of it, it would have been very difficult for me to cover tuition and fees. Agreed that I should take a semester or even a year off to figure out my life and get a better job. So I have to recommend the same to you. Look around for help wanted signs or just walk in to some fast food places or restaurants and ask them for a job.

 Give your parents a few days and call them. It can be a shock when you hear your kid is taking a different path for them than you want. They may just need time to take it in and let you come back home. I suffer from depression myself and have had similar thoughts about ending it. It is tough but you have to fight through it. If you have a friend you can tell about your depression who will understand please do. It really helps when you have even just one person who will listen and be understanding.

Please keep us updated and the best of luck to you OP.",ANECDOTE
1202,"You might want to look for a local lawyer and ask if any have dealt with said store (who are known for being hardasses with LP).  You can usually get a low cost consultation that hopefully can give you some piece of mind on a.) what to do, and b.) what the likely consequences are.

That said, given your completely crap negotiating position, you should not tempt fate by just ignoring any demand letters. ",ADVICE
663,Check with your local library. I don't know what your hobbies or interests are but they might have some info on groups you are interested in outside of school.,ADVICE
1734,"If your father is as bad as you say he is, then no you don't owe him anything. Not even ""paid respects"" at his funeral. I hate my father. I have some younger siblings, if he died while they were still young I'd probably go to his funeral to console them and help them. If he dies after they're all 18 though? Fuck that shit, I ain't going. He has never done ANYTHING for me, and much like you out of all my siblings I'm the one he cares for the least. If you're fine with not going to his funeral and it won't haunt you or anything then don't go. You don't owe him.
Now, as for your family, this could cause some drama. If it's more trouble than you think it's worth then maybe you could go just to avoid all that bullshit that would come later. But, if you're willing to put up with the possible fallout, then go ahead and don't go. I know I wouldn't.  ",ADVICE
572,"I'm about to work on freezing my account and will have it handled this evening if the hour doesn't effect my ability to do so. That's really the thing, she's never done wrong by me or anyone else, and as angry as I am, and as long a road to rebuilding my relationship with her as this will be, I think this is the best path based on the information I have gathered. She agreed to giving me the money back that I put towards this. Also, I crunched some numbers based on her present income that I gathered since the original post and am working out a full financial game plan for her entire situation. Barring no unexpected twists I think I have a handle on it and it's going to be ok. Thank you for taking the time to respond. ",ANECDOTE
1944,If that's OP's prescription from his doctor then that's what he needs to take. You can't compare people. The issue is his gf giving him the ultimatum of his perscription vs their relationship.,APPRAISAL
724,"You have a point, but the biggest proponent to using a credit vs debit card is whose money is involved. With a debit card, it's all your money all the time. The bank won't be arsed to find the root of the fraud, and would be inclined to think you caused it. That isn't to say that credit card companies don't think you are the source of the fraud, but it is inherently their money involved until you pay the balance, so they should be motivated more to figure out what happened to the purchase.   

Even if they ding your credit, you have a way to fight this and appeal the fraudulent case and therefore get the ding removed from your report with less skin off your back (unless you're actively looking into credit purchases like a house/car). It's harder to fight something when you have no money to do so, if the money was stolen from your bank account.",APPRAISAL
904,Honestly he sounds fine and just wants to do his own thing. Just because you don't agree with him or his feelings doesn't make them wrong. If he's happy that's the main thing.,APPRAISAL
854,Are you sure you are her friends type? ,EMOTIONAL_SUPPORT
1867,"First of all, sounds to me like you're not even technically dating her, so if you kiss someone you wouldn't really be cheating. That is of course unless you've officially made it clear to one another that you are a couple. Secondly, there's nothing wrong with feeling confident however, if you're not interested in her any longer you need to be honest with her and tell her that. Know that regardless of what you do, if she's really into you, it will hurt her. That's part of a relationship though. When it ends someone has to hurt someone, unless it's a mutual decision.",ADVICE
1206,"It's all about what fits you personally. Myself personally, I love my credit union and hated banking at Wells Fargo before I came here. My brother on the other hand loves chase, it works well for him. So the best advice is not to pick where you choose to bank based on what other people think, do it based on which one fits your personal needs.",ADVICE
263,"Also not his place, even if it's ""for her."" It's her decision solely, most likely with some input from her parents, depending on whether they're supportive or not. ",APPRAISAL
1874,Get out. Get out! This can only end in pain. ,ADVICE
758,"The problem is not that he watches porn or masturbates, it's that he blasts it loud and... came on you.

Try and focus on what the actual problem is. Honestly if you tell your parents that their 18 year old was watching porn, unless they are super religious or something, they might laugh at you. That is extremely normal behaviour for both boys and girls even much younger than 18.

What is not normal is blasting it loud and cumming on his sister. That's sexual assault if nothing else. ",APPRAISAL
1687,"Yup, similar to how you want people to use PC language you prefer.   This is relationship advice.",APPRAISAL
231,It might not if you have a person evaluate your financial situation and tell you to your face that you can afford these luxuries and lifestyle you've been depriving yourself of.,APPRAISAL
304,"Bridezilla, LOL! 

She sounds toxic, and you have gone above and far beyond what should have been expected of you. She was wishy-washy, indecisive, and extremely expensive. I bet the other on-again-off-again maid of honor wishes she had never gotten involved!

Edited to say that she wants her wedding to be perfect, but at what cost? She is willing to toss friendships away for that ""one perfect day"". That is so fucked up!",EMOTIONAL_SUPPORT
1760,"I was married for 13 years. My wife would complain to me that I had stolen her thunder with my erratic schedule, insomnia. SHE was used to being the reckless, disorganized one. Now I was forcing her to be the responsible one. I was completely unaware of her internal turmoil. As far as I could tell, I was just doing what I had always done: holding down a job, managing my stress by cutting loose with whiskey. I eventually learned how my personality made her feel overpowered and once I reigned it in, she was able to feel like more of herself. You have dufferent circumstances, but the point is that women are complicated. Maybe she wants to be the one to desperately yearn for more communication from you. Give her breadcrumbs for a while and see what happens. ",ANECDOTE
176,"Have you tried calling the court house to discuss this with someone? They might have advice for you. 

Also did you try requesting a postponement or were you just requesting to get out of jury duty?",APPRAISAL
646,"Are you buying property in this state or renting?  I only ask because a lot of states with no state income tax, make up for it on the property tax end.",APPRAISAL
225,"No.

Keep it light on the profile itself. Get into the other stuff either via messaging or in person. Why share all your information with someone you might not have any interest in dating?

Privileged information like that is reserved for people who are more worthwhile, i.e. someone you can actually envision dating or having a relationship with.",ADVICE
697,"What he is doing is illegal, while an attorney may raise certain points resulting in alterations to sentencing, it's inappropriate and violates the law. So yes he can be charged. ",EMOTIONAL_SUPPORT
442,So true! On it and thank you for your words of support and encouragement ❤️,APPRAISAL
1833,"I second this, about the financials. 

Also, people do crazy things when relationships are ending. Protect yourself financially so you're not left with a bunch of debt, or with her taking money that isn't hers. ",APPRAISAL
946,You can report it to their chain of command. They would decide on whether to investigate it.,ADVICE
659,"I agree with coloring items. They gave us coloring books on the psych ward and in grief counselling. It keeps you ""busy"" but you can still think and reflect.",ANECDOTE
247,I want to do that. Ive tried. I feel like I should tell her again and maybe after that I'll leave it alone unless proven otherwise.. But it just feels so undoubtedly true that it's hard to get past. ,ANECDOTE
1733,That's great. Thank you. I love how you put it into the perspective of lifting. I'll do my best towards cutting all communications. ,APPRAISAL
475,My SO hasn’t texted me yet and I haven’t texted him and I feel really fine about it. It’s been nice. You really did help haha so crazy!,ANECDOTE
104,"Say this:

""The smell is leaking into the shared areas and I want to you find a solution. You could get a smokebuddy or other type of carbon filter.""

If you don't mind, buy him a smoke buddy yourself, give it to him, and say ""please use this"". If he's a friend he might even pay you back for it. I would.",ADVICE
792,Sometimes it's an issue you can workout with your partner. Other times it might require professional help. Seeing a therapist or health care professional is an option you might want to consider.,ADVICE
1788,"If you mean you can't memorize the menu for when you're serving I've used this trick for years: if a customer asks a question about an item, play dumb. Say ""I'm sorry I'm new here and am still learning myself. Let's find out together"". Look at the item in the menu and if the answer isn't there tell them you'll go ask the manager so that you're sure you're giving them the right answer. People will always be more patient with you if they think you're new. Plus tips will be better. ;)
Like I said I use this often and I've been at the same place for 5 years. ",ADVICE
318,"Print out your post and give it to her anonymously. Like, if she has a student pigeon hole, put it there. When she reads it, she realise how disruptive she's being.",ADVICE
303,I hear you. ,EMOTIONAL_SUPPORT
41,"The case will come to nothing if there is no evidence.  

Don't sue the coworker,  that's kind of a dick move.  

Don't worry about it.  Maybe cook your dad a really good dinner when he gets home? ",ANECDOTE
788,"Seems like a shady finance company. I have one late delinquency from literally 6 years ago. I didn’t even know the bill existed until I got a call from collections and paid it ASAP. It was less than $100 medical bill. So pissed that it’s still on my credit report. 

Might just have to take accept it unfortunately if you’ve spoken to multiple people. I would recommend contacting your particular dealers finance department to see if they can do anything. ",ADVICE
1969,Yes to all of the above. Better now than after investing futher of yourself into this person.,APPRAISAL
1896,Tell him you're shy and hope he respects that and won't bring it up again. ,APPRAISAL
1496,"Okay, then I apologize. I don't know why I thought you said they did in the comments. My bad. I agree with your friend but I think his motives are not because he wants to protect you. ",APPRAISAL
881,I've tried. They don't give up easily,ANECDOTE
1822,"I absolutely agree. 

I do have the privilege of being selective right now. 

I'd have a hard time keeping my principles in that situation. ",APPRAISAL
702,"[Call them up and find out what's going on](https://www.ftb.ca.gov/aboutFTB/contact.shtml). Any overpayment should be refunded back to you. 
You should also ask if they have a First Time Penalty abatement program. ",ADVICE
1343,"I'd rather not. It isn't morally right, and I run the risk of being called out for it and them not making the connection.

Thank you though.",APPRAISAL
1385,"You're already taking college credit which should help decrease the number of credits you have to pay tons of money for in college.  So I'd say, since you're probably going to have student loans eventually anyway, just play baseball and try to work at least 10-15 hours.",ADVICE
1610,It does. Got the tip from my Obgyn. ,APPRAISAL
1193,">Basically, I'm not sure if this is a red flag

This *is* a red flag. She is literally telling you she has ended multiple relationships in the past due to her own issues and is presently telling you she will end this one in the future. You can't change your partner honestly. But you can either try to enjoy this while it lasts, despite her negativity, OR you can leave now and find someone who wants to be with you and isn't actively planning to ditch you.",ANECDOTE
640,"They do have retirement savings but I'm not sure how much, and my siblings and I do not mind helping them out financially. I was just worried about healthcare being so expensive and if they had any health problems after 65 what they would do. 

Not sure what a lot of the programs you mentioned are at the moment but I'll look into them. Thanks for pointing me in the right direction.

",ANECDOTE
134,"If you guys are about to divorce over a baby name, there's NO WAY you'll make it through actual marriage.",ANECDOTE
319,"Brake up with her and no more contact with her, for she will be your ex...  hehe, I can’t tell you how to move on, just listen to her and see how that makes you feel. Then decide.  If you still feel betrayed then her may never go away, who knows? Only you",ADVICE
1654,You need to think long and hard about this.  You are no longer going to be as important to your gf as she is to you.  ,ADVICE
1747,The first and hardest step is stop thinking of yourself as what you look like,ADVICE
776,"This sounds like a job for Freddy the FERPA Ferret. Disclosing your financial status to anyone you haven't expressly authorized to receive that information is a violation. If you want to play nice, email them one more time and tell them this. Tell them you don't want to file a complaint, but you will if they don't immediately stop.

If they do it again, or if you want to be impolitic and go nuclear right out the gate, file a complaint at https://studentprivacy.ed.gov/file-a-complaint",ADVICE
577,"I thought about doing that, but the manager in my apartment complex doesn’t allow it. If you’re caught changing locks, they will change it back and charge you for it as well as a warning. I discussed it with her, but her only reason is to make sure I’m safe and that I’m not moving out. She’s so obsessed with the fact that I might be moving out and was worried that I’m leaving my parents, which by the way is not really her business. ",ANECDOTE
1338,"I think you should take advantage of your cynicism and recognise there are a lot of people out there who will be just like you, even if you haven't found them yet. Maybe doing charity volunteering for example (something sad/people with negative experiences) might help you engage with them more, take more interest and not have to feel like you're doing something wrong. I'm not sure what your interests are but perhaps a career change or new activities like emotional photography/art exhibitions/movie clubs could help.",ADVICE
512,I'm somewhat concerned with the ethics/creepy factor regarding the fact that she never actually gave me her number.,ANECDOTE
1136,"> with all the mandated reporter laws and stuff do I have some obligation to report this?

No.

Mandated reporting is largely limited to those involved in the care of vulnerable persons/children like teachers, doctors, social workers, etc.",ANECDOTE
976,"You’re 25 not 35, give yourself a few years, but don’t wait too long if you really want kids.

If you are seriously starting to doubt you’ll ever want them though, then you do have to talk to your husband about that.",ADVICE
1101,You're going to have to buy a better dehumidifier. Were you emptying it often enough?,ADVICE
1189,"I gotta agree with u/throwaway39895 on his one. It's not like hiding it because she doesn't want you knowing. It actually has nothing to do with you if this is indeed the case. When leaving a really long term relationship where kids are involved you have to accept it and move on eventually. When you first start dating someone as a divorced parent you generally don't delve too deep into personal lives and family. The last thing a parent wants is to expose their kid to an asshole or even worse have the kid grow attached before the relationship is serious. She has to find out where she fits in the whole dating world again and be comfortable enough in a relationship before introducing that person to her children. Not an easy transition to make. I really hope that's the case and she didn't get arrested or something worse. If you don't have anyone confirm they have at least spoken to her tomorrow, you said she is right down the street... Get on a bicycle or hoof it over there. or if you're lazy call a Taxi, if she's that close it'll probably cost you $5.   ",ADVICE
749,Considering he is a good friend of yours he deserves to know and you are the person to tell him.,ADVICE
567,"Wow, don't talk to him. That is all I can tell you. Also, posting here can get your dad caught. Your IP can be traced.",WARNING
604,"Some people.have kids when they are older. My auntie (my mums sister) is 22 the same age as me, while my mums 42, my nana had my auntie in her 40s. ",ANECDOTE
923,"This is not a legal issue. She is an 18 year old adult who has every right to cut off contact with her mother. If she doesn't want to do that, that's that. There is no situation in which the mother can be forced to keep financially supporting the daughter while being cut off either. Your girlfriend needs to make tough decisions and that's that. ",ADVICE
769,"No matter what your circumstances, spending half the money you have in the world on a console is never wise.  Money in the bank serves a useful purpose: a hedge against the unexpected.  It's protection.  The great fallacy is that tomorrow will be like yesterday, and it isn't always.

Keep your money, and your hedge.",ADVICE
1068,"Thanks very much! My dad has always been very good with finances, so I've been excited to start saving like this for a long time and live by his example. That's kind of what I was thinking with regards to the interest rates on CDs. And do I want to lock up cash for 5 years if there is potentially a better interest rate available in the coming years? Maybe not. But thanks for the idea!",ANECDOTE
1836,"Alan Watts really can help a person get through a bad patch. I feel like I need to be going through some of that material again.

/u/QuetzalNightShade16 in my experience life has ups and downs like this , sometimes downs can go for years. I had a pretty big down when I wasn't happy with my career. It had been very successful up to that point but I felt like I didn't have my heart in it. I was looking for something more and didn't know what it is. I melted down and just got really into playing counter-strike all the time, then my girlfriend of 5 years left.

That's when I realized I was an absolute ass, it's not about what you do, what you succeed at but about the people you are with. The life that you live. I stopped working lunch breaks, I started saying yes when people invited me out. 

I really started seeing the world in a different way. A way that I have now somewhat lost, and need to get back on track.

Anyway, the point is everyone has a struggle where you feel worthless from time to time and that's okay.",ANECDOTE
355,"It is up to you if you'd like to remain anonymous but the best way to deal with this without worrying if he'll follow you forever is to contact his Mother. I just hope he doesn't come from a broken household because that may be why he is like this, part of my Dad's alcoholism is part of mine. Still, I'd try it. Better to get in contact and show your concern than blocking him off everything, because that'll usually just make him feel shittier. I understand how bad it really must be for you. I apologise if I made it out to be if I were having a go at you because of how he feels because that is not how I was trying to come across as lol.",ANECDOTE
280,"The dr may have put something in physical or other papers to say it is approved? In our district(also NY) there is no way a nurse would give that unless they felt it was emergency situation without dr (and usually parent approval.) I would politely inquire about the meds policy from the district. Tell them you want to clarify for the future because you were unaware that this was ok. If you find out it was not you can decide what to do. I don’t think your child was really in danger, but I would very much want to know what procedures are for giving a medication - who needs to give approval? What meds are ok and parent notification procedures.",ADVICE
635,"First: you cannot live (and feed yourself) for roughly 15 weeks on $200. I wouldn't even bother wasting time trying to figure that one out. As a student, you don't need the distraction of poor nutrition, hunger, or having to hunt on the regular for food from pantries and charities. 

Of course the primary option is to get a job. I find it hard to believe that a college town has *nothing* around it for 50 miles, but, ok. For arguments sake, we'll assume that's really the case. 

If there is absolutely no option for a job, then in this case it might make sense for your student loans to include a one-time modest amount for living expenses, for the coming semester. Something like $1,500 to cover food and toiletries and supplies and other random things—you can be frugal as hell but there will inevitably be some additional costs you have to cover.

But even so you're going to have to budget like crazy and be super self-disciplined. It's very expensive money in the long run and you'll want to borrow as little as possible. Ideally, not borrow at all, but if that $1,500 additional loan is the difference between you going to school or you dropping out, then take a loan. I expect the downvotes to flow because this sub despises debt reflexively, but I assume you're already borrowing to cover your tuition, so this is likely chicken feed in the big scheme. 

Looking forward:  you know you're on your own with regard to school expenses so you have to plan for it. It sucks but plenty of us have been there and we survived it. Work your tail off over summer break and sock away enough cash to cover your living expenses so you don't have to borrow again. Best of luck to you. 

&#x200B;",ADVICE
276,"You guys still talking?

Have gone no contact to give her space?",APPRAISAL
1653,"He might actually have really bad problems in his life and trying to fight these problem and just doesn't have enough time for fun. I'm saying this because he said "" he'll be in touch "" if he wanted to get out of your life I don't think he would've said that",APPRAISAL
315,"40mg fluoxetine a day my friend, and this was still concerning ;P",APPRAISAL
1569,If I'm being honest. You aren't going to get many answers here that coincide with your beliefs. I'd go to confession.,ADVICE
647,"I swear this thread is straight out of clockwork orange. My advice is to talk to him about all the obviously awkward  things you don't want to talk about, but that's why they're important to talk about. And I don't mean awkward sex aekward, I mean the is it okay to get high conundrum.",ADVICE
1722,She should decide this because you are both the child’s parents so should both bear financial responsibility.  Whether or not she needs the money is beside the point. ,APPRAISAL
1711,"If he puts the notes in his friends' lockers, he should put on in his own as well so that it's not obvious he's the one sending them when everyone is talking about it :)",APPRAISAL
1345,"I generally recommend going to a 4 year university and making the most of it. It's got a ton of benefits over a community college. Some of that depends on the desirability of the school, etc. There's a ton of networking benefits from a university education and lots of them are magnified by going for all 4 years.

The time when I think a CC is worth it tends to be for a more marginal student who needs to pick up some better grades or skills before moving on.

Environmental studies might not be the highest end career path, but there's work in the space. If the school has a good program, the career center at the school should be able to put your sister in contact with recruiters for companies seeking those skills. Students who don't work with the career center to find jobs and internship opportunities are missing out.

(For reference, I graduated with $60k in loans in 2001, majored in philosophy, consider it the best investment I've made.)",ADVICE
23,"Sounds like he was a shitty guy. It does feel good to forgive, though. Especially when someone doesn't deserve it. If he made you miserable,  try best not to let him influence/control you past his death with thelat heavy stressful feeling of hate. 

I really haven't been in your situation, but i hated my parents for years and although i never see my dad aside from a random card about his life with my stepmoms family, I still see him as a funny kind hearted man- just a shit father. I want him to be happy though.

 Again very different from you, but that's how I cope.",APPRAISAL
1378,Take the one you think you would enjoy more. It is okay if you get a B here or there. This is a time in life to be brave!,ADVICE
1784,"Well, I can say that i agree very much with your advice, however I have not been engaging in anything to do with business.  I am not a habitual thief, I literally was just caught unfortunately because both times I was getting something that I needed, as in the ability to buy myself a meal for the second time, and the prior was when I attempted to get a bottle of Ibunprofen.  You were correct that previously that I was in ¨sales"" before, and once business went to shit, and/or my connection had been federally indicted, arrested, and put away, it left me to be back on the street again.  I evidently in August, along with my former pal, sold a small amount (for extremely low price) to a DT because I felt I really had no other option otherwise the owner of the apartment that I was briefly staying in was going to ask me to leave.  The amount that I gave the DT would normally be sold for $175- $225, but in that instance I gave it to them for  a meer $60.  They arrested my old friend just for transferring the bag and the scale, his arrest info was available online once he was actually arrested, however I havent been able to, even up to present find any available records with my name, meaning that it must be either sealed, or ...  At this point, I live in HIV+ Supportive housing, I live on a meer $180 cash bi-weekly and additionally food stamps that help, leaving me zero room to even dream about finding an attorney.  Itś a scary situation, and it really sucks. I am not here to cry and say wooohhh is me, poor victimized me, just that hey sometimes, if the only way that you have to make enough money to purchase a very minimal amount of food and drink to keep you going, well I am sure that most people would have done the same thing.  So I believe that would leave me with one option, the public pretender, to which may not really cut the mustard in the grand scheme of things, because I have no way of having that safety of a go between.  With all of that being said, is there anything that I can do as someone who is definitely unable to finance that cost, so that I can show in good faith that I am trying to make things right, and that I had a valid-ish reason as to why I wasnt able to do those 2 days of comm. service, and that even though I am late more than a month and a half from the original scheduled adjournment date, that I am accepting responsibilty, and I am trying my damnest to satisfy the deal the DAś office originally gave me?  Or better that I just either do a voluntary surrender or just wait around til that day comes when my warrant comes up and bites me in the ass?  (In my heart of hearts, I feel that there must be one offs that occur in these situations, and I would hope that there should be a way to handle this without taking the max sentence they stated at arraignment, if I should have the ability to produce documentation as to why I didnt do as I was ordered right?",ADVICE
402,"It isnt her fault, but when she made the decison not to abort or give up for adoption she made a decision knowing the effects that a child will have on her life. That child is not your responsibility at all.",APPRAISAL
1031,"I AM NOT A LAWYER.  I would suggest that you do the inventory before you meet with your lawyer.

The first thing to note is that it sounds like you may have performed an illegal eviction.  He might be able to sue you for that.  There's not much you can do about that now.  Don't discuss or put into writing any of the history on this.  Limit your conversations in general.

In terms of the property, I'm not sure why this is so difficult to determine.  Google search for `california tenant abandoned property`.  Here's one result from [nolo.com](https://www.nolo.com/legal-encyclopedia/handling-tenants-abandoned-property-california.html).  Here's an excerpt:

- California landlords must follow very specific steps before disposing of the property that is clearly abandoned.  First, you must inventory and store the personal property in a safe location. You can decide to keep the property in the rental unit, but the rental unit must be safe and secure. Then, you must give the tenant notice of the abandoned property **etc. etc. etc. read the rest....**

I want to point you to some items:

- **a statement that reasonable storage costs will be charged to the tenant and the tenant must pay those costs before claiming the property.**  I wouldn't make this retroactive without an ok from the lawyer.  How do you figure this?  You can look at the cost for a storage unit of comparable size, charged by the month. 

- **If you believe the property is worth less than $700, then you don’t have to sell the property. You can either keep it for your own use or dispose of it in any legal manner (see Cal. Code of Civ. Proc. § 1988(a)).** If the total value is less than $700, it makes things a bit easier for you.  I can't tell you to lie, but don't shoot yourself in the foot by overestimating the value of any of his items.  

- **the time frame that the tenant (or owner of the property) has to claim the property** Give him the opportunity to get his stuff during reasonable hours and days. You don't have to be available 24/7 for him. 

There's NO such law that you cannot touch his belongings, that's absurd.  You think that apartment complexes leave junk in their apartments when people leave and abandon their stuff?  Take a video inventory of everything in the garage, then an inventory of everything in the room, then move all non-valuable items from the room to the garage, and make a note of that.  Move all valuable items to a closet. Then follow the standard process for abandoned property.

",ADVICE
399,"This was an incredible read. Thank you very much for this.

Out of interest what is your experience with borderline that makes you say it sucks so much? It's only been the last couple of weeks that I've been researching it, and the more I do the more I feel it is me. I guess I should get a formal diagnosis, but I fit 8 of the 9 main symptoms - of which you only need 5 to be diagnosed.",APPRAISAL
77,"Well I can see where you're coming from, but this is why, traditionally, the employer puts his cards down first. If you have a ""budget"" (which is just a psychological concept), then you know how much impact on the bottom line this position can realistically have. That range. Why not just tell them? Some people might be able to make $150k as a data analyst, but you know it's not possible to add that much value in that role chez vous. Just tell them the range. 

Jobs are all different, and I might say ""yes"" to $50k if the CIA offered me a job, but if it's Bob's Dildo Emporium, they would have to pay me $150k. That's the environment job seekers are in. ",APPRAISAL
1017,Then you can find different employment. Everyone's level of emotionally unbearable is different.,APPRAISAL
849,A parent that tells their kid that they're disappointed in them is a bad parent.,WARNING
801,Contact the state and fed AGs offices.,ADVICE
883,"Thanks for your input. Here's some of my thought process:

The bookkeeping LLC - My partner in the real estate business has his hands full with his construction company (he's normally prime, I'm a sub on 90%) so he's dealing with a lot more than I am. He doesn't want to handle the bookkeeping side of the real estate and is willing to pay someone. I'm willing to do it, so that's another income stream for me. Along with that, that adds another llc (pre-tax dollar expense) way for me to funnel money into my C corp.

The C corp - is primarily about the benefits I can get out of the C-corp that I can't do with an LLC (or I'm unaware that I can do). Things like writing into the bylaws that all officers get medical coverage, company car, and very flexible salaries (like 10% net profit at year end, regardless of profit) that normally get scrutinized much more harshly by the IRS when they're in an LLC. Those nitty gritty details would have to come from my accountant for sure.

&#x200B;

On the depreciation front, absolutely. Who wouldn't like to have their home fridge paid for over 5 years through depreciation? And I know that can come from either C corp or pass through entity, my thought was bylaw flexibility.

&#x200B;

I am curious about your thoughts, beyond the c corp being overkill, if you think it's viable strategy overall?",EMOTIONAL_SUPPORT
1633,"Is this the bests franchise to get into, if it's a cheap deal see if you can actually turn a profit! If not I suggest saving up and buying something like a mc Donald's or chick Fil-a although these are pricey franchises they are proven to make a huge profit and will probably be a better long term investment",ADVICE
1389,This is a scam. Block them and move on.,ADVICE
744,"I have to say I agree that having other, non-CU accounts is often borderline necessary in case it offers you the perk of great savings rates.

It just doesn't seem fiscally responsible at this point to not make around 2% on your savings, and that can be accomplished at certain credit unions, and at certain banks as well.",APPRAISAL
444,"I read some of your above responses as well, namely that you were military. So listen, my husband is military as well. We got married 2 years ago, just 5 months after meeting each other. I understand that you were impulsive as well. We got married during an exciting time. Things get rocky all the time between us. All the time. But all those good times make it so worth it.

Right now you really need to choose if that foundation you had with your wife is worth fighting for or if you want to start all over again wearing rose colored glasses with a girl that you're still getting to know. Both roads are going to be very hard whether you do everything in you do everything in your power to earn your wife's trust back or you trudge onto this new relationship with that guilt in the back of your head. I think right now you owe both women an apology because you can't fully devote yourself to the co worker cause of the guilt and to your wife cause things ended on what I see are unreasonable terms.",ANECDOTE
124,"This is false information, you don’t inherit medical debt. The hospitals may harass you for it for sure but it is just a scare tactic, and is not really a legal requirement of living family. ",WARNING
1210,"I'm saying whether or not he's actually interested in you doesn't matter. 

Ask yourself this: do you want someone who plays with your emotions to get what they want as your partner?",APPRAISAL
1659,If the talk doesn't go well today then I will have my mom call(she knows more information than I do and I'm not the best at explaining).,ADVICE
943,"You need to leave him, he obviously doesn't care for you and this will hang in your relationship and foster into something bigger. Better to leave now and find someone new. ",ADVICE
147,If anything the lady is more at fault for not appropriately setting boundaries. Blaming the guy for pursuing a girl who is interested is just shifting blame. ,ANECDOTE
1065,"Don't let them move in (neither of them) and don't let them guilt you into it. 

Take a look around [r/JUSTNOMIL/](https://www.reddit.com/r/JUSTNOMIL/).",ADVICE
847,That’s insane. Get away from him as fast as you can. ,ADVICE
407,"The nurse was also smart enough to not justify herself or argue with someone who has clearly already made up their mind and is only looking for ""facts"" to support their histrionics.",ANECDOTE
1411,"For completely exact I’d have to answer after a month or two now that I’m tracking. I estimate about $100 in gas as I drive a bit to work, then I guess about 300 for food and fun. 

I can try to talk to them but they will definitely not pay it as they’re trying to retire. I’m not sure I can accurately explain to them without getting mad or crying so maybe I can text them pics and budgets that I have. 

Ok yes at 6.5% they’re approx 8500, 2500, 1200, 2000. The 3.15% at 5500, 2800, 5700. 

That makes sense that I should pay them individually as the snowball, I’ve just been thinking of it as one. I’d have to figure out how to direct all my payment to the specific ones. I guess it’s true I should save more instead of paying the car. ",ANECDOTE
1724,"3 months is definitely appropriate for ""I love you"" but the jury is out on ""in love with you."" But for what it's worth, i think the correct time is when you feel like you're ready.",ANECDOTE
161,"Not too familiar with auto insurance, mostly health insurance.

I'd definitely get in contact with both your auto insurance and his, and ask how this works for getting coverage for your medical expenses.

Typically with medical insurance we'd automatically deny any claims where there was possible third party liability, especially with auto accidents. After auto accidents I'm not much help 😭 sorry brother. I feel it works similarly, but your best bet is to ask the insurance responsible for paying for their subrogation department.",ANECDOTE
1877,"Thank you for your response. But outside of that, still a good idea?",APPRAISAL
1073,"Is it just the one roommate you have issues with? 

If it is, ask the others if they are having the same issues and see if the three of you can find a place together.",ADVICE
224,Your receipts are $800 and COGS is $500. The $300 is gross profit. You also need to track the value of your inventory at the start and end of the year. You should have a look at Schedule C and instructions.,ADVICE
1552,"This may not be a solution, but rather stating that it's not a problem, but I don't think that's a bad thing. So long as you can keep yourself interested in a job that pays, switch religions and passions every month. It doesn't really matter.",APPRAISAL
542,"In general the dynamic between parents and children will always be one of inequality in terms of seniority and respect. And everything you don't like about your parents - advice for example - will be multiplied by 1000 when living together. So right now you get life advice, but once you live with them, you'll be getting weekly advice. As an adult, I would NEVER live with my parents (and we have a great relationship) and wouldn't advise that ANYONE live with their parents once they've moved out unless absolutely necessary.

",ADVICE
260,"My dad had also cheated on my mom when I was young, and had a pill addiction. I've always kept it to myself if I noticed something fishy, sometimes told my sister. I don't feel good about that cause I don't want him to be hurting my mom but I also feel like it's not my place, they're relationship is it's own separate thing. Chances are if you are finding stuff your mom is way ahead of you even if she didn't see the same evidence. She's not going to forget what happened in the past so I'm sure she's always checking stuff on him.",ANECDOTE
1318,Talk to a therapist. Seriously.,ADVICE
1437,"Being in a new city I would imagine there are lots of new things to explore. Parks, libraries, museums, etc. ",ANECDOTE
1488,"IANAL but am EMS personnel in Illinois. I worked for a private company that would not charge for refusals however, a rival company in the area did charge for any type of response to a 911 call, refusal or not. As of late, fire departments have begun to do this as well to help curb unnecessary call volume and the cost it takes to man the response. Although you didn’t call, you are still liable for the charges. However, as others have pointed out, the party at faults insurance should cover it fully. To cover yourself, I would call the service and explain the situation. Inform them of the other persons instance information if you have it, and tell them that’s who they can hunt down for the balance. I’ve known some services to receive a call/complaint similar to this and just waive the charge entirely. Good luck to you!",ADVICE
81,I know I’ll have to confront her about it at some point. But how can I casually bring up the fact that I know she started messaging him again as soon as I told her I trusted her?,ANECDOTE
653,"Yes, 2 years with no missed payments. I contacted them and asked for grace due to it being the first time this has happened. I was told that it was not possible to wave the fees, and they would not proceed with reconnecting service until the past due payment and additional fees were paid in full... if it helps they have a 1-star rating on Google with 500+ reviews..",ANECDOTE
1004,"I don't want to scare you but if you see him in person, stay on guard, literally. Maybe think about carrying a tazer or better yet a gun, depending on the carry laws where you live. Don't meet him in an isolated place and don't meet him alone, it's probably better that you only ever see him in court or behind bars. Stay safe and good luck. ",ADVICE
1502,"I feel like if I could be more strict and hard on myself, I could get to the point I want to be in that area within a month or two.  What bothers me even more though is my face.  I just don't feel like it's proportioned correctly, I have too many wrinkles under my eyes, I just don't have a good smile, things like that.",ANECDOTE
637,"If they don’t respond, see if you can find a contact number, and call. For most politicians solving issues for people is their favorite part of the job. ",ADVICE
395,"I only am saying that me asking her 4 times in 2 years for the money is not really bothering her, im not stuck on the money hense me making this post to help me realized I should just drop it",ANECDOTE
1895,I guess it depends on whether you want to punish her for being responsible and fixing her mistakes.,APPRAISAL
1084,No she won't. People like your sister don't take responsibility for their actions so are incapable of regret. Regret requires recognising ones own contribution to the consequences and she isn't able to do that.,APPRAISAL
935,Your a NURSE!?! Yeah. You see a lot and farting is least of your worries! Haha. I'm sure he'll come around!,ANECDOTE
1022,"Prbly. Just ask without sounding too accusatory.
I've honestly gotten 'hickeys' by just scratching my neck.",ADVICE
613,"I think so. I sprained my ankle, thought i broke it. Went to the ER  and was charged 1400 and 175 for physician fee, 175 for xrays, and 250 for faculty fee -_- like wtf was the 1400 for then because to me a bill for the ER should be: docotor+service+materials/supplies",ANECDOTE
195,"If you are saving 15% of income towards retirement and have a 6-month emergency fund, then go ahead if you really want to.  Otherwise it's a pretty terrible idea financially ",WARNING
414,"No reason for me to go on too long with the response. 

Find a new job. You won't fix it, they won't all change and you can't stay there. 

Keep your head down until you have a good opportunity or until you can't stay there any longer. Use it to your advantage as much as possible. That is not quitting, that is strategy and moving upward. 

*Ninja edit - Answering your question, environment is HUGE. It will literally kill your soul. It is toxic. Don't suffer because you have some concept of what others will think of you. If those moronic millennials want to stay at a place like you are working, let them. Meanwhile, you will be happy. ",ADVICE
1283,"What I found really helpful was meditation and self care. I know it sounds easy to dismiss, but if it's stupid and it works, it ain't stupid. ",ANECDOTE
565,"I’m a gamer myself, and that’s definitely NOT a strategy game he’s playing then. If you want my two cents, seems like you’re the one he’s playing with ",APPRAISAL
652,"She's ""setting the tone"" for things going forward. She couldn't handle that it was your desicion to end things first time around and now she's making you suffer for it. She has no intentions of getting back together with you, she just doing this to reclaim her selfworth and have you chase her. This princess doesn't want a prince, she wants a slave. Best thing you can do is break it off without saying a word, you don't owe her an explanation after being ignored. 



Also, I would like to mention that you also seem like you want to redeem your own sense of value. Now that you're no longer a poor student, you want to prove yourself to her - but thats not love. Once you stop wasting your time on this one, you'll be open to meeting someone new, someone better. Someone, who's an adult. ",ADVICE
363,"Once puberty really sets in, you'll loose the ""baby fat"". For now, try to stay active and eat healthy.  Develop good habits now, you'll thank yourself in ten years. ",ADVICE
1295,Making you Jealous? Isn't it obvious? Block him and move on,ADVICE
1387,"Can you save up for the phone instead?

For me, the trap of credit cards came about in thinking that my credit limit represents *purchasing power.*

It does NOT.  Debt does not equal purchasing power, if anything it represents the current limit of how deeply you can become enslaved to the lender.",ANECDOTE
450,"I came here to say this. This isn’t one of those situations where one partner gets a turn and then the second partner gets a turn. You have to agree. SMH. It’s hard to come up with a name you both like, but this is simply crazy. And I mean, seriously. If anyone gets to have the final say, it ought to be the incubator who grew the baby!",ANECDOTE
172,"Respect. Trust. How will the rest of the year be like. Follow your heart, your gut instinct. If I found out my boyfriend did this it would be over.",ADVICE
95,Just stay out of it.  No need to involve yourself in other people's drama.  None of this directly affects you. ,ADVICE
522,Been with a credit union for 34 years. Never had a problem. Not once.,ANECDOTE
730,End it please. You deserve so much better. She has no respect for you and is gaslighting you. ,ADVICE
1328,"It may help to post where you are and possibly the terms of the NDA in more detail.
IANAL, but if it states the timeframe being before the general release of the movie - this is something I would pay attention to. The NDA doesn't make sense if the movie is available to all customers.",ADVICE
1405,"My opinion probably goes against the grain of this sub, but I reckon that even if you pay sticker price on a fancy new car, if you then keep it for the next 20 years then you're getting your money's worth out of it. It's the people who finance a brand new car with no down-payment and then immediately get rid of it after they've just paid it off that are being dumb with their money.

That being said, I also think that if you're able to get a near-new model of the car you want with the previous owner discount and it has no faults, you're better off doing that than getting a completely brand new car. Although this can be very hard with Toyota and Honda model cars.",ADVICE
1950,That all makes sense. I guess now I'm just worried she'll realize she doesn't long for me or feel sad. It's driving me nuts not being with her. ,ANECDOTE
367,"Depends.  Chances are he'll just drop a load into you and then squirt a little on your stomach for measure. So yeah, he'll knock you up but not with the load on your stomach.   Get on the pill is my advice.",WARNING
1928,"He blames himself for your cheating. If you want that your relationship has any future talk him out of it. Take the full blame for your cheating and work hard to earn his trust back. You will feel better if you make it harder for yourself.

Ban your exfriend from you life. And work on your communication with your boyfriend and never stop working on it.

You seem to love him and mistakes can happen. But you have to change to avoid doing this mistake again. If you can not do it leave him before you break his heart.",ADVICE
644,See a therapist. This is definitely depression.,ADVICE
1280,"I also feel this creeping sense that if anything ever were to become serious, I'd be taking advantage of him? Despite the typical teenage guy showboating, he is still very innocent and I can't shake this sense of ""deflowering"" him lol ",ANECDOTE
1267,"Sounds like an emotional affair. Which, IMO constitutes cheating. ",APPRAISAL
1225,Wait a sec. Have him go to personal counseling. It seems he is at a crisis point and he is the problem. If he can work out his problems that might lead to your couple problems being fixed. Its not you its him. He seems depressed and doesnt know what to do with his career. This is something ive recently went through and im 20. ,APPRAISAL
798,How many jobs do you have?  How many days per week do you work and how many hours? Hard work is your only way out.,EMOTIONAL_SUPPORT
851,"If the amount is over your deductible, and if you have appropriate coverage, just go through your insurance. If they recover the value from her, you'll generally get your deductible refunded.

If your deductible makes this claim not worth pursuing, or if your insurance doesn't cover this, you can take your ex to small claims. If she's found guilty of the criminal aspects, you can also ask the prosecutor to order her to compensate you as part of her sentence.",APPRAISAL
490,"Flip a coin. Did it with my first born. 1 flip, winner takes all! Lol",ANECDOTE
235,"I'd get an accountant this year but not one that will charge you so much. Maybe you can ask the same guy for a more competitive rate.

Most people have simple tax returns. They don't pay much in taxes, they don't have many deductions (i.e. they take the standard deduction). For us, an accountant would struggle to give us value because there isn't much to save on a small amount of taxes paid.

You aren't in this camp this year it sounds like. Quite easy to make a mistake or not take advantage of something that will cost you >1000$.",ADVICE
1119,"Proud of you for having the strength, realizing you deserved better and handling it maturely

It’ll get better :) ",APPRAISAL
1893,"I look at it this way.  Tonight is 'amateur drunk driving night'. Too many people getting drunk and all. Even if you took a cab everywhere,  and did the responsible thing, some jackass that thought he could drive home crashes into the cab you're in.   


I know this cause I was that jackass once. ",ANECDOTE
464,Sometimes holding on does more damage then letting go,APPRAISAL
877,"I think Vegas is probably too party for us haha!

Seattle is coming up quite a bit - what's it like there? Lively but lovely?",EMOTIONAL_SUPPORT
1751,"You should pay the hospital, you can recover the costs later in court. It will save you trouble in future.",ADVICE
332,"You should talk to a worker's comp attorney in your area

When did worker's comp stop paying you? Why did your job tell you to stop coming in? Did your restrictions change?",ADVICE
1307,I don't understand why is getting a job not an option? Are you depressed? It sounds like you have no drive and ambitions... I'm wondering why. I wish you could elaborate more on your post. ,APPRAISAL
1993,"If her friend seems to be cool with it, and you trust this friend, maybe there's no cause for worry. Tell her if she knows where your mom is, to give you a call because you're worried.",ADVICE
24,"She’s gaslighting you, homeboy. Dip out. You’ve laid out the red flags for us, and are asking us if we also think they are red. 

Yes. There are red flags aplenty. RUN. 

Having a big confrontational blowout is only going to be crazy-escalation fuel for this situation. 

These are not the droids you are looking for. Move along. 

Edit: For future reference, if you don’t date/love/fuck your SO, someone will. Get dialed in with your SO’s kink level and get comfy with it. Also, don’t give someone your time if they don’t respect it. ",APPRAISAL
962,"2016 CX-3 owner here. Upgraded from a 2005 Hyundai Tucson. It felt like a luxury car for the first few months until I got used to it, but I'm a Mazda loyalist now. For those that like driving but need a practical car, they offer more feeling than most boring cars that drive like boats nowadays.

My plan is to upgrade to the new CX-5 Signature with the 2.5 turbo engine in 3 years once those have plenty of slightly-used options on the market.",ANECDOTE
1889,"If you smell shit all day, then check your own shoes. 

I heard something like that when I was a little younger, and it just clicked with me.  Don't blame everyone else for something that you can fix. 

If this is something that's always happening to you with different groups of people, you need to take a step back and figure out how to fix it.  

If it's just one group of people always doing this to you, find new people. ",ADVICE
1779,And you are blaming women for not finding you attractive? And you find all ALL women attractive? Bc if you don't.....,APPRAISAL
56,There might be a one time tax from the city or county. I had this happen to me when I got my first paycheck this year. ,WARNING
1603,"Encourage her to go to therapy. 

You made a baby, the time to decide you don't want a baby is before you get someone pregnant. 

You should prepare to have a child and pay child support. ",ADVICE
1165,"Hey man, I'm sorry to hear about this. I can't imagine how either of you feel right now.

I don't think there is anything else you can say to improve the situation with her. At this point, you should consider if this is something she can forgive you for, and also if this is something you can forgive yourself for. In your shoes I don't think I would anticipate the relationship every going back to ""normal"" (which it sounds like you weren't happy with anyways?). It might be time to simply plan an exit strategy, and just not repeat your mistakes in your next relationship. 

Make sure you've learned from your mistakes, though. It sounds like there were preexisting problems with sex in your relationship. Perhaps she hasn't been wanting to have sex with you because you've previously done little things to make her feel pressured into sex? This incident could be you acting out those previously covert feelings ""because of"" the alcohol (alcohol is obv. never an excuse, but it does indicate how you might have already internally felt). My tactic for approaching any sort of sexual boundaries with a woman is to overtly ask her if something is okay/pleasurable, and to also pay attention to how she reacts to what I'm doing. This is actually what confuses me most about this situation. How did it even get to the point of her verbally rejecting you? At this point shouldn't you have a clear understanding of the unspoken signals she gives off when she is/isn't interested? Reflect on yourself, man. Are you an attentive partner in the bedroom? 

Also, just stop drinking. You're old enough that if you haven't learned your limits now you probably never will. 

I hope both of you don't come out of this too scarred. ",ADVICE
1282,"This is emotional infidelity. 
You need to tell her what happened. And be honest about how you feel. And give her a chance to explain. Leave no detail out. Tell her you saw the part that said she finds him attractive. Ask her about the pics. Everything. Otherwise these details will haunt you! 

I’ve bed through this so many times in my marriage. 

It’s just too easy for people to get caught up in their own head with someone online and compartmentalize an entire relationship. They aren’t seeing the person IRL, so it feels harmless. And with younger people, they have been chatting online to strangers for so long, it’s just part of their daily life. It sounds like this went too far, as it often does. It speaks volumes that she wasn’t afraid to let you use you her phone, like she wasn’t paranoid to get caught. 

You’ve got to tell her what you saw and how it’s affecting you. Then, be prepared for trust to be broken in the relationship and it will take you a while to heal. But you can heal. It just takes time. ",ADVICE
1443,You could end up sent out to battle and it'll be killed or be killed. You might not get a cushy job. Are you prepared for that?,WARNING
588,"By being with your gf when she is not your first choice, is not honest to her.

Either commit fully or break up before you buy a house. ",ADVICE
1401,"Unless the title to the truck was registered to the NEW owner, it still belongs to the trucking company. if was an ""under the table"" sale, there will also be no record of the sale.

sounds like Lawyer time for the trucking company and you....NAL, BTW",ANECDOTE
1697,"Yeah that's the right thing to do, he's just such a fragile person though.  Guess I'm too soft of a guy, but it has to be done.",APPRAISAL
1551,"Words of wisdom:

Being angry only hurts yourself .

Remember when you get so angry your stomach hurts and you want to cry from anger - a man worth the energy wouldn’t do this in the first place.

Do something that makes you happy.
The BEST revenge is being happy.

Also for the tooth, I def recommend buying a mouth guard so you can grind if you need too and not hurt your teeth . ✨",APPRAISAL
1524,doctor is a last resort for her. She strongly boycotts doctors unless she cant go to work at all. I also read that ocular herpes is pretty hard to diagnose. My fear is damage may occur before she even gets a disgnosis. I dont want to put her through any more hell.,APPRAISAL
666,"I just really think I have everything about ""manliness"" covered except not being afraid of everything. That is what a man is to be. They aren't afraid of stupid things like i am:/",ANECDOTE
207,"Almost everything. If I go out with friends, if I'm working late and don't check in, when I take calls out of the room with him. Anything I do away from him almost immediately becomes an issue, even if I explain it to him. It's to the point where my friends do not want him around at all when I hang out with them.",ANECDOTE
785,"I'll try suggesting we work together to learn each others's native language, and see what she thinks.  Im still in college, so maybe I can try to just take mandarin 101.  Thanks for the great response.",ANECDOTE
516,"I agree, it's just hard because we live together. I just want to get rid of the painful loneliness that comes when were not communicating, and I lose all ability to think rationally and look at the situations objectively and see if things aren't okay .",ANECDOTE
1701,"Maybe reversing the scenario might help you? It sounds like a lot of your concern is managing emotions, not finances. 

Would you expect your adult children to fund your retirement? Would you be comfortable costing them thousands a month when they themselves are not in a lucrative place? That doesn’t seem like something a loving parent would do. 

It’s hard to want to be a good child while also needed to protect yourself and your spouse. It can be confusing and difficult. But as an adult, you’ve got to take care of yourself first. And then your immediate family (which is just your husband currently). Think airplane oxygen masks. You need to be in a place where helping someone else won’t hurt you or yours before you do so. 

I’m sorry you’re in a rough spot. 
",ADVICE
808,"This is not racist. Wrong term my friend. Bisexual guys can have good guy friends without cheating. As long as they are attracted to you it doesn't really matter if they are attracted to the same sex as well. I'm not telling you who you prefer, I am simply telling you to educate yourself. People like you are the reason us bisexual people have a hard time with relationships. Maybe in your experiences you haven't met the best people, but that's no reason to shit on an entire community of people. For the future, educate yourself and mature a little before getting in a relationship. Have a nice day.",WARNING
932,"This is how I met my girlfriend of 2 years. I needed a place to sit for lunch at work, I asked and she said yes. Within a week we were basically lunch buddies, and without realising it we ended up having regular 40 minute dates 5 times a week. 

My favourite kind of date when getting to know someone is an activity that is super low pressure, where neither party feels obligated to do anything except talk or walk E.g. Coffee, window shopping, a stroll through the park. 

Try not to feel pressured to impress her if she says yes, don't even feel obligated to talk right away after sitting down. Have a few bites of your food, ask what she's having and go from there. 

Worst case scenario: she says no, and you don't sit with her. 

That's fine, plenty of other fish you can sit with, and if she's the kind of person that doesn't like eating or getting to know other people she's likely doing you a favour. ",ADVICE
3,"Truthfully, I feel like the problems you are having are your personal problems and her financial situation shouldn’t have to counter into them. How is she handling her own financial situation? Is she stressed and dependent on you during your time of stress? If so, that could be a new burden and that’s another story. ",ANECDOTE
1624,"I bought my car with four primary things in mind:

1) Could I see myself driving (and enjoy driving) the car?

2) Was the car reliable?

3) Was the cost of ownership around average?

4) Did it have good resale value at the 5 year mark?

I did not go for the cheapest car, but when I sell my car around the 5 year range, it should get roughly 50% value. That essentially halves my monthly payments, and I get to drive a car I really love.

So, whereas I agree people shouldn't buy ostentatious cars for the sake of it, you should also consider the net-cost of the car, and your enjoyment of it.

",ADVICE
1854,I would almost say the same about him. I would say he's a pretty insecure dude with a massive victim complex. But he's not a bad guy by any means. ,ADVICE
1503,"If your wife was diagnosed with OCD she is probably using cleaning as a coping mechanism. Which is why she might have been cleaning the closet for 10 hours on your anniversary. Something probably triggered her and she needed to do that to alleviate what was going on in her head, and also why she gets upset you don't feel it's as important because to her cleaning is what's stopping her from completely losing her shit. It's a temporary anxiety relief for her. It sounds like she is really struggling here and she definitely needs some help, untreated OCD can get really really bad. Especially if she was saying she doesn't want to exist anymore. [You should check out this website, it's really informative about people struggling in this way and how to help them and you deal with it and get help ](https://www.intrusivethoughts.org)

You could also read about recovery avoidance in people with OCD. ",ADVICE
157,If he quits the jerking off then sex will become way more appealing. Jacking off multiple times a day is not lazy. It's something else. Not sure what.,APPRAISAL
91,"Honestly, I would ask her (not straight out.... just casually bring it out during a convo about dad always being gone). 

I know everyone would be against this and say it's none of your business; however, you've seen the messages.  If she finds about the messages and asks you if you knew about them (particularly since you gave him the Kindle), how would you respond?",ANECDOTE
1341,"Hey man; from one dude to another, want to let you know that it sounds like your thinking skills are intact, and it's time to act on what you know and not what you feel. Try and rip the band-aid off fast. Remind yourself that you are saving future you a lot of pain and heartache, and it will absolutely suck for awhile. It is what it is. Commit to learn, grow, and not grow bitter. You will make it through, and youve got a whole lot of faceless internet strangers rooting you on.",ADVICE
1149,"She’s trying to nuke the relationship my friend. Let her go and move on. Yes it will hurt and you will think you made the wrong decision but you made the correct choice. 

Invest in a new hobby to preoccupy your now new free time, filling in this void. In the past I have invested in gym, a new tv series, or work. As someone who has had multiple relationships I can tell you. What doesn’t kill you will only make you stronger and on top of that you’ll learn from your mistakes from that relationship and apply it to future relationships. Good luck! 

",ADVICE
1439,"Hmm, guess you're right, now when I think about it, we had similar talks, but that was at the very begenning, now I'm avoiding that talks. Sorry for misinformation, my bad",ANECDOTE
1382,That's a really good idea. For some reason that section of your comment didnt load earlier but I'm probably going to go with that plan. ,APPRAISAL
1789,"She’s not insecure, she’s projecting. She doesn’t want you to be around other women because she believes you would cheat, as it’s something she would do if she was in the same position. ",APPRAISAL
1536,"If you don't feel the need to cut them out of your life quickly, consider making new friends first.  What would you rather be doing than smoking or getting drunk?  Find meetups for whatever you want to do, and try to invite your friends along.  If they want to come, it'll be easier for you than finding a new group alone, and if they don't want to come, it's an easy way of distancing yourself.

Once you're busy with new friends, your old friends will fall away naturally.",ADVICE
187,"It isn't only about breaking up, but consider what happens if one of you gets hit by a bus and killed. Now their estate(aka their parents & siblings) are your new co-owners. 

A real estate lawyer can set you up with transfer on death deeds to each other to avoid such a mess. Lots of things like that which happen automatically for a married couple require extra legal forms and special consideration for an unmarried couple.",WARNING
1440,Thanks for the response. Just need some reinforcement of my thoughts. Thank you. ,ANECDOTE
554,"I wouldn't really call that a ""data breach."" They were given your name and address which is public information along with the last 4 digits of your credit card information which is essentially meaningless without the rest of the information. ",APPRAISAL
1600,"All the people who've said ""kindness and humour"" are spot on. Also, very minimal aftershave... women don't say anything, but we all loathe men who are more strongly perfumed than we are!!! ;-b",APPRAISAL
991,"I thought this too. I'm not gonna lie, I was going to cut the number of hotel rooms I got based on how many people are coming. Had I not invited her on a whim, I could've cut a room out and saved more money for spending on my SO, which is something I'm considering telling her. I work for a hotel chain so I get a great discount; however, I'm not made of money on my minimum wage paycheck, so subtracting a room would really help. I'm already gonna have to rent a car since our transportation isn't reliable. And when I talked to this friend of hers, she admitted to not having transportation or a job, so I can't imagine how she expects to pay for herself. Who knows, maybe she isn't going. I know I'm stressing waaay too much over this one detail, but I tell my SO everything, so keeping this to myself is very taxing. I literally have no one to talk to about it. So thank you for your advice.",ANECDOTE
718,How much do you make/spend a year? It’s hard to justify a higher level card with an annual fee if you aren’t spending much. And how much do you plan to travel a year?,APPRAISAL
1043,"Sure I have known lots of shit relationships, my point is you are making this a male issue.  Lots of princesses out there.",APPRAISAL
1357,"You really need to speak to a lawyer. Since you didn't tell us your state, we don't know whether she was old enough for you to be having sex with. You can look up age of consent laws easily enough.",ADVICE
1208,"Why not wait until you have reliable transportation, and income?",ADVICE
1354,"In America this is completely normal for heterosexual men. I’m not sure where you’re from, but it’s widespread and smiled upon here. ",ANECDOTE
468,"Probably too late for you to see this, but I’ll comment it anyway.

This exact shit just happened to me and it honestly fucked me up.

My relationship lasted 7 years, consisting of me cutting off female friends because my ex was insecure and because “[she] should be the only female friend [I] needed in [my] life”.

I learned that some people are insecure, not because you give them a reason to be, but because they project their own would-be intentions onto you. I know (from experience) that this is easier said than done, but cut her off—don’t even bother with ultimatums. Shit, cut off hypocrites in general, for your own sanity. I really wish someone had told me this before I wasted anymore time on her (I defended her insecurities our whole relationship).

Anyway, she’s with the other guy now and I’ve since reconnected with all my previously cut-off female acquaintances who, fortunately, understood why I had distanced myself for those few years.

Hypocritical insecurities will forever be my biggest red flag in any new relationship.",ANECDOTE
1459,"Okay Thank You, I will try and keep this in mind",ANECDOTE
1792,"Continue calling the police at every occurrence. Be the squeaky wheel. Document every occurance.

Look at LOCAL housing ordinances to see if there's any requirements for a residential property to be occupied over a particular period of time. If there is, file a complain with the local housing authority/relevant body for your city. 

Consider raising the issue with your local alderman. Drug houses don't reflect good on the city and cleaning up stuff like this is good community relations and optics.",ADVICE
1196,"“I am all for believing victims but I don’t even know if my BF was a victim.” Okay, so you’re really just for believing victims who fit your assumptions about who victims are. Sexual harassment and abuse against men by women is a silent epidemic because men are scared to report out of fear of reactions like yours, and might not even consider what has happened to be a violation because of the social expectation for men to always be up for sex. You need to dump your boyfriend, because he deserves better than you.",ADVICE
1418,"First: make sure you're not encouraging any behavior her mom wouldn't approve of, whether it's having sex or smoking or whatever. That's going to be a tough hole to dig yourself out of.

Tell her mom that you want to be a source of support for your cousin. You care about her, and you're a good person for her to look to for advice because you've been where she is recently. You'd never encourage her to make bad decisions; you want to give her information you think she'll need to make good ones, based on your own experience.",ADVICE
1511,"mow loan to your neighbors. ask neighbors if they need any help. painting, baby sitting, dog walk, car wash. $$$$$",ADVICE
163,I switched to an online bank as my primary about ten years ago.  I opened a new local bank account when I moved 6 years ago because I felt like I should have one but have literally never used it.,ANECDOTE
63,"Just introduce yourself. Talk to him as you would a cashier at a checkout lane. Just start with small talk, laugh a little, don't be tense.",ADVICE
401,You have to pay the rent. Talk to the landlord about how to add a new roommate. Once you find someone to move in you can sue your old roommate for what you paid on his behalf. ,ADVICE
1627,"If I were her friend I'd definitely push to abort, but it may be too late",APPRAISAL
1477,Go for it man.  What is the absolute worst thing that can happen?  She and her friends think you're weird/awkward and you weren't actually invited?  The only thing at stake here is your feelings and if things go well you could have a cool girl in your life.,ADVICE
1090,"I'm friends with her friend that has a ""crush"" on me, should be straight with her and tell her I'm not interested and just want to be friends? And see what happens after that. ",ANECDOTE
520,"I've asked her before and she said everything was fine.

&#x200B;

Could it be that the honeymoon stage is simply over? She was very into me at first when I was kinda like ""meh"". My love came way later. idk. this is so stressful to me. 

&#x200B;

But the sex drive thing. When you're attracted to someone shouldn't you WANT to sleep with them? She hasn't asked me for intimacy in months. It's always me that initiates it. ",ANECDOTE
1245,"The jail staff should be able to tell you whether he is going to be able to bail out tonight or will have to see the judge in the morning (or Wednesday). Getting released tonight is almost certainly going to cost a chunk of money; depending on his situation and record, he may be able to convince the judge to let him out on his own recognizance or for less money. ",APPRAISAL
1453,"You're right, it's very passionate and I did enjoy it very much, it's only when I stop to think about it, maybe overthink it, is when it actually became an issue.  Maybe I should just enjoy the experience and be grateful that she trusts me enough to let me have my way with her.",ANECDOTE
1561,"Get a VW TDi that was involved in the diesel recall. They are in abundance making supply high, the gas mileage is incredible and they are below market value in terms of mileage to resale value. ",ADVICE
78,"In reality, no, it's not really an option. I was in 'therapy' for a while before she passed but it didn't help, I don't talk. Whether it's fear of being judged or just how I am, I don't know. Thank you for your comment, I'll have a look for that book! :)",ANECDOTE
1074,"I know. We've been living together since the day we graduated high school (on the same day at different schools) and it scares me to think about breaking up and being alone, and as much as I hate to say it, that is another thing keeping me here.",ANECDOTE
1155,"My math shows you bring in a combined $9325 per month (after rent but before other minimums)? Is that pre or post tax?

Odds are the credit card interest rate is worse than the car rate. Do the credit card first to save money in the long run. If you can do $5,000/month on that, the card will be done in under 4 months. Then do the car loan.",ADVICE
713,"I agree and thank you. Admittedly she is s bit immature and wanted to just sweep this under the rug at first,  i I told her I’ve given her a chance and SHE needs to make it right not me. I’ll have a serious talk as the only “talking” we have done Is when I said I was uncomfortable and she supposedly stopped talking to him. ",ANECDOTE
1720,"I think that you should NOT get with someone who you don’t like and who you don’t think likes you. What if you were to have children? That would not be a good dynamic for them to grow up around, and won’t set a good example for how a relationship should be.

She is clearly dissatisfied with you, and you deserve someone who loves your “flaws”. Although stability is nice, negative stability is not sustainable nor is it a good use of time.

I wouldn’t say to leave her outright but definitely confront her with your concerns and see what happens from there. I’m rooting for you, OP!",ADVICE
1920,"I mean they are just collecting the taxes. The taxes are actually owed to the state. If you don't pay the dealers, then the state doesn't get paid, and they are going to go after you for it",ADVICE
1910,"1. Socialization comes incredibly easy, i chatted with randoms on the daily, but i never went out my way to make those people serious friends, although chances arised.
2. If engineering and Math is your passion, go for it, study hard friend. College is only hard when you let the distraction of freedom wear you down. Know when the time comes to say no more partying and socializing and time to study.
3. You'll get laid. I never went to a university, i went to a community college. Less chances there. But at universitys its a breeding ground. i know some pretty ugly guys i was friends with who NEVER had a gf all of Highschool, who went to a university, and they had their first times because of college skanks. But let this be a lesson, if its easy, its not quality. dont get to involved with  easy skanks, they can make your next 4 years miserable. Lesson here: Dont have sex without a condom, condoms suck trust me i hate them. But no matter what these girls tell you, dont go without it. College is the highest chances to catch a disease.
4. Going back to 2. If your major is passion youll go to class everyday with the highest value to learn. If its something youre picking bc mom and dad said to, chances are youll hate it and not do to well. Also again, college is great fun when it comes to socialization, but know your limit. Know when its time to stop the fun, and get serious. far too many people party their assess off and try to cram in studying 2 weeks before exams.... for some it works, and for some, youll see them back in the same class next semester bc they failed. ",ADVICE
864,Get out now,ADVICE
1281,"Absolutely not, he does this to multiple people and she’s one of his best waitresses, I think he’s just a shitty boss honestly. She just got her masters degree so luckily we’re trying to get her out of there but it sounds like the consensus is it’s legal but immoral.",APPRAISAL
681,I would do it.  I think your first step was to contact the company and ask when you can expect to receive your items but you did that.  Companies generally start preparing items for shipment within 24 hours of receiving payment but your company has gone way beyond that.  I feel you have been more than patient at this point.,ADVICE
360,"Talk to him, if he keeps bringing this up it means he doesnt trust you or her. But i say the best you could do is sit with him and talk about it. That´s all.",ADVICE
1309,"The picture was an old picture, that he sent her recently. The text to his friend was in real time. I’m so naive. Thank you for your advise, kind stranger ",APPRAISAL
456,Don't settle for a guy who you think isn't all that and more... because when that guy does appear in your life you'll be stuck in a second class relationship. You said you don't attract guy's you have interest in... well you should work on yourself to become the type of women they are attracted too.,ADVICE
1163,Do you have access to him in person or is all of your communication with him via remote means?  If so there's not much you can do for him short of reassuring him that things will get better with time.  Maybe send him links to lighthearted stories and media?,ADVICE
383,I am no expert but I don’t see the advantage to saving if the interest in the savings is less than the interest on the loans. I would just make miniumum payments in all of them and laser beam the highest interest loans one at a time. Try making a spreadsheet to model this. ,ANECDOTE
1911,"But it shouldn't be based on your past pay nor should that be the way to identify if the job you're working towards is matching your expectations pay wise. It's based on market value, individual experience, and unfortunately for some, negotiation tactics.

In this case, they can't low ball someone because their past job didn't pay well or was being under pair for various factors. It doesn't block a discussion about the pay for the role, it just blocks asking what you're currently making.

I've only had 2 interviews out of the 10+ years post college I've been asked for past salary. And I cut those opportunities short as it tells me right away they are unsure what to pay or are chasing the lowest pay. It's all about how I answer the question of ""what are your salary expectations"" when prompted. Researching the market, pay for the role/market/industry/region, and then what premium if any I am chasing.
",ADVICE
722,I think as long as he's making progress and you're not unhappy it's fine. But this is definitely not normative.,APPRAISAL
244,"Agreeing with /u/HonestlyKidding. The movie is best. Ask to take her to dinner beforehand. Nothing fancy, but definitely not fast food. Texas Roadhouse (or Logan's Roadhouse) would be perfect. ",ADVICE
288,">Would it be beneficial to remove the Authorized User Acct from my credit

Maybe. No one can really predict what effect any given action action will have on your credit report. But it does sound like removing yourself from this card will reduce your utilization and increase your AAoA, both of which should improve your score. Keep in mind that it may take up to two months for the account to be completely removed from your credit report.

>would it be a minor or major bump?

Who knows. It depends on the scoring model and the entirety of your credit history.",APPRAISAL
88,"I really needed that. That's exactly it, my mind creates these bad situations. And then yea I get worried that I'm pushing him away. 

Can you tell me I'm just being silly now because he's amazing and I'm being an idiot.",EMOTIONAL_SUPPORT
1070,"I don’t think you should make it a “make or break” situation for her. Ultimatums aren’t healthy. 

You’re right to be upset with her for lying. But she told you this a long time ago, did she not? And she was probably thinking that she wanted you back in her life, so she shouldn’t scare you away. As you said, you were on a break. She had every right to have sex with whomever she pleased. And honestly they were all probably rebounds to get over YOU, which clearly she couldn’t do and you all are together.  The way I see it, she was trying to spare your feelings because she knew you’d react..well..like this. ",ADVICE
671,"Kinda reminds me of my dad. 

Let me give you a run down of the future. He doesn't stop playing the victim. He doesn't stop being disengaged. My mother doesn't get any time out because even though he is antisocial he hates her going out and having fun.

He never grows up. He never takes charge. The housework and bills continue to fall to my mother. He doesn't look after his health. He drinks. My mother is now his caretaker.

His adult children had to struggle to adult because lazy was always an option. 

And even though he got everything he wanted. Everyone at home. Lots of lazy time. Barely any responsibilities. He was bitter and resentful.

You will only suffer making yourself a martyr for someone like that.",ADVICE
614,"She kicked him out because she cant stand to see him atm because of her emotions running wild, totally understandable. She forgot his birthday because of this and other things. She still said happy birthday after and apologized for it

Seeking revenge, even thinking about it is petty yes",APPRAISAL
1404,I do snowball just because I need motivation (pay off the smallest debt first),ANECDOTE
1057,"And so it goes. 

Sorry dude, the good die to young. Make sure you're there for your dad. Almost no one comes out of hospice, so I'm sure you knew it was coming, but it's never easy. One day at a time. You'll have dreams. She'll be there and you won't even think it's strange. Weird next mornings though. One day at a time. ",EMOTIONAL_SUPPORT
1030,"Is this pay for working on a holiday, or a paid day off they're giving you for the holiday?

In the latter case, they'd want to make it clear that it's not time worked, even if you're getting paid for it.

But overall, it doesn't matter. They can call it what they want as long as you're paid correctly",APPRAISAL
967,"You’ll be married with kids before you know it, end it now.",ADVICE
1175,"Again, it's pretty clear that what I want to do is fix our relationship, not leave it and my children behind. I don't need to understand your judgement on how ""this woman"" might affect our children if we don't fix things. I'm not trading 50% of my daughter's life to get away from my partner. I intend to find a way to fix things and be a present father to my children. Isn't this a place for advice?",ANECDOTE
918,"Oh, that's good, you can get out soon. Your top priority needs to be your grades and your second priority needs to be saving every single penny you can get ahold of. Please don't buy any more drugs or alcohol right now, and avoid going out to eat and stuff like that, too - luxury spending is for when you're independent and don't need the money for anything else. You're gonna need it. ",ADVICE
480,"""Chronic diseases pills""? Is he on pills for depression? He needs a psychiatrist or may have to be hospitalized in a mental institution if he's not eating and needs to take psych meds.",ANECDOTE
600,"Well first I would confront her about it. Tell her you wanna know why she acts like that. If she blames it on the way she's been feeling, that is a little more understandable, but if she says that you guys have been drifting apart for a while now-- that is no excuse. 

Something very similar happened with me and my ex-girlfriend after we broke up. She didn't have all this negative stuff affecting her life so I never confronted her about it, just began fading away from her because deep down it seemed like she just no longer cared as much. Never let yourself feel second-rate, especially over a friend.

Since fading away from her, I can say that it sucks but I'm glad I did it. Started focusing on other parts of my life a lot more closely and are a lot happier about them. From what I can tell from social media and whatnot, she's doing well too so it has all worked out in the end.",ADVICE
624,"If this was actually said by him, it is indeed a dealbreaker. ",APPRAISAL
1256,"Well, your boyfriend was married to their daughter, but it seems like the MIL has glombed onto him like a son-in-law.  It's up to him to disattach himself from these people.

Where's his ex wife in all this?  Does she show up in his life at all?  Do they not like her choice in boyfriends and are still hoping to get your boyfriend and his ex back together?",APPRAISAL
118,"If you read ""Why does he do that?"" (It's a free online PDF), you will find that there are several different types of abusers. One is called, if I remember correctly, ""The Feminist."" 

He knows the lingo, and how to twist words to make himself the picture of support. Anything he has done wrong can be explained away to some type of issue with society making him this brute of a man. This type of abuser rarely hits or rapes, but cuts down his partner in other ways. Controls her in other ways, but can become rather physically evil if he senses that his control is slipping (such as others daring to compliment you and you not automatically responding in an appropriate way to him). 

I only recommend that book if you are certain you can read it safely without him getting angry over it. This is one interaction, but you may find more -- less obvious -- interactions of abuse highlighted in the book. ",ANECDOTE
1223,"This is true and interesting. But in my experience, at least in South East Asian countries like India this never works. Employers insist on knowing your salary before they proceed. You're expected to tell them your salary and then ask for a 30% hike. It's not how it should be, but with no dearth of talent, employers still have the upper hand here.",APPRAISAL
896,"Yeah you seem like you have it figured out, if he's just unenjoyable to be around theres no reason to keep your foot in the fire",APPRAISAL
272,"Not sure how you can say being a parent at 18 definitively won't hurt or diminish this kids life. You don't know his hopes, dreams, financial situation, prospects, etc.",ANECDOTE
1843,"Furthermore, you might want to consider filing for a restraining order against her. Then if she tries to show up at your front door it's an easy phone call to the police.",ADVICE
1262,"Clearly he wasn't extending the same courtesy to you.  You don't have to be mean about it, but make it clear that you don't share his views and you don't want any of those emails.  If he gets offended by that then you shouldn't have a relationship with such a self centered, close minded asshole.",ADVICE
997,"You're talking about medical malpractice. It's incredibly fact specific and beyond this sub.

If you feel wronged by this doctor you should get a consultation with an attorney in your area who works with medical malpractice. ",ADVICE
389,Tell him to pick counseling or a lawyer because that shit doesn't fly.,ADVICE
580,"If you care about the relationship, you need to talk to him. Yes, that is anxiety inducing, but so are most things in life and that's part of being an adult.",ADVICE
250,"So if he thinks that you guys are cheating, he’s accusing his brother directly as well, right? 

Edit: and if he isn’t, you should probably ask yourself why that is. ",APPRAISAL
1513,"I just need him to stop texting me, like he doesn't know where I live and I haven't seen him in person since I stopped texting him so I don't think I need to go as far as getting the police involved at this point",ADVICE
368,"It sounds like this is one of your top financial goals? If so, it could be worth chasing (but not at the expense of your emergency fund and retirement). Try the budget out for a few months and see how you feel - save an extra 1400 every month and see what you're still able to do. If you still want the high rise, consider it.",ADVICE
747,Don't smoke crack ,ADVICE
944,"I try to keep things simple, I would add the money to my monthly income and then use it in the needed category.",ADVICE
1829,"That girl sounds like the type of person that will destroy your friendship. If she can't decide which one of you she'd like to date, she's just relishing the attention and that won't likely stop once one of you has ""locked"" her down. I'd say ignore her and move on.",ADVICE
673,"lol....you should not take the dealership up on the offer....if the name of the game is to get lower payments you should find a local credit union to refinance your current car but first cancel all the BS warranties, life time oil and GAP.  ",ADVICE
781,"Can I ask why it would be unenforceable? I lived in Texas for a few years and their signs seem pretty enforceable. To the point that people have been shot and the shooter not arrested because the homeowner/shooter had a sign stating clearly if you trespass you will be shot. 

Do I not have any control of who comes into my fenced yard? I'm legally illiterate beyond simple googling so please dont take this as me arguing with you. I was just hoping you could possibly explain why I couldnt charge for coming into my yard. 

Edit: dude from texas was actually charged with assault with a deadly weapon. I apologize",EMOTIONAL_SUPPORT
1198,"No you see yourself as a burden because you're depressed and stressed. You look through a narrow perspective when you're sad and you feel as if everything is against you and everything is going to shit when it's not. But I can't stop you, go ahead. Leave.",APPRAISAL
931,"I wish you all the happiness in the world and I won't tell you not to date him, but you should understand that if he is still living with his parents at the age of thirty-three, and makes so little money that his commute by public transit eats a noticeable fraction of it, *he is not going to become more financially successful*. You should expect and make plans based on the assumption that you will be the primary or only income-earner in your relationship. And that's fine, if that's what works for you! If your sweet-devoted-poorly-educated-raised-in-poverty-etcetera partner is anything like mine, I honestly cannot recommend it too highly. But you need to be realistic or you're shooting your relationship in the foot.

My experience in this subject does not extend to your parents, though. My dad *loves* my husband, they drink together and bond over gazing adoringly in my general direction, it's unbelievably precious. I guess just be patient, eventually your dad will probably relent on at least *meeting* him and then maybe he'll see you have a good relationship? Go out to lunch with just your mom and your boyfriend and let him be sweet and charming at her so she'll talk him up to your dad? ",APPRAISAL
658,"What everyone else said, but it wouldn’t have mattered anyway because moving expenses were only tax deductible if you were moving for work.",APPRAISAL
222,"Yeah you're right

But if I don't give a fuck about losing, then I'll be more enclined to lose... right?",ANECDOTE
343,"Not only should they refund in full, but they should MAKE AMENDS.  Good luck!",APPRAISAL
323,"Some people are just really vanilla and we need to be tolerant of their weird normie desires. As strange, and even upsetting, as unembellished hetero sex in the missionary position may seem it's important to remember that they're people just like us.",ANECDOTE
217,"It doesn't feel like it today, but you are lucky as hell this happened now before you are legally committed to her. Take the gift of knowledge she has given you that's she's a liar and a cheater and bail immediately. ",ADVICE
844,"Honestly I think that people like you need to stay put. We need people that are educated and passionate about medical Marijuana in places where the drug is illegal. Pursue EMS and get involved with organizations that lobby for the legalization of medicinal (and recreational) use where you are at. 

Big pharma has a huge lobby to keep their highly addictive and dangerous opiates as the staple for pain management and they are the biggest opponent of the legalization of this harmless and non-addictive plant that helps thousands of people in areas where it is legal. I think it's only a matter of time before people start to wise up to the medicinal benefits of Mary Jane and it's derivatives and there is a lot you can do in PA to support that shift. ",ANECDOTE
959,"That's a big ol yikes. I'm even the redditor who usually takes the messy person's side in these debates since I'm the same way, but this is just so far beyond the pale. He needs to get his life together asap or you need to get gone.",ADVICE
763,"I think your feelings are totally valid, but forgive me for saying that crying is not always the best way to express those feelings. Communicate openly and thoughtfully. Find the words you need to share those feelings properly.",ADVICE
1622,"The move over law for which you were cited is designed to prevent divers from smoking emergency personnel who are working on the side of the road. Every year, first responders are hit and killed by passing motorists. 

You have the wrong attitude. You’re saying you don’t deserve the ticket because others get away with it and because you didn’t know about the law. 

Firstly, if one cop has someone pulled over and people on the road aren’t moving over as required, there’s not much that cop can do, as he or she is preoccupied. However, in your scenario, there was obviously a cop who saw what you did and decided that was more important than whatever he or she was already doing. 

Secondly, as a licensed driver, it is your responsibility to know all applicable driving laws. 

Life isn’t fair. You were one of the unlucky ones who got caught. If you go to court with your current attitude, you will surely pay the whole fine. However, if you go to court taking responsibility and apologizing for your mistake, you might see a reduction in your fine and/or some other options to help put this passed you. ",ADVICE
313,Chill familia and ask him straight up. No point in wondering,ADVICE
223,"Dude don't even worry about it. It's a fantasy for a reason. If it were anything real? Then it wouldn't be a FANTASY. Everybody has something they think is embarrassing, but what you are experiencing is one of the most common fetishes in existence. I'm not saying to go through with it, personally I like to keep my fantasies separate from my actual love life, but you have to just accept that what's in your mind is in YOUR mind. Nobody else will ever know about it but you. And it's not a big deal. You have to understand that it's not a big deal at all. If your not comfortable with sharing the fantasy with your S.O. then don't, let it remain as it is. But don't contemplate suicide because you think you are fucked up for having such a fantasy, like come on dude. There is nothing wrong with you. ",EMOTIONAL_SUPPORT
101,"If that's your aim you won't get your monies worth. If you leave feeling bloated, horrible and a discusting pig then you wasted your money.

If you come out nicely full, satisfied having enjoyed your meal. Isn't that more worth the money.",ANECDOTE
583,"Thank you for the advice. I have considered surgery, but my wife's insurance won't cover it (welcome to American healthcare).
My old insurance would have covered it and I was a candidate then, but I was an idiot who thought that was ""cheating"" and refused it.

Statistically though, a large percentage of people who get some sort of weight loss surgery do lose a ton (no pun) of weight, but end up gaining it all back or more. This is thought to be because they never actually learn the skills needed to cope correctly and deal with the actual problems causing the overeating. They just can't eat more because of the physical limitations put in place. 

So I guess once you consider that, in a way I was right, it is trying to cheat your way out of a problem instead of actually fixing it.",ANECDOTE
555,"My bonds were given to me over a period of 16 years and most were far from maturing. I needed the money at that moment to pay for college (loan interest would have been higher than interest paid on the bonds). 

I only received physical bonds that I had to go to the bank to take care of, which took an entire afternoon. Plus it gave me a stack of paperwork to keep track of. Since all bonds are electronic now, I guess they are easier to redeem so “hassle” may no longer apply

I received about $200 in bonds a year from birth to age 16, which paid for about half of one semester at an affordable state university after my scholarships. So while they were helpful, they were far from making college possible for me (check out the prices of the state they live in to get an idea). 

If it’s your only option, do bonds. But I would ask their parents to set up a 529 instead. That may also encourage the parents to start saving or inspire other relations to contribute as well. ",ADVICE
346,"In Virginia, speeding 19 mph over the speed limit is not a criminal charge. At worst, it’s a four point offense. If the OP’s record is otherwise clean, and he has been licensed more than four years, this won’t even take the point total negative.

Driving while suspended is a different story. Here, the OP should retain an attorney. However, it’s possible that the OP can argue lack of actual notice, depending on how DMV and/or the court advised him of the suspension. And because Gov. Northam is instituting changes that prevent license suspensions for failure to pay, the courts may be reluctant to throw the book. Your attorney, OP, can navigate this path for you, but I’d be cautiously optimistic based on what you’ve shared here. Still, the key word here is: lawyer. Trying to fix this on your own could well snatch defeat from the jaws of victory. Get counsel.",ADVICE
226,"Yeah, keep your head up, dont dwell on the past too much unless you're with friends and laughing ",EMOTIONAL_SUPPORT
111,I hope so. I just hope I don't do anything to myself during the year.,ANECDOTE
384,It's most likely your student loan account and it just may have taken awhile for it to be reported. ,APPRAISAL
114,"I don't know if it helps, but think about it this way: if someone were standing around talking and you needed them to move over a bit so you could get past, would you be upset with them?  I'm imagining, like most people, you wouldn't give it a second thought.  Put yourself in the other person's shoes and you might realize that people really aren't getting angry or irritated with you and you've got nothing to be embarrassed or uncomfortable about.",ADVICE
885,"Some money market funds ""broke the buck"" in 2008, coming to about 97% of Net Asset Value, and everybody lost their minds: [https://www.investopedia.com/articles/economics/09/money-market-reserve-fund-meltdown.asp](https://www.investopedia.com/articles/economics/09/money-market-reserve-fund-meltdown.asp). However, this is extremely uncommon, and I believe many financial institutions stepped in to guarantee the money for most of them anyway.

You might consider a standard savings account if you want as little risk as possible. Savings accounts right now are offering around 2-2.25%, and that is likely to increase if the Fed raises rates 2-3 times more like they've indicated they are leaning towards. AFAIK, keeping 250K or less in each account gets you FDIC insurance on the whole thing, and you would be staying nearly pat on inflation at those rates.",ADVICE
1937,"My guy, she's controlling and abusive. Self-harming and blaming you for ""making"" her do that is shitty of her and a form of emotional abuse. 

**YOU ARE NOT RESPONSIBLE FOR HER BEHAVIOR** and this particular behavior is just to fuck with you.

Dump her, and then maybe tell her parents about her behavior so that she can be stopped from hurting herself in retaliation. ",ADVICE
508,"That won't let her decide what happens to the assets. They still must be divided and distributed according to state law.

What reasons did she give in her petition for wanting the court to remove you from the letters of administration?",APPRAISAL
928,"Haha. This will be interesting!

I will start....get yourself a hobby.",ADVICE
1180,Who advised you not the directly message her and why?,APPRAISAL
1983,My wife travels with our daughter frequently for work. We always do the consent form anyway. She doesn't always get asked for it though. The form should be notorized. We also found that TD Bank does notary for free. ,APPRAISAL
514,"Dredging through college on a low GPA is tough. What is a low GPA to you? 3.0? How much time do you spend per day on college?

I work full time and go to school part time. I was overwhelmed when I got back into college, but a schedule is what saved me. The only thing I do during the week is school and work, no fun. That is what the weekend is for. 

I would spend my breaks and lunches at work by reading the required material. Then when I got home I would bring up homework that would be due that week and figure it out based on the material given.

I am a CS major as well.",ADVICE
1420,"Give the fire chief a call, and he’d be probably very delighted to tear some lanlord a new asshole for closing up a fire exit for a handicapped person.",ADVICE
1299,"You personally probably won't ever know why it happened. Stating it was simply the booze also takes away him being answerable to his actions and should never be an excuse for behaviour fullstop let alone when a woman is left feeling violated, husband or not.
 People have an amazing ability to mask who they truly are until they're ready to show it, whether purposefully or not. By mentioning her not seeing signs of this previously also seems to out some of the blame as such back on the victim here. Which is what she is. 

OP I hope you are ok. Stay strong. ",EMOTIONAL_SUPPORT
524,"She’s sleeping in another dudes bed, crying because your upset about that and trying to go to dinner 1v1 with this guy. This ain’t fair and you gotta get out. Don’t let her crocodile tears do you in",ADVICE
690,"Your gf is a walking red flag unfortunately. You suggest she has a thing for older men, and she challenged you by bringing one home then  refusing to let him leave despite the rest of you being uncomfortable. It was a clear attempt to mess with you and that she was willing to carry it on all night ( what would have happened if you hadn’t forced things?) shows she is stubborn in a bad way as well as hellish weird.",APPRAISAL
254,"Perfect. That's what I was thinking, but I kept going back and forth on it. Especially because it wasn't money I truly earned. Thank you!",ANECDOTE
431,"But that is the thing, mom is allowed to leave with the child, even if dad doesn't want to, absent an existing court order. Of course Dad can go to court in California, but they would have to serve Mom in the UK. Did the OP mention that she can't go back to Cali due to money?

Do you have to ask for permission first before you go abroad with your child?",APPRAISAL
316,"I think you should support what she loves to do. If you don't like it, then maybe you should leave her. I don't think trying to change her is going to benefit either of you in the long run.",ANECDOTE
1765,I’d recommend going back and looking at the documentation that they sent you when you initiated coverage just to be sure.,APPRAISAL
1674,"Having read your other comments on this I see that he is  secret from your parents and your parents would be angry to hear you’ve had sex. I guess this changes my opinion, because your culture is so different from mine that I can’t really have a helpful opinion on it. All I can say is best wishes with it all. ",ANECDOTE
359,"Damn! Thanks for the honesty, why do you default to “asshole”? Are you missing something in the relationship? ",APPRAISAL
1081,Yep. He won’t take her seriously unless she is serious. ,APPRAISAL
497,"Nope Your ex boyfriend isn't toxic Your friendship with him is
I can't even imagine to have friendship with someone who have feelings towards me, that always leave that other person in disadvantage situation, if it come to your love life. Sorry to say but, for his own good you should stop that relationship called friendship ",ANECDOTE
591,"Try headspace , it really really helps",ADVICE
1780,"Is he going back to Korea with them?

It's probably never going to be any different how his parents feel about you. Well, maybe if you were super rich, lol. But it would have to be hugely dramatic for them to overlook your non-Korean self. It's not you, you need to remember.  It's just that you weren't born in the right country.",ADVICE
405,"Thank you, maybe I'm impatient. ",ANECDOTE
1386,It doesn't hurt to ask and it's a very fair way to deal with a situation where someone moves out mid month.,APPRAISAL
296,"Send an email, or call, the friend(s) and apologize. 

Showing some humbleness in a time like this goes a long way. ",ADVICE
825,"What the hell. You need to leave him alone. Am I reading wrong or did he gave you several hints that he was uncomfortable and you just bulldozed past all of them to get what you want?

> I put my hand higher and higher on his leg while rubbing it then he had his hand by is dick so I moved it several times causally then he gets up ""to make a call"" then he comes back and then he seems nervous and tense

So he kept putting his hand back after you moved it? And you kept removing his hand?

I think next time, you need to be direct, and ask your next crush if he wants to hook up instead of doing what you did because some guys really don't like being touched that way.

I don't know why he told other people. Maybe he was truly uncomfortable by it and talked to his friends about the situation, or maybe he was being a dick, or maybe he was bragging about a girl almost touching his dick. Either way, I think this bridge has burnt and you need to move on.",WARNING
1668,"Break up with her, I've been the other guy and he's going to get nudes soon and will fuck her soon, it is how it starts. Just remember how her personality is and if you meet someone with the same personality then you can use your experience with her to know how it will end. Relationships are all learning experiences and this one is a tough one. ",ADVICE
992,"I suppose what this boils down to is what opportunities would you be giving up here in America by giving up your opportunity at citizenship? What draws you to America? You mentioned that you'd been laid off and that you wanted to start a home business anyway. It sounds like a chance to make a clean break and go help your grandmother. 

On the other hand, if there is something in particular that draws you to America, would it be possible to perhaps at least finance her getting some assistance with living on her own at least until you were in a better position? What's more, what are the rules regarding residence here in the US during this period? And are there exceptions for hardships such as this? 

Honestly, I'd tread the line as much as possible, but if it comes down to your citizenship or spending time with your grandmother, that's a decision only you can make. If it were me, I would support her emotionally and financially as much as possible until I got my citizenship. I'm not necessarily saying you should too and I absolutely understand why this is a dilemma. I don't think there's a right answer here. But I think that she raised you to follow your heart and to do what it is you need to do no matter how difficult that is and regardless of what it is that you feel you need to do.",ADVICE
52,Leave it in there. Roll it over to your next 401k with your next job.  Dont EVER touch your retirement unless you absolutely have no other choice then to declare bankruptcy.,ADVICE
321,"How long have you been together? 

His sister is probably incredibly upset right now. I would talk to her and say that whilst you get where she’s coming from, you don’t see how telling your parents will help your boyfriend get better or the situation in general. All it will do is add more stress to an already horrible situation. ",ADVICE
1396,"Maybe like 6 months... The sad part is that even though I've been trying to change my behaviour and improve, I kind of just....fail. I don't stand up for her and back her up in the right momenta that are important to her and she ends up feeling all alone when all I want is for her to feel like we're in this together, like a real partnership. ",ANECDOTE
413,I’d also recommend lactic acid suppositories. They worked much much better for me than boric acid. I used a lactic acid gel for a week and it worked just as good as the antibiotics (which made me feel sick so I use them as a last resort). My damned IUD makes BV much more likely so it’s been a learning curve. ,ANECDOTE
618,"Can't. they're everywhere. 
My coworkers are a great example.
what should I do if they're unavoidable?",ANECDOTE
839,"It could be the stress. I mean, it really, really sounds like stress. But it could also not be. Either way, if you value him, you should talk to him. Be open and honest about it all. In the end you have to do what's best for you, but he should still know what's going on and how you feel. ",ADVICE
1013,"If you want out, as long as you’re as respectful as possible, go for it. ",EMOTIONAL_SUPPORT
1514,"Find something to ask her about on her Instagram. Then send her a note or whatever, ""Hey, I saw that picture of X on your Instagram. That's right near where I grew up. Did you grow up around there?"" Then once you have a conversation going for a bit, THEN ask for her number.

Don't just go ""Hey, can I have your number.""",ADVICE
1113,"I've thought about that. Luckily, I'm in a position to be able to afford that cost up-front. With the rent on my cousin's house, I should be able to recoup the real estate costs fairly quickly. Getting out of the house may be worth it at this point.",ANECDOTE
345,That stinks. You should try bartending. The bartenders at my watering hole go to college and make decent money. ,ANECDOTE
1400,"It’s a pretty established boundary that she should not have someone of the opposite sex in her bed cuddling with her.  She may not think it’s a big deal, but you do (rightfully).  If she can’t understand why this bothers you, you have different ideas of what a committed relationship is.  Getting married will not change this.",APPRAISAL
910,"What is happening to you is not fair.  You see it, we see it,  and it isn't right.

If you can find a way to get through this and prevail,  you will have something which of high value. You will have the experience and knowledge on how to get through such painful memories,  and you may be able to help someone in the future.

It's bad,  but you realized that it could have been worse. You also realize that you can build and move on. Getting through the pain will hurt,  but it will make you stronger,  but more importantly,  it will make you wiser. It is a painful transformation,  but you can turn the suffering into a good thing by overcoming it and guiding others to move on also.

Do seek advice from those who have went through what you are going through.  They may have found answers you will need. You are only alone if you choose that path.",ANECDOTE
538,"Makes you feel violated and helpless. 
Best of luck to you. ",EMOTIONAL_SUPPORT
251,"Who told you that you were wrong to slap your sister?? I don’t have time to read all these comments because I got here from the update post, which I wanna get back to and read lol. You were not wrong to slap your sister! ",EMOTIONAL_SUPPORT
470,"Well, I would go for therapy asap. Are you still living at home? If so, start saving and making plans to move. 

Your relationship with your parents will never be the same. 

You have to take care of yourself. Your father is an enabler, so I would be suspicious about his motives...

Please, go for therapy and move away. This family situation is extremely toxic and dangerous. Truly.

",ADVICE
1639,I don't understand why you would message her and apologize for something that did not happen. This alone could potentially fuck you over if you get involved with the law.,ADVICE
794,"Long long have you been clean for? I don't understand how it's feasible that people will continue to bring it up, people slip back into those kinds of situations for that exact reason ",EMOTIONAL_SUPPORT
1476,"Rape should never be rationalized. And he isn't much of a feminist if he gets sexually violent just because someone pays you a compliment. Him being intoxicated is not an excuse. Would you still stay with him if he does this again? What if in the future you split up, would he do this to someone else? Call the police, he should be charged.",ADVICE
1898,"So if he lived with you?
Do you think he would want to hang out with your friends?
Cus from what you wrote sounds like no.
And that means that you need some weekends to hang out with your friends and not him.

Is he threatened by them?

My wife does her own things when ever she wants to even flying to Sydney for weekend  away with her frends.

Dont let him shut your life down just tell him it can't be every weekend. Keep one a month for you. If he has a problem with it you will know there is a problem.",ADVICE
518,It’s not. Do what some other posters have said and drop in to get her dinner or something at her work and see if she’s there. ,ADVICE
612,Brilliant thanks for the edit man. There you go OP nothing to worry about but well done for being ready,EMOTIONAL_SUPPORT
1737,He has said I am his steady relationship and wants to marry me some day but still does this shit.,APPRAISAL
984,"I don't know about that ""not separating finances"" advice.  Financial abuse in a relationship is real, and can have longer lasting effects than a lot of people realize.  

If she's out living on her own, make sure she's doing that on her dime and not yours.  ",ADVICE
1529,Yeah or if it’ll ruin potential relationship just because he’d think I’m easy ,APPRAISAL
341,"Just ask the landlord to install a motion activated  sensor light.

It's  maybe $30. Or even just install  it yourself. It won't be a permanent fixture, takes a few mins and is cheap.

Do not! set a trap. If you injure them, even inadvertently, you may get in trouble.",WARNING
1159,"He's lying about not being sexually attracted to others, not being sexually attracted to u may be the truth, he's definitely up to something",WARNING
1272,"I was waiting to tell you what your 3rd to last sentence said. 

You don't have to go to college to have a good job. You need a skill or a trade. If you have an interest in anything there is generally a job for it. If you like cars think about a profession that revolves around cars. Mechanic's need training and be paid quite well if they have certifications and experience. Car sales can be lucrative for people who have only a HS degree. Just an example. 

So that's my suggestion. Figure out where you will fit into society so you can make money, have a happy life and have stability. Find the path to get there. Trade school, apprenticeship, self-taught, etc. 

You're starting down the path to make change for the better. Don't let anyone tell you no or you can't, just do it. If there is some career you are interested in there is usually a way to get involved. Maybe you won't be an architect but construction workers on large commercial projects do pretty well for themselves. 

Good luck! ",ADVICE
1605,"Okay, so say you're somehow right and, in OP's husband specifically, those disorders come together and create a likelihood that he'll rape her. Should she then continue to put her safety at huge risk by staying with him? Because regardless of the reason why, he raped her. It truly doesn't matter here because one way or the other, OP is not safe.",WARNING
558,"So that is weird. Would he compromise with a vanilla wedding cake and peanut butter frosting? Or peanut butter ganache with a vanilla frosting and cake. Just some variant that is close to a peanut butter sandwich but also is a cake and a bit less strange.

Some places also do a small cake for cutting that you take home for just you and him but  then cupcakes in the same flavor, it isn't really a compromise but at least you get the cake cutting pictures and he gets his sandwiches and cupcakes.",ADVICE
1069,"He’s been acting strange all weekend, not answering me for hours, and being distant.i kept asking what was up and he said “what’s wrong with you, why do you act like this?” I really don’t know what went wrong, I can usually see when I’ve done something, but nothing new has happened. ",ANECDOTE
483,"I have proof from her past “bodies” as well as people who know her generally describe her as a generally shitty person.

As for me being in this, I’m in my own relationship and just want to help steer my friend in the right direction. Any harm in that?",ANECDOTE
499,"This is messed up! Ugh what an asshole... Doesn’t he want to hang out with both you and his friends, his favorite people in the world? Together?? That sounds fantastic. He is making up some weird excuse, I’m not sure why anyone would feel the way he’s telling you that he does.",APPRAISAL
1116,"Not at all.if you get caught they'll ban you. If you admit it, though, i believe they'll deny you the job. I've had friends denied law enforcement jobs over pot. How would they catch you? ",WARNING
1369,Leave her alone. I’m an introvert and it’s not complicated we just don’t like going out.,ADVICE
1435,I had my lost card used for $300. I called the bank right away and reported it stolen. Filed with police too. Got all but $50 back. The bank's rules are they keep that $50. Fine with me. ,ANECDOTE
116,"> My wife feels that legal action is warranted, though I am not sure how practical or cost effective this may be.

You're both right.

Given that the offer on the table is far greater than IL's small claims limit, I think a conversation with a real attorney is in order here. However, if they're bankrupt, or about to go bankrupt, you'll be more or less last in line, and there may be a number of claimants to split whatever's left after their secured debts are paid.

The optimistic outcomes are either that the embryo can be transferred to another clinic but on a more manageable schedule, or that your lawyer helps you negotiate a larger payout without having to go to court.",APPRAISAL
264,"That sounds like he may be gearing up to try and isolate you. It’s an abusive tactic, and it generally starts out small like that. It’s possible that he may not be thinking of it that way, but it’s raising some red flags for me.",WARNING
1718,"Debt isn't the worst thing in the world when in the hands of a *responsible* person.

It's very easy for an irresponsible person to always use the ""chicken feed in the big scheme"" line to justify taking out a loan. College graduates also tend to have unrealistic expectations about post-grad salary. Next thing you know, the debt very easily snowballs into a gigantic mess and OP is looking at paying off loans for 2-3 years on a barely livable income.",APPRAISAL
66,"Temporary restraining orders are often granted on an interim basis based on the sworn testimony of only one party. The intent is to ensure that whatever behaviour is at issue is at least put on hold until the matter can be heard; the next step is generally a hearing as to whether the HRO should be upheld once both parties are aware of it and able to attend.

As you were never served, the order was never effective on you, and is irrelevant to you.",WARNING
950,Why not try a monogamous relationship then and get rid of all the fwb,ADVICE
1549,"Ahh that makes sense. It must’ve just been a miscommunication somewhere along the line, hopefully when I submit the bill to my doctors office they’ll be able to correct the payment",ANECDOTE
1330,"1. You can benefit from the knowledgeable advice by asking questions related to your situation.

2. 95% of the knowledgeable advice you see in the sub can be found by sorting by new and reading posts that are an hour old for a few days. 

3. You'll also see that there's a whole swathe of people who are not knowledgeable.  But that's fine, that's why people come here and ask questions.

Beyond that, realize that the advice will change as time goes on (eg, in response to new laws), and that being ""good enough"" but consistent will get you into a better place than being really good but inconsistent, especially for retirement savings.
",APPRAISAL
87,"This means a lot, thanks.",ANECDOTE
424,"Oh yes, yes they do. Especially when prescribed by a psychiatrist. ",APPRAISAL
1010,"That's pretty open and it depends on what you want (budgeting? loan amortization? net worth tracking?). I'd go to Excel and search templates right from there. Those templates are often pretty great, feature-wise.",ANECDOTE
154,"Well you failed to poke any holes because all of your arguments have been things that would never be recommended on this sub. Making justifications for poor financial decisions is basically trying to put lipstick on a pig.

Even in a business where you need to keep up appearances, 1-2 year old used cars can be purchased and maintained well for a few years. If someone was in one of those fields, they should make enough to be able to pay cash. If they don't, then they suck at their job and shouldn't be spending more than they can afford even if they feel they need to drive a nice car. There are also varying degrees of nice car, one doesn't need to buy the most expensive thing on the lot. Good enough can truly be good enough. One could also choose to go into a field that pays well that doesn't make them feel like they have to spend tons of money to ""appear"" to be better than they are. There are plenty of options, nobody has to lease, and I still see no case where a lease is a sound financial decision for anyone.",APPRAISAL
85,"Probably not unless you signed some type of contract, but you should go through the process of canceling properly. If that means giving them a call, then give them a call, put up with their BS and get it done. Good Organizations taking donations should not make it hard to cancel. it does look like  they spend less then 20% on actually feeding the children. Pretty sad. ",ADVICE
302,Ooooh.  I get it. She just meant that getting a drink isn't going to work out. Not *everything.* She ran into problems and decided to go home for a nap. ,APPRAISAL
1799,"In my experience, when you are in a “happy” relationship, but suddenly develop a crush that just won’t go away for a long period of time, it’s because you are missing something in your current relationship. 

After a period of time, our partners can become “old news” to us. We settle into monotonous routines and a crush is new, exciting, and full of unknowns. 

I would advise switching doctors or having your husband take the kid to the doctor/go with you. 

Then, pour all of this time you are spending fantasizing and thinking about this woman, into your relationship with your husband. Think of ways to pursue *him* like you did when you were just dating. You could even set up a role play where you meet him at the bar for the first time and try to take it home. 

Crushes are natural. What is not natural is letting them turn into an obsession. I would even venture to guess that even if you did tell this woman/your husband and things got messy, you would find out that it wasn’t worth it and that she really doesn’t mean that much to you. ",ADVICE
1360,I'm not sure I understand. What was the goal here? What do the 161 $5 bills contribute to your personal finance vs having $805 in a bank account?,APPRAISAL
1693,"hey everybody thanks for the advice. I've given some thought and considered what everybody had to say. Im going to move into the apartment. I figured it will be a good experience living with other people, and as for my goals its all in my mindset that will determine my outcome. thanks again everybody.
P.S. I do vape very hard ",APPRAISAL
1041,"You are in a relationship with him only, not the sister. Talk to him and support the best you can. 
Tell the sister you appreciate her concern and reassure her that you are as committed to him today as you were before the accident. That's the best you can do, but you wont let someone else tell you if/when/how to be in a relationship. ",ADVICE
751,"In all honesty, it sounds like you might be reading too much into things right now. Give it a little longer and try to start up more of a conversation with her in a day or so, ask her if she enjoyed herself on the date, without pushing things ask her if she'd like to do it again sometime.

Don't get yourself stressed out over something that you don't know for sure. 

If she continues being cold with you then you may have to face the fact that not all dates lead onto something serious or long term. That's life sadly. Take it as a learning experience and move on.

It's a horrible thing to say but online dating is very hit and miss when you actually meet up with a person as our 'online' selves don't always match up with our 'real life' selves. ",ADVICE
795,"Say what you want to say - & don't put a return address.

Fuck how this guy reacts. If you need to say something for your own grief do it. Do what feels right in your gut. 

I'm a writer if you need help writing a letter message me.


",ADVICE
1144,"What a crappy hand you both were dealt! So many dreams and hopes you both have had to grieve. I'm sure this isn't the marriage that either of you had pictured when you said your vows. I know you have so much on your plate, but I hope you both are seeing therapists to work on processing that loss. 

As for whether to stay or leave... No one can know which choice is right except for you. I imagine your choices seem to be ""can I ever be happy if I stay?"" or ""can I live with myself if I do not?"" Those are both deeply personal questions that depend a lot on who you are and how you find your joy and create meaning in your life. 

I think the 2 separate but very much tangled together issues here are 1) caregiver fatigue and 2) change in the dynamic of your marriage relationship. 

You mentioned being turned down for SSDI, but not the reason they gave. Have you also applied for SSI? It is also through social security, but has different criteria for approval. Depending on the state you are in you should also contact your local health department and ask for a nursing home screening. An RN should come out to do an assessment to determine skilled nursing needs. Depending on your insurance, some home health care may be covered.  You also mentioned medical bills, depending on your income it may be possible that you could meet a Medicaid ""spend down"" which might provide some reprieve from expenses, your local Department of Social  Services would be the place to start  with this question. Honestly, I've known couples that have gotten divorced only so the ill spouse would become eligible for Medicaid so they could access the care they need. 

Hopefully, if you can get some services in place to assist it will provide you with the space you need to decide if this marriage is still right for you. And if so, will shift your role to not feel as overwhelmed with caregiving. And if not, will have some supports and resources lined up to provide care for your wife in your absence. 

I know this can't be an easy choice for you. 

",ADVICE
494,Idk man weening can really ease the physical symptoms in my experience. Awesome to hear you had such great success though! ,ANECDOTE
1932,That particular card from Capital One is considered a beginner credit card for average credit. The limit always starts low and takes about a year to really go up. You can ask for an increase every 6 months but they'll be small increases.,ADVICE
337,"Nothing really weird here. The account was opened while you were a minor. Just open a new account solely in your name, transfer the existing funds and close the old one. You may need a new debit card and checks (if you use them) tied to the new account as well. 

If your mom really wants the ability to place money in the account your FI can likely set her up to make deposits only through her online banking or she can walk in to a branch and do so. ",ADVICE
1358,I'm going to add that you definitely need to seek out an authority figure. Child pornography is not a victimless crime. ,ADVICE
1509,"It really depends where your work is, if you are on the south side go with Lakewood or Littleton. If north go for Arvada or Longmont.


People put a premium on living in Colorado and you will be making less overall out here but there are many reasons why I think it’s worth it.


Denver is incredibly safe just stay away from the east side past Peoria and north of 8th street. Highlands ranch is very nice, the lower highlands is also nice. ",ADVICE
915,"Consider moving out into an apartment. I know dorms come with a commitment of sorts, but it seems to the point that it's affecting your ability to do daily life. Research your options on that front. Even if you have to break a contract, this sounds worth it.",ADVICE
651,"Absolutely.  Grooming doesn't just make you look good, it makes you feel good too. ",APPRAISAL
1036,"My wife got a new job recently. When she counter offered the HR rep said ""we don't pay more for a bachelors and experience"" The job only required an associate's. My wife told her to submit it to the director anyway. The director came back and agreed the the offer. She was surprised because she went back with a high number that she thought would get counter offered. 

When you deal with large companies, HR reps are sometimes idiots that are just looking out for the bottom line of the company.",ANECDOTE
1347,"First step is to give her the space she asked for. I would go a step further and instead of asking her when it's OK to contact her again, tell her that you are going to wait for her to feel ready to contact you first. And then you're going to stick to that and respect her boundaries by not contacting her and waiting for her to contact you.

While she's getting her space, you can self reflect on your actions. Drinking to the point where you sexually assault your girlfriend is unacceptable. It should have never happened and it should never happen again. Do you often drink excessively? Have you ever done things that you later regret when under the influence of alcohol? Has anyone ever made comments about you drinking excessively in the past? 

Do you understand that you are not entitled to sex? Not just intellectually, like do you **really understand** deep down that sexual contact with a partner is a privilege and not a right? Have you ever pressed or nagged or talked her into having sex when she wasn't interested? Do you get frustrated with her because she's not interested when you are? Has that happened with any previous partners? Are you always the one who initiates sexual contact?

These and other questions are things that you need to ask yourself. I'm sure there's more that I'm missing, as well as the other things that would form the basis of the conversation that you need to have with your girlfriend once she's ready to talk to you again.

Please note that you might not be having sex for a long time after this, so you better get used to masturbating and doing other things to get your sex drive in hand. ",ADVICE
1941,"I have too which is why I mentioned it. The only woman I've lived with alone is my wife. That's been great (overall). Both 1 on 1 living situations with guy friends in my past were unmitigated disasters. Living with other people is hard, but it seemed way harder with just 1 other person. Never had that level of problems when I split 3/4 br set ups with guys (or the one time it was mixed). Good luck with your decision and the move if you go through with it.",ADVICE
1769,"There's no way to know without asking her. If she's generally there for you otherwise, it's possible that she didn't entirely understand the situation. Maybe she thought it was a silly phase and had never had to deal with technology that way or what all the eventual repercussions could be. 

Maybe she thought the therapist could handle it. Maybe she's got some skewed views on sexuality do to her own past. Did she ever talk to you about sex?

It sounds like you're looking for reassurance that she cared, but had some reason for not reaching out to you about this. You might not get the answer you're looking for if you ask her. Parents aren't perfect. They run into a lot of situations they aren't sure how to handle. A lot of parents avoid any sexual topic when it comes to their children.

The important thing is that you know you can't expect her to be perfect. You can't expect her to fix the past. You can let her know that you would've liked her guidance back then, but that doesn't change things now. You can iniate a conversation about healthy sexual relationships with her if you want her advice. 

and you know that you will have good advice to give to a young girl trying to find her self worth. 

",ADVICE
1665,"Stop texting her and apologising. You haven’t done anything wrong here and you’re beating yourself up over something that I guarantee she isn’t. If the friendship is strong enough, it’ll work itself out. If it’s not, you lose a fake friend. ",ADVICE
696,"You should draw up a living agreement so that if something does go sour then legally she has no claim to your house (unless you want to share the house legally and financially such as her paying a portion of the mortgage) which will need to have a lawyer look over/make binding.

If you choose to maintain the house separately (100% yours) I would suggest her paying a similar portion of the bills as the house payment perhaps and if the utilities fall short of that amount then maybe she could cover food/extra services like a cleaning service. 

Try to keep it even or else risk resentment on either end.

",ADVICE
1327,"People are so cold hearted. I obey no law that stands to prevent me from helping any life, human or animal, back to health. Tell a vet a friend gave you the bird and you noticed it has a limp. Quite sure it's not illegal to have a pet pigeon.",ADVICE
815,Don't go until the job is secured and you know the restrictions on working in another country. ,ADVICE
622,"First and foremost, don't try to be their parent, and don't try to be their friend. As an uncle, you get to occupy the wonderful ground somewhere in between both of these. When they are young, it's pure fun times. Just play and laugh.

When they're old enough to interact with, organize fun games for them. Take them to the park, teach them games. Do the things you remember loving when you were a child. They should feel like their relationship is safe (because you're an adult), but fun (because you probably won't get them in trouble). Just make sure not to cross the line into irresponsibility.

I always try to act like I would around friends. It takes a while to get to know them and feel comfortable, but with a little effort you can have a unique relationship. During family events, I like to organize fun activities (playing harmless pranks, soccer games, etc.) for all the kids. This has an added advantage of giving the parents a break (assuming they trust you). 

When in doubt, always as their parents if something is okay. Let them get permission (trust, but verify). 

Source: 6 nephews and 2 nieces.",ADVICE
1599,"Did the officer have a body cam? If so, the footage may corroborate your testimony.",APPRAISAL
706,"Lol, that's nice. You were stationary and she hit you. You win, they lose. They're trying to intimidate you.",APPRAISAL
471,"You're not the first person to say that....maybe it's time for me to listen...hey, thanks! I appreciate the advice",ANECDOTE
581,"The best way to study may be to reverse-engineer the natural process of learning.

Essentially, people who ""naturally"" motivated to learn about anything, are motivated because they have an image or a hope for what they can get after they have actually learned. They essentially have a vision of what will happen after they have learned.

People who ""have to"" learn about something, either for a school or for a job, often only have an idea of what they want. They may want a certain grade, to become ready for a job, but they do not always have an image of what will happen after they actually become ready. Or if they do, it may not be something that they actually want.

For example;
 
If you were to want to learn mental math then you would have a reason to do so, and that reason might be to impress your friends. Therefore, the desired result may be said to be ""pictured"" within your mind as though in the future, and it may be rather favorable. When learning mental math, you may be motivated because *see* yourself impressing your friends with your mental math skills.

However, if because you want to do well in school, the situation is a little different.

The reality is that you seem to not really want to learn whatever it is that you have to study to get those good grades. 

You might want to be top 10% percent of the class, and you might know that you need at least a B+ or A+, for which you might have to learn Calculus (or some other subject).

Therefore, you might want to see get an A in a class, and you might have to learn Calculus for it. However, since your desire ""only goes up to"" getting an A, you might *see* yourself studying as the means of seeing an A in a grade sheet. However, seeing a letter grade on a piece of paper is rather underwhelming. It is very unemotional. Unmotivating. Seeing a letter on a piece of paper is nothing like impressing your friends, it is nowhere near as motivating.

Therefore, you might have to consciously imagine, literally make an image, of what will happen *after* you get that A, and that is what is important. Imagining what will happen afterward.

Independent research and studying may not require an active or conscious attempt to motivate yourself because it is self-directed and self-driven. Since it is you who chooses what you want to learn, it is you who already has an image of what will happen afterward, which is always a positive outcome. Whenever people choose to do something, like studying independently, it is because they expect a positive outcome or otherwise they would not be studying. 

However, since people often go into situations like school or work where they want to learn something to *not* get a bad grade or be fired, they generally not have created an internal image of what will happen after they have learned whatever it is they want to learn.

Therefore, it is important for you to visualize a continuous stream of events from where you are now, which might also include seeing yourself studying while learning and understanding, getting the grade that you, *and seeing what happens after you get that good grade*.

The important thing is that you imagine past the point of getting the grade that you want, and that you visualize up to, or past the point of the image or situation which actually makes you feel good and happy about yourself.

Simply imagining getting an A because of your studies may be rather unmotivating because it isn't very emotional. 

Motivation requires emotion. Motivation is emotion.

However, seeing or imagining yourself living in a house furnished according to your liking because you attained a phenomenal job because you attained exemplary grades because you learned the material well because you studied might be more than motivational.

The key to this is that visualize it up to or past the point where you actually see yourself in a situation which makes feel happy ""in real life"", as a result of successfully achieving or completing your goal.

That will motivate for sure if you do it correctly. If you believe that the point which you imagined and made you feel happy is actually waiting for in the future. Don't just expect to succeed. Expect to attain rewards or fruits for your success (otherwise what's the point), and to expect not the success, but those rewards or fruits to make you happy.


P.S.

Writing may be used as a substitute for imagination if for some reason you are not able to visualize/imagine clearly and concisely. However, it is just as important to that you write in detail as it is that you imagine in detail and that you allow yourself to experience that feeling of excitement and expectancy as a result of the fruits of your success.

",ADVICE
719,"The biggest fuck you is to move on with your life and spend less time thinking about her in any capacity and more time on your own happiness. 

Stop texting her though.",ADVICE
1860,"It probably won't matter, but if you want to be sure, return to the bank with the check and have it reissued.",APPRAISAL
1625,"I lost hiring options at large companies because if this. It was required on the online application, and they ruled you out or based your offer on what you put. ",APPRAISAL
1471,"don't sweat it, man. just don't stoop to your brother's level. if he gets angry again, don't continue to add fuel to his flame. just try and remain calm. and tell your mom that you're sorry, even if it wasn't entirely your fault. try to be mature, is all I can say. hope this helps",ADVICE
1706,"I agree with the two comments above, myself and my partner rented for 3 years before deciding to buy our home. You never truly know someone fully until you live with them. My advice would be to share everything out whether it’s money or chores around the house. We do everything equally and it works out great!",ADVICE
1974,"> Is it likely that this policy can still be redeemed in spite of the passage of time?

Not unless it was converted into a permanent policy at some point, which you'd have other evidence of",APPRAISAL
657,"You cannot get in trouble (beyond perhaps them choosing not to honor your orders in the future) for not reaching out to them.  

Obviously when they find the error and correct it you will be obligated to pay.",APPRAISAL
1645,"The moment you declare someone your girlfriend, her problems become your problems.

",APPRAISAL
1618,"Just change it to 1% going forward.  I mean....1% is nothing.  What's the problem with more going towards retirement?  I'm currently having 20% taken for my 401k, so it's not unheard of.",APPRAISAL
901,Bless you. I’d just pay the ticket. You made me laugh today so I appreciate you! ,ADVICE
1812,Get out of this relationship. You should have called an ambulance when she came down the stairs after cutting herself. Let the professionals handle it. ,ADVICE
1840,"Required debit card purchases keep me away from rewards checking accounts like that. You lose out on some of the consumer protections associated with credit cards unfortunately. For instance I'm pretty sure you can be held liable for the first $50 worth of fraud on your card, whereas credit cards have $0 liability for the cardholder. Question for you: Do you get reward points for debit card purchases, the way you would with a credit card?",APPRAISAL
717,"He isn't required to be in the apartment, even if he is on the lease.

He isn't required to pay anything for the apartment, even if he is on the lease.

From the landlord's perspective, all the money needs to be paid and it can come from either of you.

There is no ""half the bill owed by you half by him"" or whatever.

If such an agreement exists between you and him, then that's all it is.  It's a personal agreement that's not binding on anyone else except you two.

That doesn't mean such an agreement is not important, however.  If he agreed he would pay 500/m and he doesn't and because of that you agreed to pay your 500/m for some apartment AND you wouldn't have gotten the place if you knew up front by yourself THEN it could be argued in court that you experienced damages of 500/m due to his negligence.

That's exactly what has to happen if you want to recover those damages.  You will need to sue him in court.

Pretending you did that, what is probably going to happen is that he will not show up and you will win a judgement by default saying he needs to pay 500/m.

He, however, will be completely free to do absolutely none of that.

If he doesn't follow the court order, you would have to go back to court a second time and ask for the court to garnish his accounts to pay the debt the court order says he owes you.

Until that last thing happens, there is no guarantee that you see a dime out of him.

Even if that last thing happens, there is no guarantee that you see a dime out of him.  If he doesn't have any dimes, then the garnishment order won't do anything.

Presumably, if he is working in Massachusetts then he will have dimes, but if it is working at McDonalds in Massachusetts then maybe he still won't have any dimes.

Realistically, this whole process may be too onerous/costly for you to pursue.

If you just abandon the residence completely, your damages will likely be limited to at or below two months of rent plus your security deposit.  The landlord will be required to make a best effort attempt to rent the apartment to someone else (to limit their loss on the rental contract) and there will be a state statute that says a max length of time that they can attempt to charge rents for.  It is assumed if it takes them more than 2 or 3 months or something then they aren't really trying to find a new tenant.

The security deposit will be returned to you UNLESS you caused excess wear and tear above and beyond ""normal"".  There is a length of time carpets are good for and if it's brand new carpet and it's all screwed up then you will have to pay the carpet replacement costs or whatever until your entire security deposit.

If the landlord's damages are greater than your security deposit, they may or may not attempt to sue you in court to recover the additional damages.  I haven't actually heard of that occurring in practice.

Generally speaking, as long as you documented the condition of the living space and you can prove there is no above average wear and tear then the landlord will be required to give you back the entire security deposit.

Hopefully, for your sake, you didn't smoke in the apartment or have pets go around peeing in the apartment or anything like that.

If the landlord wants to return the security department in part or in full, they are allowed to send it to either party on the rental agreement at their discretion.  They are not required to split it into two different checks or anything like that.  That means he could give the entire amount to your roommate and his liability is completely released.

That could again put you in the above position where you have to go to court to sue for money you are owed (twice).

You may start getting used to the idea now that you could potentially experience some loss on this one.

If you abandon the apartment and he stays, then the roommate could also sue you to recover damages from you leaving similar to the above.

Really, there are not a lot of good options here if you can't work it out as people.  I would really try to work this out in a friendly manner as people if I were you.

Maybe your best option is trying to move another person in and get the roommate to move out, then you have somebody else in there that's ready and willing to pay their share or something.",ADVICE
14,My guess too. BV is the only vag infection I've seen doctors reel back from on reality TV due to the smell. The fish smell is a give away. A colleague had it and you could smell it after she had been to the loo. I'd describe it as 'a kipper dipped in piss'. Luckily you can get meds over the counter (in the UK) Canestan do an at home test kit for it. ,APPRAISAL
811,"Sure, but no one required that you divorce all officers. Someone can do something bad and still have qualities that make you want to be with them.",ANECDOTE
82,"Cortisol will kill you. Its constantly released by your vody, and only really suppressed by the hormones released when you feel that super comfortable, fuzzy feeling inside. 

Since most people cant find a new love interest every day, buy a new mansion, or hit a new career goal, the easiest way to up your endorphins is to laugh. Find some youtibe videos or stand up routines you havent seen, and laugh every day. ",ADVICE
710,"  

You are a great wife I would say and you should keep praising him as it works for you. Men love blowjob and they would do most of the things to get it so he is not alone. Your outcome is great and positive so you won this situation and you should be thankful to yourself that such thought came in your mind to make things better between you two. ",APPRAISAL
1275,I've done the four-hour roundtrip and that shit *sucks*. You will hate everything and everyone and the money won't be worth it.,ANECDOTE
353,"Here's what you should do, if you ask me. 

Put everything in a savings account. Like Capital One or Ally or something. 

Get a job, preferably one that offers a 401k. But that might be tough to find. 

Put 100% of your paycheck into your 401k, up to the limit. Put $6000 into a Roth IRA every year. 

Spend your money normally, but responsibly. College, books, some cheap entertainment. 

If you do this successfully through college, you'll leave college with (maybe) about $100k in your retirement savings. With a little luck, you could have your first half million by the time you're 35. You could be a millionaire at 40. You could retire bigly at 55 with no problem. 

The point is, you're starting way ahead of the game. Think about your life goals. Allocate your money according to goals. Don't figure out how to allocate your money first and then do goals later. 

Good luck. 

",ADVICE
1576,"> Christians 

I'm a Christian and I'd agree with most of what's written here in terms of handling him: run.  No, he doesn't and this seems really toxic.",APPRAISAL
674,"Where are the boys' fathers?

Collect documentation

Then call child protective services

My ex was an ER pediatrician, she saw cases of this a lot, where she felt like a very young child was being pressured to be transgender.  ",ADVICE
1168,Emotions are transient. You're at the bottom now.,APPRAISAL
772,Yes. But don't let them hoodwink you. They need to pay you when you're working. ,ADVICE
1857,I don't believe you've been an ass. Quite contrarily i just believe you're trying to help me out,APPRAISAL
1978,You're worth more than her! Time to end it. If anything you're underreacting.,APPRAISAL
1930,"Yconic is decent for the USA and Canada, large selection, fairly easy to use, and searchable/sort-able.
Remember it can't hurt to apply for anything and everything, not just things that fit best for you.",APPRAISAL
191,"Do you love her? Do you find her attractive? I’m not sure why she lied about her age. Probably because she didn’t think she’d get as much male attention as an older woman. I don’t know. I think you need to discuss the issue with her and you need to decide whether her deception is a deal breaker for you. For me, I don’t think it makes sense to throw away a good relationship over this, but I don’t know the whole situation. ",ANECDOTE
971,"I'm afraid that she doesn't think she needs help, so she will never want it. I have offered to take her to AA, to drive her and keep her accountable, but she refuses. I even went to AA meetings without her to gain insight to how alcoholics feel and what their struggle is like, but it didn't really help. I already know all of it by being so deeply entangled in it. And like I said, she doesn't really give a damn that she drinks and it hurts her family, because she either forgets it (she does get heavily intoxicated, so it's possible) or she's so far in denial she is convinced she could never be the problem and everyone else is making her life horrible (most plausible, imo).

I've suggested this before, and I think I will again. She wastes a shitload of his money because she's a chain smoker (almost 2 packs a day), alcohol (gallon bottle of Jose Cuervo a week) as well as being epileptic (her medicine is expensive as hell, despite insurance). In addition to all that, she's constantly falling or getting injured some other way when she's intoxicated and we have to end up taking her to the hospital for broken bones or other stupid shit.

Thank you, though. I'll definitely try to talk to my dad more about seeing a lawyer.",ANECDOTE
164,"Cuddle up to her, read her body language, and if she seems into it go in for a kiss. If she’s leaning away from you, back off. If her body language is unclear, use your words. ",ADVICE
1150,"I don't think he is much of the issue. It looks more like the major issue is that you haven't cultivated enough self-esteem to communicate with any partner in a non-reactive way. You are hyper-sensitive, by your own admission, because you think that every action outside yourself means something about you and your worth as a person. 

You need to break up with him, not because of anything he's doing, but so that you can start to build real self-esteem and solid knowledge of your inherent worth so that the actions of others won't really matter to how you view yourself. And instead of being hurt all the time, you'll simply be curious about the perspective of the other. 

Your dream of some magic man who will make you feel at ease and comforted and validated all the time is a terrible idea. You need to be able to validate yourself. Can you find partners who you feel more at ease with? Certainly. But every partner is a human, and they won't do whatever it is makes you feel at ease (this is particular to you, it is not some universal good boyfriend quality) at all times.  

Also you say ""  I’m probably the only person who does this. "" No. This is very very common in m/f relationships with someone who has developed your particular defense mechanism. 

&#x200B;",ADVICE
1126,"Thank you, I'll definitely take those precautions.  As for the company, we don't really have a manual...",APPRAISAL
379,Maybe you're not interested in what you're studying. ,APPRAISAL
887,I mean once we start talking she talks a lot and it kinda seems she likes talking to me and that's what confuses me. ,ANECDOTE
641,"my goals are to max 2, 401k's $19k each between my wife and I and max two roth IRAs $6000 each for a total of $50k invested for 2019. Made a nice profit off the sale of our house, so it may be possible for us",ANECDOTE
1761,That's so great to hear! I hope it works out for you. I'm sure it's nice that you'll be able to bring your dog along too. I hear you on playing the hand you've been dealt with in life. It's just how things work out sometimes. ,EMOTIONAL_SUPPORT
266,"Fight it. Ask them for all documents, also check credit Karma, Experian and other credit report sites to see what accounts are open under his name/SSN and you can go from there. Do not settle also collections usually go away after about 10 years. Good luck ",ADVICE
25,"Basic title insurance does typically only protect the title, it depends on what type and which extras OP might have bought into or bundled under the title insurance policy. Insurance is insurance, there usually are plenty of bells and whistles offered that a person might never need or have to add on if wanted (like how renters insurance have multiple types of 'flood' policies you need to get separately or they might have electronics insurance as a separate charge.)",WARNING
638,It's not your job to fix your girlfriend. You can support her in her efforts to get better. Encourage her to get therapy. Maybe you both could visit a therapist together. ,ADVICE
1858,"Her demand isn't completely unreasonable, neither is yours. A compromise could be agreeing to have a long engagement. Maybe get engaged, move in together but don't actually begin the wedding planning until after a year or so? It's not unheard of and it would give you some time to feel out how you two do together. ",APPRAISAL
523,They don't need to have. The majority of people making these decisions came up through the ranks during tm times when you could abuse employees. People are getting wiser to the fact that they're in demand now and employers are having a harder time finding people willing to work for so little. ,APPRAISAL
237,"Yeah,  I understand and didn't mean to put you down. Just wanted to illustrate that damn,  this is an unfortunate intrusive thought that could have some really big consequences. I hope you are seeing someone to help you work through this. ",WARNING
972,If it satisfies what you look for in a job then go for it. Should not be scared of trying.,ADVICE
1772,"What you're feeling is not about her, it's about you and how your ego got hurt, maybe you should talk to a therapist,  this posessivness is not healthy and it will find ways to manifest itself in future relationships and ruin things. Adressing it sooner rather than later will benefit in the long run. Good luck!",ADVICE
571,"The girl who was the same age isn't a problem. The girl who was 5 years younger than you would be an issue.

For the older girl it was obviously teenage experimentation.

What is the relationship between the 2 girls that the 3 of you would hang out together?

How did she become involved in the interactions?

It's quite possible that if the younger girl reports it both you and the older girl would be looked at for sexually abusing her.

The fact that she's trying to use it as leverage to get money from you does discredit her.

Personally I would block her and move on.",ADVICE
476,These are really not legal issues. You are both grieving and need to deal with that. ,ADVICE
1575,Were you promised a bonus? A specific dollar amount?,APPRAISAL
297,"Yes, that's the best route. But just know that if your sister is the account owner, she controls the funds. So she has the power to change the investment, change the beneficiary, she could choose to withdraw the funds and pay the tax/penalty. ",WARNING
213,Therapy? Work with a professional? Talk it out with people? ,APPRAISAL
7,"Please write a review of this store online - if you got the guy's name include it in the review. 

This is unacceptable behavior in a comic book store - really any store. I know you didn't ask for this responsibility, but please help others avoid the same fate by saying something about it. ",ADVICE
1279,"I think if you've discussed this more than once and it sounds like she was very clear, then for now, it's reasonable to trust what she has said. If she makes a physical move that confuses you, it's appropriate to mention it at the time it occurs: ""Hey- this closeness feels a little different than just friends to me right now. I'm not saying no, I just want to be clear and upfront with you so you can adjust your boundaries according to what seems best to you."" Something like that--

Also, you have your own boundaries so if you're discomfitted by anything, it's ok to gently tell her: ""Roomie, this particular interaction feels a little on the intimate side to me. Let's adjust a little."" --you know, in your own words but gently.

Past that, you may find yourself wanting an intimate relationship with her and if that's the case, at some point you may feel it necessary to make that known. The result may be that you have to break off contact but it is possible that she'd be willing to continue your present relationship with the understanding that you will both slowly move toward intimacy.

I just wouldn't spend too much time trying to match up her words with her actions or doing detective work to figure out what she's feeling. So far, it is a more intimate relationship than tends to be typical between members of opposite sex, but if it feels nice and it's not causing you undue stress, then that's ok. If it begins to cause you some stress or you're really getting the mixed signals, it's better to alert her to the fact, and discuss an adjustment of boundaries for you both. ",ADVICE
734,"Probably not an idiot. But anybody who feels the need to say they're smart is never as smart as they say they are. 

That's sort of the crux, here isn't it? You've made up this narrative in which your value and self-worth is tied up with being seen as intelligent. It's an easy score when you're young. Some people are strong, some people are pretty, some people are smart. Find a strength and stick with it, which brings us to here and now. 

The thing is, when you actually possess intelligence and self-reflection, you start to realize that you were never quite as smart as you thought you were. Children under the age of 16 or so lack several organic structures in their brain which allow them to evaluate themselves properly. They overestimate- tremendously- and are then faced with the reality of who they really are later on in life. Like waking up from a dream of being awesome. Grim reality sets in. 

And that's where you are. Struggling in coming to terms with who you are and what value you bring to the world. What to do when this past you, this hyper-intelligent dream figure, doesn't exist today. And you being you, *remember* it. You remember being that smart, but when you think about it, try to recapture your thoughts, they skitter away. Because they weren't real. You only thought so at the time. Now that you are older, and have the tools to reason and analyze more deeply, the truth begins to seep in. 

You're smarter now than you ever were, but with new maturity came an understanding of your realistic limitations. You're not half as bright as you think you were, but there's a good chance, if you accept yourself, that you'll be smarter than you think you can be. 

Between me and you though, I'd encourage you to find other ways to find self-value. Learn a physical skill. Choose to be a good friend.  You don't need to prove how smart you are. To anyone. Ever. Just be a good guy. Use your talent and ability to be amazing at being *good*. 

Smart is just a kind of leverage, a way to do things more effectively. You still have to do the things. That's why focusing on being smart is inherently empty. It's only an ability- the value comes through what you do with it. The lives you affect. I would encourage you to find that balance. Stop thinking about thinking, and start doing. Get your hands dirty. Get your head out of the theoretical and into the real world. That's where you'll find meaning and purpose. Where you'll find a place to be. 

It's time to take that journey. I hope you find what you need. ",ADVICE
1468,"This is excellent advice. I would add though, ask you boyfriend to play the monster child role and rehearse your technique before going back. It will be hard to do, so try to practice first. ",ADVICE
32,"Tell him that by insisting on this, he is crossing emotional boundaries and that you want to see a counselor. If your marriage has any hope of working out, he needs to get over his ex and prioritize you and the baby. If not, at least the counselor can help you set up boundaries for your divorce. Best of luck. ",ADVICE
597,"She is young and pretty bull-headed AF (but not close-minded, just strong willed) lol. I love it about her, but goddam when the stubbornness mixes with emotions, fuck. ",ANECDOTE
969,">I could tell he wasn't as interested

How exactly?",EMOTIONAL_SUPPORT
35,A guy who does that has a lot of things to understand about life and himself. Don't bother being the one to do that journey with him :-/ ,APPRAISAL
892,"I'm 28, he's 39. I'm in Russia and he's in the UK. It's been two years of us being together, yet we met only twice in person.",EMOTIONAL_SUPPORT
645,He may also be able to serve time on the weekends or something. Idk. IANAL.,APPRAISAL
1771,Thank you so much for confirming what I have thought. I'm going to go ahead and make sure I'm covered for psychiatric and I'm going to go to therapy. ,APPRAISAL
873,"I didn't recommend divorce unless it's a last resort. That's why I said counseling first, and a trial seperation if it doesn't improve anything. If he sees she's serious about leaving of he doesn't mend his behaviour, maybe he'll be motivated to change. If even this doesn't motivate him to change though, nothing will. He just wants his life to be made easier at her expense. 

And if that's the case, then the kids will be better off if she leaves. If the main caregiver for the children is overstressed and undersupported then the kids won't be given the love and attention they deserve. If you think the kids are better off with a father, sons like he only sirens one day a week with them anyway so a similar custody arrangement wouldn't change much. ",APPRAISAL
1512,"It is perfectly understandable that you wanted to pass the NYE with your relatives, specially your sick grandmother. Just a very immature person would break up a relationship over this. Even his kids would understand that.",ADVICE
106,There are so many details! Burial or cremation? Open casket or closed? Who do you want to eulogize you? What cemetery do you want to use? What plot? What headstone? What casket or urn? What kind of memorial service do you want? Making those plans really took a toll on my wife. ,ANECDOTE
585,"Im 100% positive she isn’t cheating, I know her too well. Also theres no way she could with her parents as strict as they are",ANECDOTE
342,"That honestly sounds like a conversation your cousin has to have with her mom. If her mom tells you she feels like the way you talk about her other daughter is inappropriate, just apologize.",ADVICE
934,"The problem is they have no proof to say otherwise either. They have 100% assumed my status in all of this. 
",EMOTIONAL_SUPPORT
179,"All grade schools, colleges and universities (even the happiest well-funded public districts and the private schools) have their hierarchies and their politics, and it sounds like you're having a lot of trouble with the administrative and authority side of things.

Maybe a move out of the regular public lower grade-school education is the right direction, but I don't really have suggestions on where to go.  There are certainly other kinds of teaching, but they tend to not pay as well or come with benefits.  Some teachers thrive in vocational schools (you have 20 years in hospitality, maybe teach in a hospitality program?), some in after-school academies.

The problem with getting a master's degree is that you can be just as unhappy with one as without one, but then also stuck with the cost (or the loans).",WARNING
459,"So you are 17 and dating a 14 year old? That sounds wrong.

Even the general rule says she is too young:

(age/2)+7....its 15.5 years ",APPRAISAL
135,"I'd say that life isn't always fair and you have to learn to roll with the times when your time and efforts aren't rewarded appropriately.    It's aggravating, but it's character building to learn to accept an unfair decision.    ",ANECDOTE
1493,"Common interest & hobbies? 
Food?
Music, shows, movies?

Honestly... just let it flow. Be yourself. So cliche but normal human convos usually work that way. If it’s forced or not compatible then on to the next.",ADVICE
174,"Are you maxing out every financial aid/grant opportunity since you’re a single mom & in school? The whole point of those is to elevate you from the level you’re at now to self-sufficiency. Use those tools. There’s often child care on campus. 

Make sure you go to a legit school and not some 40k school for a CNA certificate. Community college, state school etc. look for grants for student housing, work programs everything. Talk to financial aid ppl. ",ADVICE
1563,"The more charitable interpretation is that the guy actually loved the woman, and he liked being reminded of her. Some people will call this ""emotional cheating"", but is it really cheating to have loved someone else?",APPRAISAL
381,"To be honest, if after four years, you're not ready to commit to your relationship, it's probably not a relationship. You have to decide to either take the risk and move there (if she can't move to you) or you probably should end the relationship. Most people in long distance relationships don't want to be long distance but it sounds like you have no issue with that, which isn't the best sign. 

It's about compromise. Move there for a bit and see how it goes and perhaps after she's finished her education, see if you can move somewhere more suitable. ",APPRAISAL
966,"Hey, we don't know if we are going to be busy. We will buy you dinner. But can you hang around a couple hours and you can clock in if we need you?  Thank you Red Robin for teaching me about wage theft.",ANECDOTE
1523,Thank you so much for this. I hope to become as accepting as you at some point :),EMOTIONAL_SUPPORT
1620,"Thank you! Definitely willing to spend money, do you think google would be a good domain host?",APPRAISAL
1838,You have plenty of time and these things should not be rushed if you aren't ready. Just be honest and say you are enjoying life at the stage you are at. Kids are a permanent fixture and you want to be emotionally and mentally ready when you eventually have them. You want give a 100% when you do have them not looking back saying you wish you did things differently. ,APPRAISAL
1033,"Couple therapy, maybe? Seems like you guys need a better quality of communication. Nothing will get solved if you fight every time you talk about it. If not, I'd cut my losses and move on. It doesn't sound like a happy, balanced, or positive relationship. Getting him to change in such a major way might be difficult or unlikely, especially if he's been living that way for a while.",WARNING
1919,"You aren’t overreacting. You saw it with your own eyes. Just think about how much of a hypocrite she is. You can’t even go to work functions where other women will be but she can tell a guy she met online about her entire sexual history. The line was crossed when she stayed up all night talking to him, and definitely when she told him she would date him. Just cut ties and move on. Have fun at your future work functions and find somebody that respects you.",APPRAISAL
1868,"It's just a low point in your life.  There will be better highs. 
Look up interview tips.  Dress smartly.  Be yourself.  Be casual and confident.  You'll get there; don't worry.",APPRAISAL
1089,"They are not megacities, but they are bigger than most in the US. You would probably have an easier time at either of those than in NYC. And yeah, some people still get famous, but for every one who does. there are tens of thousands who don't. Also, if you go into it with the goal of getting famous, you're going to have problems. Just go into it trying to make money doing what you love. I'm in a band in NYC, and there is very little money in it. All the musicians I know do something else as a career/job.",ADVICE
1852,"Do you mean ""complacent"" like ""keep the spark"" and the general desire to keep at it? ",APPRAISAL
593,Honestly just leave.  If he wants to change that has to come from him and nobody else and he’s clearly not ready to do that. ,ADVICE
1675,"Nothing. You're good-looking and doing well, you are already winning. Move on.

If you HAVE to say something, say ""you look..... *look her up and down with a disgusted look* different"". 

Will get the message across without being too cruel. It's really not nice to comment on someones weight.",ADVICE
97,Ok thanks. That makes me feel so much better. I scheduled the haircut for Saturday. Wish me luck! ,APPRAISAL
1597,There is hardly anything here reprimand-able. There is zero chance this person will get fired. Zero. Doing what you suggest will only have one outcome: OP being the one with zero chance at this company. ,APPRAISAL
1834,Should be able to talk to one without cost. Obviously for them to do work something would have to be worked out but many do free consultations. ,ADVICE
1628,"My job is like that too, but it pays well so I have no plans of changing jobs. Do you use a computer? If you do, there are plenty of things to do online to avoid boredom. Take a course, learn a language, browse reddit, read books online, the world is yours. If you don't use a computer, I'd take a book or something similar to work. They can't complain, since you're not procrastinating any work.",ADVICE
338,I think you’re right on durable. I have to check my own. I just know there is a POA for use after death.,WARNING
782,"Are you insured? What experience do you have? What references do you have? I pay my dog walker the amount we have agreed on based on the fact she's insured, is a qualified dog trainer, has several years experience, and excellent references from other clients, and this is her business and livelihood. She has an air conditioned van, and brings my dogs up the mountains or to the beach for a couple of hours. If I was getting my dogs walked by someone with none of these things, or the experience she has, or who was just going to bring them out locally, I would expect to pay significantly less. If you don't discuss payment in advance, I'd imagine it could be difficult to negotiate after the event, but if I were you I wouldn't try to set my prices at that of other dog walkers unless you're offering a comparable service.

EDITED words",APPRAISAL
1162,"Maybe don't SELL the property, but get a HELOC on it so you can pay for college? Then after graduating, you can begin to pay the heloc back and maybe hell have a change of heart by then and pay it off for you or at least help pay it off....


Also, why is this property in your name? That sounds fishy, if its in your name, it is YOUR property, not his so.... whats going on there?",ADVICE
762,If you're being looked at as a whole with shared finances then your combined debt to income improves. Your considerably higher salary more than offsets the small amount she pays in student loans and her car lease.,APPRAISAL
1039,"You don't have any real losses UNTIL you sell. If you sell now, you lock in the loss. Wait it out, and you'll be in a better position (than if you sold) for when things pick up again.

Edit: Say you bought 5 shares at $100 each. Sell them now at $90, and you get back $450. ""Wait until the market stabilizes again"" and rebuy, but the price now is $95 (mutual funds are priced and bought/sold once a day), so $475. You lost $25 over the same number of shares than if you just did nothing.

Also fixed a word.",ADVICE
768,"Fair enough.

Well in my opinion with a payment of 350 per month towards student loans it'll likely take greater than 5 years to pay off. If you plan to go back to school before then you will not pay off before going back to school. In that situation I would pay minimums on student loans and pay into the 401k up to max of what your company matches. Put whatever you can into savings to minimize taking out more loans. When in school put your loans into deferment but keep paying on them if you're still working. Then once you graduate put more towards your loans since you'll likely lose more there than you're offsetting in your 401k so you want to get rid of the debt to maximize what you can ultimately put towards your 401k later.",ADVICE
1677,"Sorry this happened to you. I feel compelled to note the following, though. 

I’ve had completely opposite experiences with BaM. Had my card skimmed more times than I can count. I lost count because it was such a trivial process. They call me or, in the rare event they don’t flag the fraudulent charge, I call in and say “I didn’t buy this.” Within days I have a new card and all charges removed. Like it’s that insignificant of a problem since BaM handles it so well. Sure updating CCN is annoying but those are the risks we take on by using credit. 

I’m not a pro- BaM guy or anything. I just see a lot of people here shit on big banks and advocate credit unions. I don’t know anything about credit unions, but I’ve had BaM for 10+ years and not once have I had a single issue with their banking services. ",ADVICE
291,"Right, that was my initial thought as well, but she was troubled either way. Thank you! ",ANECDOTE
1011,The sooner you get out the better you'll be. If he is lazy and completely unmotivated that doesn't usually get better just because you are doing better. Leave and tell him to straighten up if he wants you back. Save yourself years of heartache. ,ADVICE
1544,"yeah, as much as i shouldn't do it to myself, i'm fine to go through a lil bit of discomfort if needed. i've been advised to scream into a pillow for a bit, but so far not much in the way of results have been achieved :/",ANECDOTE
160,"Ditch this dick. You can do loads better. I promise you, 100%.",ANECDOTE
1096,"Here's the real problem: Both of you are under 25yr and are acting like the children you are, no offense. Your young and both of you want your way and your way only, even if it amounts to enjoying being in disagreement. You made a new life and want to give the child everything you have and more...oh wait, that's not what either of you want because you had rather raise a child as a single parent like a moron. Do the right thing, get a book of names, right down three of your favorites, then get a 6 sided die and number the 3 names with 2 of the 6 numbers without replicating. Then roll the dice once to narrow it to two names. Then label one name heads and the other tails and flip a coin. There's your name, by chance. Chance being the point. It's by chance you two were healthy and lucky enough to find each other and make a healthy baby. It's by chance you fell in love and got married. So give your child a chance and come together and just realize that sometimes neither of you will always get what you want in life, something you're goning to have to explain to your child if you don't raise him/her together. Good luck!",ADVICE
1205,"No, that's not what I said at all. Rounding is legal, but if 5 minutes early (7:55) rounds up (8:00), 10 minutes late (4:40) needs to round up to (4:45). So yes, you have a valid wage claim for 15 minutes, which you can choose to file. Your employer is rounding incorrectly. ",APPRAISAL
425,That's probably a good idea. Even leaving out his past is it possible that they'll put him on a list?,APPRAISAL
1183,"No doubt, I need therapy. He and I also had the conversation about how choosing to photograph models who look like they have an eating disorder (whether they do or not) can be damaging and also perpetuate a beauty standard that makes women everywhere, myself included, feel like they need to fit in that box. And I stand by that.

However, I understand that regardless of whatever tf anyone else is doing, him or the next guy, I shouldn’t be so affected by it or see it as a reflection of who I am as a person. It’s hard when logically I know these things, but my emotions are pushing me in the exact opposite direction. 

Before he shot that model, we never talked about my insecurities. I genuinely felt like physically I was a catch for him. I regret the way I handled it and some of the crazy shit I said for sure. I’m just still struggling to find that line between what would be him letting me know I’m desirable to him and him encouraging my opinion that my appearance is as important as it feels right now. ",ANECDOTE
121,"Yes, she's agreeing to the divorce and will cooperate on everything. Thanks for the information, I did not know the embassy could be a legal notary for situations like this. ",ANECDOTE
314,"Happy to help! I know it's futile to even say this, but try not to overthink it. The execution doesn't really matter. He's either open to it or not right now. If you frame it one way versus another, it's not going to really change his answer. Therefore just throw it out quick and casual.",ADVICE
1178,"If not counseling, what about antidepressants?",ADVICE
130,Maybe you can get your work to pay or help for grad school? Personally that's the only way I'd go back to school. ,ANECDOTE
1762,Save the travel for after you have financial security.  It's time to be responsible and grind for your future.,APPRAISAL
356,"Practically, stick with your major. But humans aren't practical! Ask yourself if you can take another 70 years of this, cause that's what you're going to have to do. If you're depressed now, thats not going to change until you eliminate what's upsetting you. 3 years isn't much waste, but if youre unhappy with this major right now, you're going to feel 5 times as bad in 15 years, and 15 years is a big waste. Better to do what you desire now than not have the choice to follow your passion when youre 40 and supporting 3 kids.

I wont however try and tell you what to do, aside from telling you you should definitely see the uni careers counselor. And tell you in my country theres a thing where you can transfer your credits from one degree to another. Since youve done some music subjects, that might be a useful way to cut down on some uni years.
",ADVICE
515,"I'm confused at what would be causing it to smell so much worse in your apartment versus your parents house. I have carpet, electric heaters, no a/c... the litter box isn't a problem as long as it's scooped daily and if the air is feeling a little stifling, I just open a window for a while. Could it just be the size of the room/house or something? 

Have you considered trying different kinds of litter to see if you can find one that masks the smell better? I just use unscented Arm & Hammer myself (the scented stuff can be really overpowering, I wouldn't use that), but my mom really loves the pine/cedar varieties. ",ADVICE
1247,"Some hit the nail on the head, she's seeing someone. I'd follow her and find out more about it. This way you can confront her while she's fucking up. Cause your dad's gonna get hurt the most. And if he is the nice guy, do it all for their woman type then he will forgive her and continue to care for her while she gets more and more unhappy and treats him like shit.",ADVICE
1056,"That is what I currently do and it seems to work, I just wanted to see what other methods people were using.

&#x200B;

As a side note I have always had trouble maintain a good ""gifts"" goal/budget since the need fluctuates so much during the year. (3 birthdays in June, an anniversary and Christmas in December, etc.) But maybe I need to do some more algebra and figure it out.",ANECDOTE
482,"Wow thank you so much. Yes, I’m stuck, but I will work on this. Thank you I have heard similar things along these lines too in regards to emotional abuse. But your first statement of something they are even unconscious about their manipulation and how it’s normal to them was key. Because I have been having a hard time trying to figure out if that was the case or not. Like figure out if he’s being serious in changing. Which he has been for about the past 2 months. He truly shows signs of change from what it was at least before. But I also read how to read in the patterns of my emotions and feelings through your the whole relationship. In general I was always sad. Energy was drained. 

He says he fights for us because of my heart. I told him “I don’t get it. You’re a good looking man. You shown me women you have been with and women you were interested in. I could never be them! Here I am a single mother who I feel I’m pretty basic-looking compared to these instagram models that he likes and they apparently like him too. Not saying I’m not a catch either, but I really don’t got it like them.

Anyway, bottom line is I felt we had more bad times than good. And I came back probably (literally move out than in) 4 times.  That’s damaging. And he tells me to stop using the past. But I can’t help it! Am I going crazy?! No I just need to put my foot down right? 

I also think I don’t have a good support network. Like I need constant in-person positive feedback. And it’s hard when I was trying to heal from him and get my act together, I went back to my parents, and that they’re not uplifting or positive people. My mother herself is a toxic person. I feel like I’m so desperate for positive interaction. And yes my daughter (3) is, but when I get those moments of happiness with her, I constantly have my family on my back on how to be a mother or hovering over me if I done something for her. 

So do I go cold turkey on him with no contact? Write a letter? Prove to him our relationship is unhealthy and expose him to himself with articles about his abuse to validate my emotions? 

It’s Jan 1st and be leaves at the end of the month. He already bought mine and my daughters tickets. And I know it’s also not fair for me to be on the fence. But I feel like I’m under so much pressure. ",ANECDOTE
232,Do you know how much having a professional do this should cost?,ANECDOTE
968,Do we take it one step at a time?? ,EMOTIONAL_SUPPORT
210,"> I was laid off December 20th so I currently have no income

Then why even mention the first paragraph at all? It literally has zero bearing now on this conversation.

> I don't go back to work until at least April

No. You go back to work now. Like literally right now. Start looking for another job yesterday. Literally anything.

> If I can't find work I may have to go on welfare, and I'm too proud to do that after sustaining myself from 18 into my early 20's.

If Welfare is an option, then you should have gone on that in December. You're stressing yourself and your girlfriend out because of pride, when your country is gracious enough to offer you this safety net? That's silly.

You have your two options. Get a job yesterday, regardless of whether it's construction or sweeping the street and get on welfare until you do get that job ASAP.",ADVICE
1373,Just realize that when you break up with her she is going to come running back in less than 3 months when it crashes and burns with this other guy and she realizes what she messed up.. ,APPRAISAL
132,"Okay. What I don’t understand, even though you love your parents, is why your big concern is telling them? If they were amazing parents, and I’m sure they are, they would be okay with it eventually. So you have to decide. Are you willing to get into a slight argument or have a little small trouble with your parents so you can be with/ support the person you love? Because I think you need to get some priorities straight. ",APPRAISAL
987,"To be honest, I find it a bit worrying that you and your wife started dating when she was almost double your age, combined with that you were a minor at the time, did not have another relationship before. The difference between you and her daughter is less than the difference between you and herself. I mean, 14 years is a huge amount of time when you're only 16...

While this is fine now if you love each other, I do really suggest you seek professional help to sort things out, ASAP.",ADVICE
1588,I should probably get tested for STDs to make sure I already don’t have the plague. ,ADVICE
193,"Sounds more like there was a fluke in the software.
Have you looked into this possibility?",APPRAISAL
1152,"IMO it’s better to do it on your own time or your job’s time than school’s time. 
* Employers are required to give you the time off for jury duty.
* Jurors are paid for jury duty if they don’t have a job that’s paying you, $50/day for federal, I’m not sure the amount for state. 
* Schools are not required to excuse you for jury duty, so you will be marked absent and still have to complete any assignments. 

[Source](https://www.pamd.uscourts.gov/jury-faqs) 

Also, sometimes if you defer, they just drop you. This is what happened to me in college. ",ANECDOTE
553,"I would let him know before the trip that you know about the sexting and you want to see a counsellor when you get back. 

Set that up whilst he’s away. 

Be VERY honest. Your marriage is only going to survive if he agrees to stop, actually does, and you can keep on trusting him. You need to say exactly what you want from him to be able to trust him. And vice versa. Open communication is so key in this situation. ",ADVICE
537,"> A great example of the risk of using debit cards instead of credit cards

To add on to this: we have two bank accounts. One that has no debit card attached to it at all. The first is where most of our liquid money is. The second we use to transfer money to only when we're about to take it out form an ATM. It typically never has more than $100 in it.

We almost always use credit cards cause points, but this strategy helps to limit our liability especially when we're traveling in places where cash is more customary.",ANECDOTE
1929,"Thanks for the advice, I’ll check when it comes in. I have my 401k to max in 2019 but wanted the Dec 31st paycheck to count towards 2018 to maximize my total contributions, as I was not able to max my 401k in 2018.",ANECDOTE
1124,"Make your own life easiest. If you tell him, you could lose your job and get your ass kicked. If you don’t tell him you’ll save yourself time, money and your health. She will get caught out eventually. ",WARNING
1705,"If you’re a non-smoker in decent health/weight, you can probably get a $250K 20yr term life policy for the same monthly cost. If you’re not in great health, it may be your best option to keep this current policy in place. In any case, if you don’t have a large sum of money stashed away or invested, and have people who rely on your income to survive, you should have some form of life insurance.",ADVICE
1855,In New York whether or not you would be entitled to payout of accrued PTO upon separation would depend on the terms of the company’s PTO policy.,APPRAISAL
1952,"You can report to police for harrassment, and I'm also pretty sure that there is a crime about telling someone to end their own life.",ADVICE
957,"I’m seeing a few red flags here... The reason they strike me as red flags is that they point to the direction of him using sex as an attempt to win you back. 

1. He’s agreeing to casual sex on the condition you don’t see other guys. If he genuinely isn’t trying to rekindle a relationship with you, why would he care who you are involved with?

2. He’s pulled up receipts of your bumble account. Again, who you date should not be his business if he is not interested in dating you. He can’t have his cake, and eat it too.

Honestly, this seems like too much drama for a “no strings attached” dynamic. I get that you want to have casual sex, and that it would be easier with someone who you’re already comfortable with and who already knows your body, but this seems like it’s going to require a lot of emotional labor. If you genuinely do not want to rekindle your relationship, it would be healthier  to find a friend with benefits from elsewhere.
",ADVICE
451,"As everyone has already said, you need to work more.

Also, if possible, you should lower the interest you're paying on that debt.  It is often possible to get a credit card with 0% interest for 6 months and transfer the balance onto the new card.  So you do that repeatedly if necessary.",ADVICE
1649,">  you're the one  who wanted the inspection you're the one obligated to pay. Did you think you only had to pay if it turned out the car was in great shape? 

Of course not. I had every intention to pay regardless of the results. However because this dealer was shady and misrepresented the vehicle they have wasted their time, my time, and seemingly my money. I was just curious if I could turn their shady tactics around on them. ",ADVICE
778,"That is confusing. Either way, she plays mind games and people like that are kind of toxic. Good thing you're starting the new year without her. ",APPRAISAL
310,"By the way if the dryer was stated as an appliance in the lease, she has a legal obligation to fix it.  It's part of a signed document and must be provided.  Otherwise, she's breaking the contract on the lease and you can file a legal complaint.  Her choices are fix it, or get you to sign a new lease.  Given that it's not expired, you would both need to agree to change the lease (which you shouldn't do unless she decreases the rent)",ADVICE
1194,"Confidence is really important, if you are relaxed and seem to give off an air of knowing what you are doing, students respect that. ",ANECDOTE
301,"Or you could dodge the question by stating that you're not switching jobs for a raise but for other reasons. Change in scenery, new challenges, moving, etc...

Thus implying that you're already earning in the range you've specified as your expectations.",ADVICE
1454,"> My lawyer is clearly on friendly terms with the court and the officers and seems to want to please them.

These people spend day in and day out with each other. Of course, they are friendly. With that being said, your lawyer is duty-bound to act in your best interest. If they are recommending pleaing, I would listen to them. No one here is going to disagree with an actual lawyer. 

Also, keep in mind that the prosecution will often settle for far less than they expect to get if the case went to trial, to avoid seeing a million DUI's clogging up the court system. For this reason, I hazard to guess that the plea is probably in your best interest. 

With that being said, the ultimate choice is up to you. If this is the hill you want to die on, that is your right. I suspect the lawyer is suggesting a plea as it'll likely cost you more to fight it (with a lawyer) then the plea. ",ADVICE
1826,"Does your ex know about your rape now?   If not, you should definitely tell him and explain how that has been affecting you.",ADVICE
1304,"I would, but he's always in his room. 
Maybe putting it all in front of his door?
And I was thinking about bringing it up to management. What could they do though?",ANECDOTE
1531,"It wouldn’t bother me. You’re not giving her the old ring... that would be questionable. And you’re even thinking of getting something that looks different, and is better. Do you have to tell her you are trading the ring in? There’s no point in holding unto the ring. And if this is the best way to get more value out of the ring, why not? ",ADVICE
394,"The holiday was entirely to take Her away on Her bday, Something new and surprising that we both could enjoy. Previously I have spent a lot of money on spa's and expensive jewelry on Her bday (I promise, I am not made of money). 

&#x200B;

Don't get me started on Her insecurities, Your opening a whole host of drama from me let alone Her. Let's just say I've had to deal with this particular topic ever since we got together. It's becoming tiring and exhausting to constantly have to reassure Her and explain things in detail that I would generally expect someone with a level of common sense to understand. I have to make myself so clear that even a Child could understand. 

&#x200B;

You may or someone may questions whether I actually love this Woman based on my comments but in our good moments and bad moments we never threaten to leave each other, leave, cheat etc... We just have quite a lot of domestics that I want an end too. ",ANECDOTE
1450,"Oh, I’m sorry to hear about that :(
As far as our conversation went, I told him about my concerns and asked if he wanted to go on a break. He said no, he definitely wants to keep dating, and that he’s sorry things have been weird lately. I’m not 100% satisfied with how it went, but I’m gonna see how things feel over the next week and act from there.",ANECDOTE
194,"I mean the answer seems pretty obvious. She doesn’t seem to care about your feelings as a person or friend...seeing as it sounds like the “Hey, hows it going?” Text never comes in.
You pointed how even after you texted her to have a conversation she sucked in responding.

My advice if you want her attention, just stop helping her. If she comes to you looking for help, just politely decline or say your busy out with friends and you’ll get back to her when you can. Don’t make yourself so available to her, your time is precious and you could be focusing that time with someone else.

I’m gathering you like her and this is why it’s an issue. Yet you gotta ask yourself at the same time, if she changes only due to the fact that you’re cutting her off from the norm...will it be worth it or will you just be falling down the same spiral eventually.",ADVICE
311,I don't feel I'm out of place but her not giving me any sort of reason to question her I don't want to come off as controlling or lack of confidence. I just don't understand her want to hold on to the past which she claims was horrible. I think a big part of why I question things is she's more of a lurker on FB and there's really no acknowledgement of me on there. She did put she was in a relationship as her status but didn't tag me In it. I'm not one to base everything off social media but I've dated people in the past that had exes as friends but I didn't even think about it because they acknowledged our relationship on Facebook which made me feel comfortable with that.  Thank you for your advice. ,ANECDOTE
1203,"Thanks for your feedback.  I definitly see how the wording of the question objectified women.  I apologize, I'm just a little frustrated by my plight.  
    If I were to experience a deep relationship with a women I desired and she had the same mutual feelings, I would look at it as one of the greatest gifts God could give.  I would feel a dept of gratitude first to this women and second to her Creator.  
  I don't think I'm alone as a man by looking at a women as the greatest reward life has to offer, looking at her as the crown of creation, to be adored not objectified.  A women is to be prized but not in the sense of placing her on your mantel but in experiencing her. I hope I could thank her for this by treating her as she would like to be treated.",ANECDOTE
789,"You’re state may have a no fault fund. Speak to the ambulance service and find out what they need for this to go away. They may just need your auto insurance info to pay the bill. 

Also, you did not just refuse and sign. You signed a waiver that said they wanted to treat you and transport you and you refused. Also, did you consent to be evaluated? What information did you provide to them.

Edit your original post with as much detail as possible. ",ADVICE
149,"Yes, you can. And while I agree with the OP that VTSAX is a very very above average choice, I'd mention that there are comparables with Fidelity or Schwab. Fidelity's even has zero expense ratio, instead of 0.04%.

As for the other question, I would not take a bond on a company at 3%, since the US federal government can offer a similar return and is significantly less likely to go bankrupt. But I would not be taking bonds period if you are not nearing retirement (though there are more attractive than the mentioned), I would be buying companies. Thus my agreement with the OP as far as u/all_in_VTSAX. I'm sorry, where did that u/ come from?",ADVICE
510,"Also, even though it isn’t an STD it can come from having sex with a new or multiple partners. The fact that she’s denying the issue combined with it starting after she came back from a trip without you is pretty suspicious.",WARNING
420,"I can go back anytime but looking passed the ""now"" and into the future, selling real estate and flipping houses is the way to go. Just a lot to learn at the beginning and it was a slow turn up. I'm fully vested in this, but this is a long term goal that won't see the financial fruition right away. ",ANECDOTE
150,"We don't have enough details on this specific case but I can imagine in certain cases a prosecutor could argue conspiracy, aiding and abetting, and/or complicity against the seller if they sold it to a woman who explicitly stated they were using it to get money from men, or even offering to split the profits. ",WARNING
1987,"If you change it your 401k would just have pretax and post tax money in it, unless you call whatever institution you have it with and ask if your plan offers a“Roth in-plan conversion” which would tax the money and make it 100% Roth, but the plan administrator offering that option is relatively rare. 

You can’t change the investment structure for a portion of the money. You would just see the difference on whatever page shows you the contribution sources. It’s all one 401k. They’re not separated for anything except tax purposes. ",ADVICE
17,"Moving in with someone will completely change how you see them as a person. You have to deal with their individual ""things"" and it can drive you crazy. You don't really get a ton of away time from them, and hanging out all the time can get old. 

I'm not saying this will happen, but that's just something to keep in mind. 

If I'm understanding you correctly, the other girl is the one you used to have a crush on? People change overtime. She may not be the exact same person as she was then, and perhaps things about your personality have changed too.",WARNING
1584,"My advice to you is leave her ASAP!
Don’t tell her why, no explanation no reasoning and go full no contact with her.

Then you do your best to move on and realize you dodged a huge bullet in the form of a dishonest disloyal pos. 

Focus on yourself now and making yourself a better person.

Good luck and I’m sorry this happened to you but this person is garbage and doesn’t deserve you...",ADVICE
1326,"that you liked her so much that you thought if you said 23...she'd not give you the time of day & you didn't realize you'd feel so strongly for her so quickly

and say, ""please forgive me & I'll never lie to you again""",APPRAISAL
1372,"You can't let someone else insecurities dictate the relationship.  Tell her this is her problem to deal with, not yours.  And when she is ready to move forward, you'll be waiting.",ADVICE
1680,"Really depends on your liquid assets, lifestyle, and other financial obligations. 

Example, if you don't own a car and bike everywhere you can obviously afford more house than if you owned three new cars \[you are paying up the ass to insure them all...\] and drove 40 miles one way to work.

Someone without the additional expense of kids can afford more house than someone who has 5 kids. 

Rules of thumb don't apply to everyone, obviously.",APPRAISAL
1177,He seems to be purposefully stringing you along. For the sake of your heart and well being I would start separating yourself from him.  ,ADVICE
1700,"You do have to get out of this relationship, however.  This is not how a normal relationship should be and he'll chew you up because of the stress.",APPRAISAL
539,"When you find yourself becoming paranoid about something small (like your SO not returning a text), acknowledge the thought (""I'm worried because she didn't return a text and my ex used to do that a lot""), reassure yourself (""This isn't SO being manipulative because she isn't like that""), and then move on.  It won't get rid of the thoughts entirely, but it might help reduce them.  The important thing is to not beat yourself up when you're being paranoid.  You can't will your mind into submission.  You can only realize why you're thinking this way, why it's not true, and move on.",ADVICE
1550,I think something to consider is. What if your friend finds an SO and kind of disappears. It happens and would you be OK with that?,ANECDOTE
632,"abortion is off the table? well, my primary advice would be to get an abortion regardless. 


if you somehow really can't...then leave. it's selfish but stupid for you to essentially devote a major part of your life to the care of a kid that isn't even yours. 18 years old with a kid (even if it isn't yours) is absolutely awful. ",ADVICE
660,"Thank you for the response! I definitely wasn't going to bring up the remains unless asked, and maybe not even then. 

A mutual friend has said that it wouldn't hurt to say something, so if it does happen I'll probably keep it short; thank you so much for providing an example for what to say in regard to the Doctor aspect, it's helped immensely! ",ANECDOTE
1648,Being a doctor at an abortion clinic is dangerous.  People get killed for that sadly,WARNING
973,"Unfortunately cheaper does not exist, these are already the lowest in the area that isn't entirely unsafe. The student loan / car payments are priority one for me once I'm settled, but I'd like to keep 6 months expenses saved just in case I were to lose my job / struggle to find a new one, although I highly doubt it would take nearly 6 month to do so, it's more of a mental security thing.",ANECDOTE
568,"On top of that it sounds like she failed to actually claim responsibility over her actions. I feel like this would have been permissible the first time— but twice and it wasn’t her fault either time?

At least shes offering to move forward but she definitely needs to come to terms with admitting she was at fault..?
Sorry if I’m not understanding the situation fully and victim blaming but that’s what I’m hearing

She also has no problem lying to you, which is concerning.",APPRAISAL
1558,He will know if I take the phone. Can I anonymously inform them? ,APPRAISAL
1058,"Look for another job, even if it doesn't pay as much. Trim your lifestyle, cut into emergency savings- that's what they're for.",ADVICE
1406,Okay thank you for the advice! I think I'll spend the next couple of days writing them,ANECDOTE
1242,"OP, what state are you in? Do you have friends that can help you? I'd seriously suggest avoiding your family at all costs. ",ADVICE
452,"You've done all that you can and it sounds like the cogs are working in the system and it does seem like he's starting to get dissuaded. Just stay on alert and keep the police in the loop of anything new. Possibly even get a home surveillance system so you can review the footage when you're not home?

I am so sorry you have to deal with that...People are incredibly fucked up",EMOTIONAL_SUPPORT
1215,"> Do I put in into mutual funds, index funds, self managed stocks, passive or actively managed funds, bonds (i dont see the point in bonds as the money wont affect our ability to survive financially if we lose it).

Several of those are the same thing, of course.  If you put the money into a 2030 target date fund, it would cover many of those categories.  

https://investor.vanguard.com/mutual-funds/profile/VTHRX",ANECDOTE
1685,"The other answers kind of covered your question.  To be 100% sure, you need to ask the plan provider if this is an ""HSA-qualified"" plan.  Based on the info you provide, I'd say it's 99% likely to be HSA-qualified.

Other than employer-matched retirement plan contributions, HSA contributions are the best long-term savings vehicle available, so yes, you should contribute if you're eligible.  If your employer's payroll allows for it, you really want HSA contributions to occur via payroll deduction to ensure you get the full triple-tax deductibility (federal, state (if applicable), and FICA).  If you fund your own account out of pocket, you won't benefit from the FICA-deduction.

[This article](https://www.onefpa.org/journal/Pages/JAN16-Could-a-Health-Savings-Account-Be-Better-than-an-Employer-Matched-401(k).aspx) covers very well the numerous advantages of HSA usage.

&#x200B;",ADVICE
628,"One thing to know- interfering in other people's relationships tends to end badly.  I think you know this, though, or you wouldn't be asking here.  All you can do for her is support her and hope that she figures it out.  That being said, read up about emotional abuse ([Here's a link](http://psychcentral.com/blog/archives/2013/02/20/signs-of-emotional-abuse/) to get you started).  If her relationship looks like *that*, then it's more than just a bad relationship, and you might want to send her some information and see if she comes to the same conclusion.",ADVICE
202,Your success story is inspiring good for you man!,APPRAISAL
853,"You can usually choose to meet them at your home, office, or at one of their approved body shops. I took my Subaru to their approved shop, they faxed in the estimate, and I had a check 4 days later. Preferred shops partnered with large insurance companies are usually pretty good, the insurance company won't associate with a body shop that does shoddy work.",ANECDOTE
1174,"> Legally, what can I do to rat this guy out?

Encourage his victims to report his crimes.

No law enforcement officer takes an unsolicited email from a non-involved third party alleging a crime seriously.",ADVICE
834,"You are overthinking things. If you go into the bedroom with your partner and things will start to get dirty, you should just say that you have never done this before. Nobody would laugh at you and leave. In case they do laugh at you, you shouldnt spend time with such assholes. Just be honest, because it would be hard to lie about your experience and get through with it. ",ADVICE
1652,"That may not help your case. Orthodox Jews don't always consider the un-orthodox as Jewish. Or if they do, it's not as a 'real' Jew. 

If you took out the 'orthodox' and made a different Jew related pun I think it would fly, but unless you have a business partner who is orthodox, you might get quite the backlash. 

Source: Un-orthodox Jew working in primarily Orthodox neighborhood. No they do not treat me as one of their own. ",ADVICE
800,"""Stuck"" in your context means ""it's a shit job but she's still there because she doesn't have anything better"".",APPRAISAL
1268,That sucks.  All I can say is try to look at it as a challenge.  Like one of those experiments where they put a millionaire on the street with no money and see if he can make money from nothing.  Just see how successful you can become after starting from the bottom.,ADVICE
1478,She helped because she stayed home . Childcare is ridiculously expensive and how could your dad work if if she didn't stay home to be with the kids,APPRAISAL
40,I read that her aunt called her names and ops gf flipped out and got violent. Did I miss something?,APPRAISAL
481,"No worries mate reddit advice has gone way down hill last 12 months, this sub is still better than the demented droning of /relationships

Whatever path you choose make sure you are happy at the end ;)
",EMOTIONAL_SUPPORT
1707,Just her as honest and short as you can. If you are nice you do it in person and let her ask away. Or give her a shoulder to cry on before you leave her life. ,ADVICE
1525,"It may be a good idea to put it up for adoption.  Both of you deserve a shot at a financially secure future, and a baby at 18 will end in an instant.  Whatever you do, don't throw your future away for a kid you aren't on the hook for and a high school relationship",APPRAISAL
1963,"Honestly it just sounds like he needs some space. I know it's hard to not be insecure but like you said you just got back from a cruise and he's sick. My boyfriend and I live together but I still go over and stay with my mom sometimes just so we can have a bit of alone time and space. It has nothing to do with our relationship but sometimes it's just nice to be alone and I'm usually over there for a day or two and we miss each other by the end of it but we still have our alone time, and don't text too much while I'm gone. ",APPRAISAL
1240,"Unfortunately, they know everything about you already even though you haven't signed anything or given them permission to have your personal and financial information. ",APPRAISAL
599,"Not that I'm a loner per say but I find that I spend more time alone than with groups of people. I suppose I do it to myself partly because I like to have control over a situation and not have to be detoured by what others want to do and because of health issues that make me uncomfortable around others.

I'm in my early 30s and a female. I am in a relationship and we spend our weekends together. At work I'd say I'm singled out from the other groups and yes, it can bother me but there are a few who stick to themselves also. I deleted my fb to stop feeling bad about it.",ANECDOTE
1259,"I do the same exact thing, its so nice to know i am not alone! For so long I have felt there was something wrong with me (besides the obvious) because no one else I’ve spoken to has ever felt this way or understood what I felt! I have recently started reading Cognitive Behavior Therapy Workbook for Dummies and it’s helped me so far! Hope this helps and best of luck! ",APPRAISAL
1999,"Yeah, I've been telling myself I would go see the doctor and get a referral to some therapist or psychiatrist but I never gave myself the push. I always gave myself excuses like I'm too busy but when I'm doing nothing I just don't bother going. You're right. I do need to get to the root of my problems. 

Thank you.",ADVICE
403,"You sure you want to be a stepmom? You’re young to be dating someone with a child, especially one that is clearly not ready to be emotionally intimate yet. Think about your needs and what is best for you. You may like this guy, but if he isn’t ready to truly open up to you, it might be best for you to move on. ",APPRAISAL
477,Sending love! ,EMOTIONAL_SUPPORT
1107,Ok thanks! No you’re right. If I don’t message him and just move without telling him I know if I were him I’d be hurt/angry.  I was thinking of saying “hey just letting you know I’ll be moving back Jan 8th. Happy New Year btw!”  Does that sound ok? ,ANECDOTE
818,"Your next loan is almost certainly going to be a higher interest rate, I wouldn't personally pay down a fixed rate 30 3.875% mortgage at all, it's too close to the risk free return in a rising interest rate environment and cash gives you options (you can always pay the mortgage down, you can't get the cash back out without selling or getting a new loan).",ADVICE
1617,"If you take him back, what he did is gonna be in the back of your mind and when he does it again, your gonna go a little more numb ",ADVICE
888,"Not really. We stream on my Xbox because we don't have cable and his hobby is gaming. If he's not watching tv or gaming then there's a 95% chance that he and I are just not home. Stereotypically, he has the remote almost always and doesn't like my choices. I don't know if I just have sh*t taste in tv or not, but shouldn't he provide the same courtesy to me about watching things the other is into, whether we end up watching the whole series or just five episodes?",EMOTIONAL_SUPPORT
687,"Have you considered the military? They will give you structure, money, food, housing and future education expenses",ADVICE
2,We can only go up from here right??? ,EMOTIONAL_SUPPORT
822,"This is a delicate situation. Do you have any common friends, or do you know someone from his family? If so, you could ask them what the best approach would be. Maybe ask /r/autism , but not with that words. Just say that you're not interested in being his friend, but also you don't want to disrupt his routine. ",ADVICE
197,"Just from reading the title, I'm going to say that this individual is not your best friend and shouldn't even qualify as a friend if he's made an attempt to break you up with your girlfriend so he can ""get with her"". That's disgusting behaviour from anyone, and even worse from a friend. Call him on his shit and don't waste any more time associating with this asswipe.",APPRAISAL
474,Dump her. Anyone begging for attention is not worth it.,ADVICE
889,"It sucks that the baby is going go grow up in a divorce, but divorce is the only option. I personally would count his love for his ex as adultery since I do agree whole heartedly with Matthew 5:28, and frankly if she ever does move back and wants to meet with him again that he will end up cheating on you. ",WARNING
1723,Yeah fair enough. It does seem crazy to leave money on tap like that without any protection.,ADVICE
64,"I left my husband last year over this. Amongst other things. He was literally trying to fuck ALL of my friends and none of them went for it. They all told me about it. It was humiliating. He had a problem and owned up to it when I asked him. My friends had screen shots over a  2 year span. 2 fucking years. Your husband is a Jason. He will not change because he doesn’t want to. 
It’s not your fault. You deserve so much more!!! And one day you’ll look back and you’ll be with someone who literally worships you and appreciates you who is trustworthy and fantastic.  And you’ll roll your eyes at yourself girl. Leave. ",EMOTIONAL_SUPPORT
1965,"i've read lots of stories of CBD+THC, specifically RSO, for cancer.    ",APPRAISAL
1428,"Agreed, if that's what the girlfriend wants. Ultimately it's her decision.",APPRAISAL
1615,"Wow, I didn't know about the spousal IRA. I'd always seen requirements saying IRA contributions couldn't be more than 100% of your income, and didn't know a spouse's income could count. Thanks for setting the record straight so OP could have the correct information.",APPRAISAL
1655,"Then I would recommend starting a regular exercise regimen of brisk walking or running. Studies are showing that regular strenuous exercise like cardio is very helpful in improving your sense of well being and effectively treating depression. Again, it promotes the brain chemicals that help you feel better while the exercise promotes a healthy body and your confidence. It really does work.  ",ADVICE
309,"Ehhhhh I can agree with hair and fitness but most male clothing is just ""here is a shirt in a slightly different color"" I assumed it was more meant about good use of makeup which CAN do some amazing things. Fitness is also something that takes forever lol, it's usually worth it, but I've been struggling with it for a couple years and have made very little leeway as it were",ANECDOTE
1108,"It is possible, if we give him the benefit of the doubt, that he is just an idiot who thinks it is okay to borrow coworkers' phones to call a psychic number. Possible, but a stretch.

It is also possible that he is an asshole who thinks this is a ""funny prank"" and who does not think of the consequences for his job.

It is also possible that he has personal winnings in this. Maybe this psychic reading number belongs to someone he teams up with. He calls it with other people's phones, they share the profit. Or even without a teammate involved, he could possibly call a number that he owns himself, that gives an automatic response spun out long enough to rack up a bill. 

Think about it. Which of the above seems more likely? 

Can you (and that other duped coworker) check immediately what costs were made, or do you have to wait until your monthly bill arrives? Can you check with your phone company or so? ",ANECDOTE
1580,Never dip your pen in the company ink. Nothing good ever comes out of it,ADVICE
326,"She needs to see a school counselor. She needs to report what is happening.

But it also sounds like anxiety, and it's making her nerves worse.",APPRAISAL
598,"It seems like you won't get over it now, but you will.",EMOTIONAL_SUPPORT
1811,"Not been in a situation like this but if you and your boyfriend are serious, trust him. That’s if he hasn’t gave you a reason not to. If anything did happen he will more than likely give it away or act different when he is with you. You could even be there when she drops the stuff off if it’ll put your mind at ease.",WARNING
716,Just tell her that you respect her as a person and don’t want to lead her by letting her think that you want to be her friend. Say you wish her the best in the future but you don’t think it’s healthy for you to continue hanging out.,ADVICE
1112,Hot damn!! Keep up the good work!,APPRAISAL
1047,"I get it, but after this week, your mental health is more important than anyone's sanctity of memory. 

Healthy people can still love her while recognizing this is an extra, shocking layer of grief she's given you and that you need love and support right now.

Best wishes, OP. I'm sorry for your losses.",EMOTIONAL_SUPPORT
1981,Thanks this is a great read! I have no debt but she does have some (credit card and auto loan) but nothing we can't manage. This helps us prioritize where to concentrate! ,APPRAISAL
447,not sure you have to pay a penny in support after 18,ADVICE
1370,">Before you downvote, this is NOT an antivax situation. 

Thank god for that header, I was getting a bit steamy at the title

First off, what were you told when you called the doctors office/insurance ",APPRAISAL
201,"I know of two people that went to do different dealerships and had it programmed for $60-90 and it took less than 15mins. 

I figured I was paying a higher price than normal to begin with.",ANECDOTE
227,"Best advice here, Talk to a lawyer now.",ADVICE
869,">About 6 months in, we had a fight where I told her that I sometimes I had thoughts about breaking up

>I told her that I can't imagine the relationship lasting

>I also mentioned that in my head our relationship had an expiry date

>I told her that I still plan to break up and that I am getting impatient to wait for the 'right moment'

Maybe there's a language issue here, but none of this sounds like you broke up with her.  It sounds like you told her repeatedly that you're *going* to break up with her, but you haven't actually mustered up the courage to do it.",APPRAISAL
1480,Oh my god! My brother in law just went through this exact situation!! Even though it's his house (owns it) the druggies not only got to stay they had him arrested for assault. Placed a no contact order on him and it took months for him to get his house back! It's ridiculous and completely insane. ,ANECDOTE
1567,"Thanks for the reply! I wasn't up for asking this question out loud, in person with someone else.",APPRAISAL
69,"Latter. You can also take a SMALL portion of that and invest at higher risk but that depends of your risk tolerance. 

",ADVICE
1638," It's easy to be in love with an idea and Nathan sounds like an idea of a perfect partner. You get to talk with him when you want to and when he wants to and you don't have to really see each other's darker, moodier, immature sides. Once you're in love with someone and spending days, weeks, months and years together-in the same house, you realize that they're not perfect at all. Then the trick is figuring out how or whether to accept those things you DON'T like... Right now, you get to like everything about him because you only see very little of him. And you're right, this makes it seem like he's 'the one' and since there's no way you can actually find out by dating him, he represents perfection. You could tell him how you feel and see what he says. If he rejects you, you may find that after that initial pain, you don't see him as quite so perfect anymore and it might be easier in the long run to let it go. Or maybe he won't reject you and you'll find yourselves talking about how you can potentially actually see each other. Either way, the relationship you currently have would change with the involvement of both of you. If you make the decision to cut things off without saying anything, it's likely you'll continue to think of him as kind of perfect for a while- unrequited love is the standard of perfection and many people carry a torch for someone for years and years- mostly, in my opinion, because they didn't have to actually deal with the person in a relationship. You don't sound irrational at all to me btw and I don't think it's selfish to want to take care of yourself and focus on people you can actually get to know and potentially date.",WARNING
1235,I fly United a lot since I live in Denver. It's really worth it for me. I've been upgraded a bunch of times because of the card. ,ANECDOTE
49,"He was a fully grown man (27) when you started dating. You were literally a teenager (19). Sometimes that's ok, but often guys who pursue younger women are controlling, abusive, and insecure. They like the power that being older, wiser, and usually richer gives them over a woman who has less life experience. They like asserting that power in many ways: financially, sexually, intellectually, etc. 
 
Your boyfriend is a creep who is controlling you and treating you like a puppet. He gets off on you being degraded and dominated. Get away from him.  ",WARNING
828,"These may help: 

https://hbr.org/2015/01/how-to-handle-difficult-conversations-at-work

http://www.judyringer.com/resources/articles/we-have-to-talk-a-stepbystep-checklist-for-difficult-conversations.php",ADVICE
1699,"In the end I told her that asking to borrow someone's instrument is like asking to borrow someone's child or pet, which falls into the ""hell no"" category.  Then I told her she should just buy one if she's interested.",APPRAISAL
1959,"I just broke up with a woman that did this sort of thing.

When I was bringing flowers, cooking, or doing something nice out of the blue it was great. But if I ever forgot something she asked me to do, or brought up something that was bothering me I was the devil.

I think people that act this way have some serious personality flaws that they'll have to work out themselves since it's impossible to discuss difficult topics.

It's not healthy and undeserved.",ANECDOTE
1079,"I used to be in this situations a couple of years back but I am the girl  in that scenario. I finally worked up the courage to take that final step after 4 months or so. First time can be scary especially since there is the potential it will hurt. 

I don't think you should necessarily be worried. I think both feeling safe and secure in a sexual situation is key. You should be able to ask if it's okay to touch her underneath her shirt for example, and she should feel safe enough to be able to say no without consequences if she isn't ready. Work from there and let things progress with a natural pace. If she stays very reluctant you can always try and have an open conversation about it. 

EDIT typo",ADVICE
1249,The ideal emergency fund is 3-6 months of expenses. ,ANECDOTE
1339,"Other guy just suggested it, gonna have to try it, thanks!",APPRAISAL
552,"I’m told that I’m angry when I don’t feel like I’m angry, people perceive me as angry ",ANECDOTE
1850,"Hope you are able to get things resolved soon.

Had my debit card duped once years ago. Had been in Virginia for a class and then met back up with my boat in Dutch Harbor, AK. A few weeks later we are up past 70 degrees north in the Arctic Ocean and I'm using the sporadic internet to check my statement and see over 1500$ in charges spread across multiple gas stations in Florida. Managed to reach my bank via satellite phone and explain it was physically impossible for those charges to have occurred. 

Later on was able to email them a list of all the disputed charges. Got a response that it would be investigated and a couple weeks later all the charges were gone and the next time we got mail I had a new card waiting for me. Wish it was that easy for everyone in a similar situation.",ADVICE
1028,"Thanks for replying

Why not get student loans?",APPRAISAL
1616,"Attempting to find compromise for your unique situation..
Can you do a peanut butter cupcake tower? Or have peanut butter sandwich art on your cake? 

Your not in the wrong. He’s the weirdo. But he’s about to legally become YOUR weirdo, regardless of what cake option you use. If there’s something you can do to keep your weirdo happy but still have the “normal” dessert, I would try to do that. 

If he’s completely unwilling to compromise in any way regarding the dessert, then maybe it isn’t about the dessert at all. Maybe it’s just a weird flex to re assert himself or feel listened to. ",ADVICE
1239,On the bright side filing for bankruptcy is only about $1000 and is a lot better than spending the next 20 years paying off a bullshit hospital debt.  It will take about 3-5 years for your credit to start to build back up and 10 for it to fully disappear from your credit report.  Medical bills are the number 1 cause for bankruptcy.  ,WARNING
803,"Congrats on it working! I don’t think from her perspective she’ll see anything weird about it, if anything it was a very nice gesture from the outside looking in. If she even asks about it just say you were feeling appreciative/generous tonight. 

But definitely start to self-reflect and explore why you were feeling this way in the first place. If there’s other red flags, etc. best of luck though!",ADVICE
371,"Because they put a ""hold""on your money of around $500 minimum for ""incidentals"". Also, debit cards are not as safe as credit cards, nobody should be using them anywhere where they keep it on file.",ADVICE
1853,"imo, i don’t think it counts as cheating. but then again, people have different definitions of cheating. just be completely honest with her & im sure she’ll understand from what the situation sounds like.

also, sexual assault is no joke- there are plenty of resources out there if you need it! wishing u the best of luck !",EMOTIONAL_SUPPORT
205,"I plan on following your past advice, and I feel your right, if they will instantly judge me because of my looks, why should I even bother?

Edit: I also want to say thanks for taking so much time on this socially inept stranger.",ANECDOTE
1308,Ideally keeping your mortgage in this range leaves the room to contribute 15%to Savings.,ANECDOTE
1315,"Just forget about it and most importantly just keep it to yourself. There are always personal secrets you (including myself) don't want to tell to anybody, even to your close ones. You didn't desire that experience anyway, it was opposite side who moved. Cheer up.",ADVICE
1173,"Loooool I have been here. Dump her ASAP. She’s not that into you but is keeping you around for some kind of emotional or financial reason. 

It sounds like she is going to break up with you soon, if you can beat her to the punch it will be a lot easier on you emotionally.

Tell her you feel neglected and it’s not working anymore, you need to focus on yourself and your own wellbeing. 

Truly sorry this happening to you, I went to therapy for like three years after a similar situation. Only I didn’t get out in time because I didn’t want to believe she would do something like that to me. Once she stops responding to you the end is near",ADVICE
469,Laws vary by state and city.  You have to find out your local laws.,ADVICE
1371,"Dude, what is it w men wanting to name their kids after their exes?? Like what kind of weird-ass creepy comfort does that give them, bc this is not the 1st time I've heard of them doing this shit??   


Him blaming something reasonable on your hormones is manipulative and douchey and you're totally right to be considering divorce b/c everything he's putting you through is insane and I can promise you a normal, loving man wouldn't do this. These are major red flags, but the biggest flag is the fact that it sounds like the ONLY reason ur relationship was stable to begin w/ was b/c his ex moved away. ",APPRAISAL
62,"I prefer to pay them myself. I’ve heard of too many instances where the mortgage company messes something up, including one that I experienced when I bought my first house. 

If you’re good at budgeting and you include your taxes as an expense in your budget, then you should have no problem.



",ANECDOTE
162,Rare carat.com and check out four mine I was able to get a ring for much cheaper than Jared Allen or brilliant earth. Also no taxes for me and I literally saved about 350 dollars just on sales tax. Don't buy a car if you can't afford ring. Honestly a new car loses its appeal after 3 months and then you're just paying for a depreciating asset that goes up in price because of interest.,WARNING
460,"> I know it's probably technically legal because I do make tips

While I don't know Colorado's law specifically, the minimum wage laws I am familiar with all allow for tipped employees to be paid less ONLY if their actual tips bring them up to at least minimum wage. So probably this is NOT legal. I would start by bringing it up politely to management.",APPRAISAL
1410,"OP, how you frame this will make all the difference in the world. ""You smell strongly and not in a good way"" will hurt her feelings. ""Your natural smell has changed dramatically and that's not a good sign"" keeps you on her team and expresses your concern for her health. Maybe still a little embarrassing for her, but focus on the change rather than the horror ",ADVICE
374,"Honestly I was in a very similar situation with my former boyfriend. We both had verbalized our feelings but were also emotionally damaged from past relationships that went poorly and really messed with our trust issues. When he started doing things like what your girlfriend is doing, that was a big red flag but I refused to recognize it and wanted to try and make it work. The issue is that I cared so much and gave 100% of what I had to him emotionally, and he just completely dropped off and stopped putting in effort even though he still said I love you and hat he cared. Eventually we did break it off later that month, so I don’t really wanna tell you what to do but also she should be giving 50% in the relationship just like you are. If you feel like she isn’t then try and talk it out or if it’s not working potentially consider taking a break to figure things out.",ANECDOTE
1015,Do you want to be with him or do you want to be in a marriage?,APPRAISAL
1924,"The thought of talking to a guy in high school always made me super nervous. My friends would make fun of me cause anytime a cute guy was around I wouldn't say anything. She's probably really nervous and doesn't know what to say. You should go up to her and talk to her, even if her friends are around. ",ADVICE
642,"It’s been my experience that when someone is insecure over infidelity (for no reason/like you’re not doing anything to warrant the suspicion), they are usually projecting and actually engaging in that type of behavior themselves. 

I know it’s sucks, but at least you found out before you got married or anything.

I married my Huge Red Flag and I’m still paying (literally and figuratively) for it 3 years later.",ANECDOTE
1815,"That's an internship for you. Are you at a corporate office? When I did my internship I started at the companies corporate office and would come to work and do nothing for hours at a time. Just make sure they know you are looking for stuff to do. What I ended up doing is asking to move to another location (factory setting) and helping out there, and was busy all day. The most important thing is to talk to as many other people as you can, even people outside your department, and ask if they have anything for you to do.",ADVICE
58,"From what i've read you have zero basis for a case and any attorney/lawyer wouldn't take it seriously unless you laid down a big chunk of money. Even if you did manage to get a lawyer, it is highly unlikely that you would win. It would be an overall waste of money and time.",WARNING
1216,"plan is solid, but the key is finding a good unit, good tenants, etc. it will be work to get it set up, but if you can set it up as you're imagining, then yes, it's realistic and a solid plan. just realize that not everything will go smoothly and you should be prepared to do work when things go sideways. ",APPRAISAL
1591,"I vote yes.  What have you got to lose by going?  And if you go you won't be able to look back on the lost opportunity with regret.

In a world where jobs in general are growing slimmer by virtue of mechanization, and the number of people with degrees is at an all time high, more and more jobs are requiring proof of an extended education even for jobs that have in the past not required them.  While having a degree may not guarantee you a job, obtaining a job will more and more depend on the seemingly arbitrary piece of paper.  You are in a job you like now, but you can't predict the future and this job may disappear unexpectedly.

It's about preparedness more than anything.",ADVICE
1300,"They can't turn you down, and the program's still running.  Trump and the GOP can't shut it down until they have something to replace it with, and they're going to have a very hard time replacing it with an ""improved"" version that doesn't take away insurance from a lot of people.  They don't want to take the heat for that.  Everybody says they have a plan, but there is no plan.

Obamacare offers health care to everyone; you can't be turned down.  If you're really low income, you may get it inexpensively.  But it isn't always the cheapest option.  

Go to an insurance agent who offers plans through the ACA and get some quotes.  

If you need insurance mainly for catastrophic care and are okay paying a few grand yourself, you could get cheaper plans with a huge deductible, like $10-15K.  It's not going to help you unless something really bad happens to you, though, because you'd pay thousands yourself before the insurance kicks in.  Depends on what you need it for.",ADVICE
1704,"Good point. Thanks for the advice, bud. Really appreciated. ",APPRAISAL
1915,"Do what you want, again I handled claims like yours when I used to work for a major insurance company and that's what renters insurance (LIABILITY INSURANCE) is for. And now I work for a platinffs law firm so I'll 100% tell you that no respectable law firm would take any case you think you might have for the apartment complex holding you to pay this amount.

Good luck OP ",ADVICE
46,"Adult cats should not be held by their scruff, it's actually painful for most adult cats. Restricting their ability to move and trying to intimidate them is absolutely abusive. Considering he's doing *physically* abusive things to them too, we can stop just calling it emotional abuse. Because it's both emotional and physical at this point. 

Your cats are distant because your boyfriend is treating them like shit, and you're allowing it by still letting him be around them.

Color me a crazy fucking cat lady, but if you abuse my cats then you can fuck right out of my life. ",ADVICE
868,I don't think lack of trust is an issue. Just trying to keep everything streamlined. I think he worries more accounts = more complications and risk of things being overdrawn from the wrong account. ,ANECDOTE
797,"Yea depending on taxes your mortgage will be way higher! When we first bought our home we had a mortgage of 155k at 4.75% 30 years. With taxes and insurance it was $1,225 a month(home was bought for 165k, we didn’t have pmi we opted for a higher rate instead and refinanced it after 5 years to a 15 year loan at 2.75%). Hoa is another $350 a year(which is cheap compared to some homes). On top of that utility cost on average $300 a month. Then add maintenance and repairs which have average around $3k a year(been in home 8 years now it was 14 years old when we bought it.). We spend around $2.2k a month just on our home. So I’d say this person can’t afford a home in the range they are looking in unless they get a huge downpayment saved!",APPRAISAL
1020,"I don't, I have three sisters and women are a great part of.my life. I treat them like princesses and would never harm one. However, yes it is a preference, but they are amazing girl in which I set aside because of something so  anticquated like this thought. I am not hating on them for sure, if anything they make me hate myself haha. They are awesome girls and that's why I want to get over this preference, thanks!",ANECDOTE
27,"Pay the ticket. If you got the wrong ticket and think that the correct ticket would be cheaper than the incorrect ticket, then you could contest that, but it's not clear (a) who you'd contest that with if this was a private lot and (b) whether the correct ticket would have been cheaper anyway.",ADVICE
1182,Get away from her! Move out. Kick her out. Stop eating and drinking things she gives you. ,ADVICE
1381,"She seems very self absorbed..  It's common for young adults to crave attention and approval; But this takes it to a new level. Trying to compete with the feelings of gratification that she is getting from the thousands of horny guys  isn't something worth fighting for. Simply explain and leave, she will reach out if you are important to her. ",ADVICE
574,"I forget if it's 30% or 60% of restaurants fail in the first year. Usually because of owner incompetence or under capitalization. I do know that I have seen some built up and never open. 

Until you are working toward a paycheck all you have is a shaky promise. You don't need that, you need income. ",APPRAISAL
1586,"I flew last year at 150kg. I'm around 163cms. It was harrrddd. Look for airlines that have bigger seats. You can do this on seat guru. Aim for ones that have 19inch width. Singapore Airlines is one. Also if you can afford it go premium economy. You will need the leg room. Your butt takes up more room so even though you aren't really tall it's an issue. I agree on a aisle seat. Also get compression stocking or socks. Get up and walk the aisle as much as you can.

It was flying that prompted me to lose 1/2 my body weight last year ",ADVICE
1321,I was afraid asking them not to contact my current employer would suspicious but I guess it’s not really a big deal?,ANECDOTE
1342,"Have you tried talking to your mother so she can discuss this with your father? It's not healthy to be subject to critic all day long for doing what's normal in a girl your age.

This can cause you self steem problems later on, and it's important that you get to act according your age.

If your mother won't listen, try a school counselor, a teacher, or an aunt (preferably one on your father's side of the family)",ADVICE
1804,"Let her move on. I know, it's so, so shitty. Going through a breakup is awful. If you care about her tho, you can respect her decision and you can start to move on yourself. I'm sure she still does love and care about you, but it doesn't sound like she wants to be with you. She would also want you to get over her, be happy again, and find someone who's better for you. Continuing to sleep with someone after you break up is always a bad idea man, not talking to her is your best option. From what you said it seems like she went through some phases when she missed you (which can be confusing) but it's really not good for either of you, emotionally, to still talk. If she changes her mind she'll let you know, but don't let her fuck with your feelings. 
I'm sorry you're struggling with this right now and I hope things get better for you!",ADVICE
1990,"Being with someone for that long is bound to be difficult to get over. You shouldn’t expect yourself to just get over her either, she was a big part of your life.

The first few weeks are going to be the hardest. I think it’s important to really try to give yourself space, even if you know she needs you right now. It’ll make things harder if you allow yourself to be a shoulder to cry on. 

And remember, this is about your happiness too. You can still love a person and know you don’t work together romantically. I’m sorry that you’re going through this but hopefully doing this will bring you more happiness in the future. ",ADVICE
1564,"Despite the $40000 difference it's actually more like $30000 when you calculate the added cost in gas for those 4 hours. I get the big question is the $80000 enough to cover your costs?

The one other thing you could do is move so you get the $120000 and not have to drive 4 hours a day. ",WARNING
1805,"I have no doubt they would, I'm just not sure how that would be legal? Like, if some administration saw me drinking a beer at a pizza joint in town, they could fire my husband? ",APPRAISAL
1522,"I hope you have better luck in the future bucko, and who knows maybe she'll message you back today or tomorrow.",EMOTIONAL_SUPPORT
1495,"Invite him out to do stuff outside of work, it'll help strengthen your friendship.",ADVICE
258,"I think we all do this from time to time.  It will pass with time, but I'd try to limit direct contact with the guy if possible.",ANECDOTE
1913,What do you want to do? What are you hoping that you’ll be able to accomplish here?,APPRAISAL
760,"TELL HER!! And accept your fate. Why was she not there with you to begin with? Why did you put yourself in a situation where something like this could have happened? It doesn't matter how fucked up you were, if you're old enough to drink and do drugs together, you're old enough to know your limits and follow them. NEVER go into a situation where there's a chance of no control. SHE is supposed to be your other half, (married or not), and your priority. YOU made it so she wasn't. She will be heartbroken and may never forgive. But I hope you've learned your lesson and I hope you treat the next one WAY better than this. In my opinion this is unforgivable and inexcusable. Don't listen to the scums that are saying to keep quiet, those are not men. BE A MAN.",ADVICE
1557,"constantly, I find that nothing makes a lady more randy than feeling attractive. The secret to a good love life is making sure your partner feels good about themselves when you're around. This might sound cynical, and it is in some ways, but that doesn't make it any less true.",APPRAISAL
1768,"I appreciate that. This restaurant unfortunately is not a chain and so I doubt there’s really even a company policy to speak of to begin with. I appreciate the answer though :) I think we’re probably just going to have to have a sit down and work out a way to get her out of there. The one upside is that she’s making an absolute killing when she does work, but we’re already well off financially and I care more about her being happy.",ANECDOTE
990,"[This](https://www.haaonline.org/renters/) is a link to the biggest tenant's rights organization in Houston. Tell them a 2 year, $20,000 dispute between your landlord and water company has led to your water being shut off. 

In nearly all jurisdictions, a lack of water is breech of the warrant of habitability and can be used to break a lease. Ask the non profit tomorrow to lay out your options. ",ADVICE
1266,"You should join Chase. I had $1,800 stolen from me at a local grocery store and they reimbursed me within a few days and never contracted me back about it. ",ADVICE
299,"Sorry, but thats not flirting. Shes cheating, even if its not physical yet. Shes already sending this guy the ""cheaters script."" If let go more and more she will tell her friends, fam, and this guy more and more things just to make you the bad guy so she can feel the victim when she cheats then leaves you. Best is to just cut it and wall away. All shes doing is gaslighting you when you try to tell her how it looks and makes you feel, but its somehow about her instead...no, bail and run. I put up with this for four years. Wish I hadnt.",WARNING
1848,"I agree 100%. Although nobody should be forced to have sex, denying your partner sexual intimacy over a long time while asking for strict monogamy is a form of abuse.",APPRAISAL
79,The people working for us never complained! In fact our anonymous quarterly reviews were through the roof! Not perfect but the people that worked for us were happy! ,APPRAISAL
1297,"Sometimes this does work.  Most times of you correct the mistake or get back up to date or even when it's paid in full, those places will be more inclined to clear two negative marks",ANECDOTE
1415,"Have you seen him to confirm if he is sick or not? If he isn't, I would stick to telling her that. You never actually saw him smoking the joint so you can't prove it's his. Did whoever it was smoke it inside? Because damn near the whole house would reek of weed. Seems kind of stupid to me to smoke a joint in someone else's house, who I gather probably doesn't smoke weed and will definitely smell it. Therefore they will handle it and you wouldn't need to.",ADVICE
1739,"I think after all thats been said or done, its time to leave well enough alone. Youve both apologized for past mistakes and you are both seemingly in better places. Just let what is be. ",ADVICE
1191,"I'm sorry for your loss :( Thank you for taking the time to respond. I really appreciate it. I'm not the best with super emotional stuff, and didn't want to do/say the wrong thing. 

",EMOTIONAL_SUPPORT
1037,Just call it off mate:),ADVICE
446,"it is just us in a 4 person dorm since the other two people left. Unfortunately, every time I have tried to get help its blown up in my face including going to the RA and the head of the RAs. I'm literally stuck no one wants to listen or help and I literally feel trapped every time I enter the room.
When my friend was in the room with me we all had a meeting about her and nicely set ground rules but since it is now just her and I she is just walking all over me.",ANECDOTE
1430,"Well the fact that all the ""good"" things you listed were around sex, cleaning and cooking doesn't help you come across as a loving SO. You also clearly say you kept her at a distance on purpose. Not saying cheating is justified at all but maybe she felt as though she wasn't getting out of the relationship what she was putting in. ",APPRAISAL
533,"No one is totally an extrovert or an introvert but a lot depends upon the context and circumstances. Sometimes an extroverted person will become very quiet and introspective in an unfamiliar situation. Look to the part of yourself that is adventurous and funny and put yourself in that frame of mind when you talk to her. Try to find something to do that would be fun for you both so the pressure is off for you to entertain her. You'll do fine, just make the first move or you won't go anywhere.",ADVICE
1038,"Input*

And you're welcome, my friend! I've dated the sort and it never ends well. I'd much rather date someone who is confident in their identity than one that treats things like sexuality as an option but that's just me. ",ANECDOTE
985,"It depends on the money market that you use. A lot of them have a minimum amount that you have to keep in the account, for example if it drops below $2500 you will get charged monthly fees. If you open one up you want to do your research and know what you’re getting into. Another aspect is you want to be 100% certain the account is insured by the FDIC or the NCUSIF. ",ADVICE
347,"In 2014, I had a lot of pressure in my work to have a health problem and so I decided to stop working. I traveled to Asia and I learned another job

After six months, I had recovered strength and I am currently working in a very respectable job.

Definitely do it !",ANECDOTE
679,"She could give you a call at any time she was free, after reading your texts. She just didn’t care enough to do so. ",APPRAISAL
1312,"I definitely think your anxiety is creating a really negative space in your head. The best thing you can do for yourself and for your relationship is seek help. There is no shame in going to talk to someone about your anxiety, but realize that while your boyfriend might be trying to figure out how to help, he’s not a trained professional, so you can’t be upset that he doesn’t really understand. ",ADVICE
1441,"You're 18, the child isn't yours, and you two presumably haven't even been seeing each other for very long. Sorry, man, but I think you know what you have to do. You've got your whole life ahead of you. Become a father if and when you feel ready.",ADVICE
290,Possibly the electricity if it also affects heat. Certainly parents are under no obligation to provide upgraded phone service even if not having it affects a child's happiness.,APPRAISAL
832,"Apt bldg not a house....came up in the context of whereabouts do we each live. Turned out to be a few blocks from each other.

But you are absolutely right about the boundaries point. I have been going to therapy regularly since before the separation and obviously am still not good with boundaries. I told the aquaintance that I wasn't ready to date yet and wasn't looking. But didn't hold that line after they pushed back with just get to know him......

Thank you for the honest and open feedback. I agree with you.",ANECDOTE
1587,Any way you could increase your income? ,WARNING
1636,"Since it's clear that English is not your first language, I've rewritten your post for clarity.  You can copy this into your original post using the edit button.   You can correct any misinterpretations I may have made.  

------------

I was interested in a girl for a few years.  Initially she rejected me, but did give me a chance to be in a relationship on two occasions.  I say two occasions because she left me once to be with someone else, but that ended badly for her.  

I'm a business owner.  When I first opened my business we started talking, but with all the expenses and uncertainty of a new endeavor, she did not express any interest in me and stopped talking to me.  Once the business became profitable and stable, she came to me and said she felt guilty for how she behaved.  

I gave her a chance and we started dating.  We are now engaged and will be married in a few months.  

Throughout the relationship, she has tried to show me that she is not after my money by paying for things for me, not asking me for gifts, and not acting materialistic.  We have also been through a lot together.  However, once when we had an argument she asked me how much shopping money she would get once we were married.  This concerned me but appeared to be an isolated incident.  

The problem is her past.  

She has been engaged twice before me, and each time she blamed the failure solely on the man she was engaged to.  The timing of her talking to me also raises doubts as to whether she loves me for me or for my money, because she stopped talking to me when my businesses was starting and my prospects were uncertain but came back after that uncertainty was resolved.  She has assured me she isn't a gold digger and this is not the case, but I'm not sure.  I tried testing her on this and she has passed all these tests.

Can I get some insights from the Reddit community?  
",ANECDOTE
1764,"Bad blood seems unavoidable with this chick, do your best but i don't see it ending well",APPRAISAL
882,"The first thing to do is remember to breathe. I’m really sorry you’re going through this and I know how bad it sucks. Remember to take time to grieve and take care of yourself. If there are people that are reaching out to help you, let them.

Don’t forget to eat. It’s really easy to forget to eat. 

Once you have the estate lawyer, let them sort through everything. You’ll need to decide how you want to split the property with your sister and how you’ll put away the money for her. That is what the lawyer is there for though, let them handle it.  Don’t pay any bills or claim any debt without the lawyers directive. 

The grief is going to come in waves. Don’t be hard on yourself when you have a good day. Take each emotion as it comes and pause for the moments that hurt. ",ADVICE
867,"I really really feel for your situation. You are a selfless person and have made an incredible difference on his health and life. But you are only 20 years old and your selflessness has become unhealthy (like the book The Giving Tree). It’s time to take care of you. I think you know what that means. While he may be sick and I get that, he’s also not fulfilling your relationship needs and you have given so much that you are empty. If you want to stay in the relationship I would HIGHLY recommend setting some non-negotiable on YOUR needs, which is most certainly not selfish but necessary for a happy life. There is no simple answer, but I can read the pain in your post and I sincerely send love and peace and hope for some clarity. Do you, girl. You deserve it and are worth it and it’s time. ",ANECDOTE
137, I honestly tried asking people I know well they normally say oh your not creepy ether that or they avoid the question I don't know if it's because I tower over a good 60% I asked her boyfriend politely saying it feels like She was afraid and intimidated due to my size which truthfully I honestly thinks it's something else due to the fact she's been hung out with people larger then myself as for my friend I don't know what to do about him I tried talking to him and the only person that really treats me like a friend is the youngest member of our group you got any more advice? ,ANECDOTE
256,"No. I graduate this spring, and as of right now the the prof will not teach any of my courses unless of some dramatic change. Do I have grounds for an appeal here?",ANECDOTE
1374,"timing belt stretched or about to bust? 

subaru motors need timing belt and waterpump replaced at 100k or 10years.

they are interference style motor so if it goes it takes valves with it.",ANECDOTE
300,"They say that the 1st person you date after a long relationship is usually just a rebound. That wasn’t the case for my husband and I, we’re going on 12 years. Our ex’s haven’t settled down yet though. ",ANECDOTE
155,"That’s not something small to lie about. Run from this one. Do not marry. 

You will anyway....",WARNING
1128,"She’s moved several times in the space of a year, and sponged off people to do it.

You are the responsible type, who wants to get your shit together before doing anything.

You’re incompatible.   This won’t work long-term because you’ll want to get a mortgage and pay it off and you’ll think it’s important to keep junior in the school he’s used to ... and she’ll want to quit her job and try something new.

So might as well break up now, and look for a girl who matches your level of steadiness/planning/responsibility.

She’ll be the “one who got away” ... but that’s better than being the “incredibly irresponsible ex who drove you crazy and ruined your life”.",ADVICE
1082,"If you're not paid under the table then Medi-Cal will find out how much you earn if they haven't already. And yes it is possible that they will cancel your policy if you make ""too much"" money. If you are paid under the table, putting that money in the bank may tip off the IRS and the State of California. 

In either case, it is probably in your best interest to either talk to an attorney who handles medi-cal or a financial planner. You may benefit investing that money through a family trust.

That's an awful lot of money to be keeping around the house, if that's what you're doing. That amount could definitely make you a target for a burglary. 

&#x200B;

&#x200B;",WARNING
1671,"I usually say ""what's the rush"" when people are worried about not being married soon, but you're both in your late 20s, together 2.5 years, moved states together....in this case, I'd ask ""what is he waiting for?""  I'd be similarly dumbfounded if I were in your scenario and my girlfriend said she hadn't even thought about it. I'd think, ""What is it that you think we're doing?"" I don't know what you should do about it, but this lack of even thinking about the long-term on his part is a red flag to me. Is he hoping something better comes along?",ADVICE
182,"Just because someone may forgive the husband for being a rapist, like a close friend or future partner, does not mean it's in any way sensible for OP to. ",WARNING
1534,What do you hope to accomplish by reporting her? Are you prepared for her to go back to prison? because that's what will happen.,APPRAISAL
1967,"Also, the last week has had a lot of holiday stuff going on. You will probably have better luck this week",APPRAISAL
1161,"Would different beds make any difference? What about earplugs for her or some sort of bed divider?

If it wrecks both of your sleeping, idk if it's fair for her to require yours be wrecked as well by her PTSD. If she slept in another bed/room, would it be any worse than now for her? Can she go to where you sleep for comfort and maybe it's less often for the wakeups?",ADVICE
1120,"The parents have brought this on themselves. Rule number one of parenting, never be overly strict with it comes to teenage girls. ",ANECDOTE
1481,"There’s no legal reason, most just don’t as a matter of policy. It’s really a shame how much harder it’s become to have safe teen travel adventures like today’s adults did thirty years ago. ",APPRAISAL
606,">Just so you know: When you earn income, you always need to file taxes for yourself even if someone is claiming you as a dependent. So if you earned income in earlier years before 2017, you needed to file your taxes for those years too.

A dependent who earned less than 6350 was not required to file a tax return in 2017. That may be what OP was relying on before discovering they didn't claim OP.",APPRAISAL
71,">“You’re just jealous that I have more followers than you do or ever will so stop using your insecurities against me”  
>  
>“You’re just mad because I’m a hot girl and you were a Virgin before I took you on”  
>  
>“You’re really effing controlling and I don’t appreciate you telling me to close my account just because you’re too fragile and can not handle my popularity and success”.

Date someone nice who likes you.",ADVICE
317,"I don't put that much faith in Canadian Social Services.

That's a definitive ""if"", and hesitant ""when"".

At the same time, without hearing anything at all from them, I'd rather not count on their assistance as a guarantee, especially if it could put me sleeping on the street while I wait.

I do hope they're able to help though.",ANECDOTE
654,"It's really simple. You know the answer to this. Get out. The world is a beautiful place with many many beautiful people out there. Trust me, I know this. You are the results of your actions. If you choose to remain in the current situation, then you will continue to be unhappy. Just go.",ADVICE
245,"Thank you, I don't think I really do need any reason besides ""no"", which is why I didn't bring it up at the time. It was mainly a question I had because the friend said to everyone else, ""Hey, just don't drink too much tonight that you can't drive home tomorrow morning."" And then when I went to lay down, was like, ""You cannot stay here."" 

I mostly wanted to ask what changed, and was incredibly grateful that I hadn't taken his earlier advice to heart and got smashed an hour away from my home. I think my question to him would be why he singled me out among everyone -- especially if it was something I had done last time I stayed, so I could apologize for it. ",ANECDOTE
1555,sounds like theres more here than you know op. i hope im wrong on that part. but i feel like im only seeing part of the puzzle. and so are you. ,EMOTIONAL_SUPPORT
183,"Being a good mother comes from how she nurtures, and loves a child. She can be lazy and be a good mother.

Whether or not you want to be with a lazy person, especially if, as it seems, you don’t respect her because of it, is another matter.",APPRAISAL
1782,"I think because of the facts involved, the parents have to be told.",ANECDOTE
1819,"Try to be more of a friend to him. not that you aren't already but more so in a ""friends"" environment. not in your professional setting, but outside of work. Sure its been a year like you said but he may not really know you at all. after all a majority of people carry themselves very differently in a professional setting compared to a relaxed and social setting.
I think there definitely is a correlation in the point you mentioned, because that's all he really ever got out of you, he only knows that sad pushy/desperate side of you. So if he got to see you at your ""worst"" shouldn't he deserve to be able see you at your ""best?""",ADVICE
746,"I would start by calling the corporate offices and let them know. Then place a hold on on your credit and pulling all three reports to ensure there isn't anything there you don't recognize. If there is, dispute it and get a police report if needed. ",ADVICE
257,"Yes I do pay for a lot when she is around, and try to give her as much as I can. ",ANECDOTE
1351,"I think that your best bet is to talk to her about going to a salon and asking the professionals there what would best allow your hair to heal.  Try to be open yourself and ask her to be open to shaving it if that is what they recommend.

If you can get her to agree to that, it doesn't mean that you will get the shaved head that you want, but at least the worst case scenario is that you end up with a nice haircut that a professional thinks will help heal your hair, plus a scalp massage.",ADVICE
948,The question is how much does OP have in addition to his 100k. This has really turned into an argument for argument's sake.  If OP has more in savings than he has invested earning for him then it's important to convey the fact he's losing money to inflation.  Yeah he won't be losing as much in a high yield account but he probably doesn't need that much cash on hand if he's not planning on spending it any time soon. ,APPRAISAL
1414,"So... you had an ultimatum you didnt see through and you think HE'S weak and immature?? Ok.....

Whelp your life is gonna keep sucking until you decide to DO something about it and leave the person who is causing you the most stress and misery in your life. Find soemone who is the greatest joy and source of support in your life. Join the rest of us who are in healthy sustainable marriages. It's great on this side. But you need to sever your ties with this bum first. ",ADVICE
1528,You’re not stupid but it’s time to stop giving this guy chances.,ADVICE
439,"You can't change your body and he can't change his desires (not overnight anyways). He can change when his dumb mouth opens up and stupid bad words fall out of it, that's definitely a conversation worth having. I'm just saying don't center the desire as the problem in that, because that will just train him to close off even more.

As for sex. Has he told you what he *does* like or what he'd like more of?",APPRAISAL
1956,"I once did this for a coworker and I will literally never do it again. They were so disrespectful of my items, apartment and just so horrible I had to kick them out after the agreed upon time came and WENT. 

My BF also did this for a friend and the same thing happened. 

We definitely learned our lesson, but it’s kinda depressing

sad to know that now if someone  I don’t know *really* well is truly in need I won’t be willing to assist :( ",ANECDOTE
488,Well that was a wild ride. Good job getting out of a bad-and-getting-worse situation. Hope 2019 treats you well!,APPRAISAL
418,"A sense of humor. To me, there is nothing in the universe that you can't joke about. It all depends on if it's a good joke. 

If you're a person that doesn't take yourself or the opinions of others too seriously, and by that I mean getting angry at criticism, taking everything too personal, feeling attacked at the slightest sign of disagreement etc, then you are far easier to be around. ",ANECDOTE
1568,well all my friends tend to look at my history whenever they're on my computer or phone,APPRAISAL
1002,"Are you 100% sure it wasn't family. It could have been a friend of someone else in your family. Secrets like this are normally hard for people to keep on their own so it's possible that someone else confided in someone else and so on leading back to you. I am sorry that people are finding out thus causing you pain. If and when you do find out who told I hope it brings you closer to some closure, however it is possible you might not get it. Remember you are alive and striving today and pass actions on in the past it's how you react now to those that's where you will find peace. ",EMOTIONAL_SUPPORT
1935,Call the ex. See how she feels.,ADVICE
55,Plenty of people care if you are ugly or beautiful.,APPRAISAL
292,Save all the attention for when you are together. It's like delayed gratification that you don't water down with constant texting.,APPRAISAL
1703,"You haven’t fixed the problem, so you will have the same result. 

If it takes that much effort to talk with a GF/BF, they are the wrong match. 

It’s that simple. 

Get back together if you want but it won’t last. Why waste the time? Stop avoiding the effort trying to find that right fit. ",ADVICE
1095,"Do you understand that this ""relationship"" will never work out? ",APPRAISAL
1231,"Who cares if your too old to go to high school, you're thinking with your ego here.

In addition, if you're really interested or passionate about programming I suggest go to high-school which you can go to college/university where more opportunities arises. 

There are 40 year olds who go back to college because they want a career change. 
Age is just a number bud, you do you and get what YOU want out of life, don't make the mistake and live in regret wishing you could've worked harder on getting what you wanted. 

Oh yeah, switch the words from I want to be a programmer to... I am going to be a programmer. It help you stay motivated. 

Good luck and don't give up. :) be the best programmer there can ever offer. ",ADVICE
1955,"Yes; but what I'm getting at is you're basically minimum wage. You will struggle to own a house, save for retirement, own a car, start a family, etc. unless you live a frugal lifestyle or your significant other has a high income. If you are okay with that, then by all means, live the way you are now; but the cost of living always goes up, and things will only get harder.",ADVICE
891,"If you have an iPhone download Robinhood. It’s a free trading app. Register and transfer $20 bucks into the account. Invest in penny stocks... 

Why penny stocks... because that’s all you can afford right now. If you lose, you will only lose $20 bucks. which you would have spend it on something useless anyway..

Basic stock advice... buy low sell high.
I’m sure you heard of the government shut down. Most stocks tumbled pretty hard. But at this moment is when you buy, when all the stocks are at their lowest. At some point they well go up, probably when the government opens up again. Boom you made some profit. Again this is the basic trading advice. 

",ADVICE
960,Well are you ready to be a father?  No matter whose baby it is biologically it is who cares for the baby that is the father.  You have a choice to stay or leave. ,APPRAISAL
26,"Why say ""its cheaper to raise my sallary then to find another worker""?
Why not try like this: ""over the past x time while I have been working here iv learned alot about my job and thus I find that asking for a raise would be justified. Im asking for (here you insert 125% of the raise you want). ""
Most likely you wount get that 125% but no worries, you have negotiation space. And if you get that 125% then you outplayed yourself. Congrats.",ADVICE
1651,its ok. we are just trying to figure out where to start. for now we are just saving money. we might be able to open a business if we can sell some land in my home country. and no need for you to be sorry. Reality is harsh.,APPRAISAL
989,"Thank you for taking the time to share this. I needed these words so badly. I'm only a few days post breakup and I'm trying to just take it one day (or sometimes one hour) at a time. I'm lucky that I have a ton of love and support from family and friends, but it's still a massive struggle. I know it will eventually get better but the random and unexpected gut punch emotions from memories or reminders at times I think I'm doing better are tough to ride out. I know time will heal and these moments will hurt less and less. I can't wait for the good times to not just be painful reminders of what I've lost. ",WARNING
19,"You have done your part. Unfortunatly this is something that is not within your ability to fix. As I said, your only option is to minimize the damage to yourself and be there for her. You do not have the key to ""FIXING"" this girl. You can't. It doesnt work that way.  The few movies that actually touch on the subject are wrong. There isn't a phrase you can say or a certain thing that happens that makes everything ok.  She needs to WANT to get better. Again you are not in control of that. You aren't supposed to be.  People live through this, go to school for a DECADE, paying tens of thousands of dollars and still are sometimes unable to help.  Please. Seek therapy yourself, they are far better able to help you than random people on the internet and can are more capable of guiding you through these difficult issues.",APPRAISAL
1984,"Insurance consultant here that works with employers. You absolutely should talk to your HR department. You also can reach out to the broker your company works with. They have account managers at the insurance companies that are better at resolving issues than customer service teams at the insurance company that you as the member call directly. 

Also ask for a copy of the plan certificate, not the high level summary. It will have everything that is covered and excluded from your policy. Should be at least 50 pages long. ",ADVICE
478,"Don't forget getting a new drivers license to show the correct address especially if moving states. Updating allllllll your billing addresses. And just cause I've seen it so many times on here, make sure you know this guy and don't go dropping everything only to be trapped with no money to leave when you find out he's a drug addict. ",ADVICE
1429,"It's difficult. You become addicted to it. I still consider cutting myself when I feel even slightly upset.

I quit kinda cold turkey. I saw how much it was hurting my fiancé. He saw the cuts and I hated seeing him upset about it. ",ANECDOTE
878,"What lying did they do?

Do you believe that if they'd submitted the paperwork on time the loan would have been approved?

&#x200B;",EMOTIONAL_SUPPORT
1975,"So I bought a Prius (downgraded from an Acura) when we moved to a new state and let me tell you, I love that little car. I had originally planned to sell it or use it to replace my husband’s car once we got established and get myself another Acura, but I’m actually 100% with driving this thing forever. 

I don’t have to pay to get it detailed 2x year, I don’t care to keep it perfectly clean. I will park in very tight stalls with no care because I fit almost everywhere! And if you hit my door I don’t really care much. I tend to speed and legit have never been pulled over in the Prius. I’ve been pulled over multiple times in the Acura. TBF though, this could just be the new state. I don’t go a lot over the speed limit, usually just keep up with traffic, but yeah never pulled over in the Prius.
 
So long story short I vote economy car. Nice cars are nice, but you have to put in a lot of effort to keep them nice and that is some work!",ADVICE
835,Best to find out how into you she is or is she just using you because your the bosses son. Is she’s into you it could lead to a fwb or more. Can’t always fight feelings. She could end up being the one! ,ANECDOTE
236,"taking an extra job and giving up your weekends are being frugal won't do you nearly as much good as may be cutting your living expenses in half by getting a roommate.. 

Splitting your living costs with someone should be your number one. Find a roommate",ADVICE
648,"I understand the parents thing. It sounds like you ARE all in, regardless of what your parents know. 
His sister is just being protective, and stressed with the accident. She didn't mean to lash out at you, is what it sounds like. Just concerned is all.",APPRAISAL
1251,"Really super proud of you! It’s easier than some people think to get caught up in the emotions/time invested/lies/hope when it comes to exes but cheaters specifically. It takes a lot to say fuck that, try to help other people realize what’s going on, and move on without them. You’ll feel better and better about it every day and good luck with your self care routine! ",EMOTIONAL_SUPPORT
1673,You can write and sell ebook fiction or non-fiction on Amazon KDP. and Google Play,APPRAISAL
1125,"It feels like you’re suggesting that there’s not a single person who would stand up to their friend for cheating.

I told my friend that she deserves to know, and he told her. I wasn’t put in the situation to tell her.

Maybe I am friends with a person who cheats and I am unaware. All I am saying is if a friend of mine actively bragged about cheating, or I found out that he actively cheated, I would say something to him. And if the situation in OP’s story happened, like marriage, I would like to honestly say that I would tell the women. I’m not saying it would be easy, and it would probably sit on my mind for a long time. but I do feel like it’s better to help a trustworthy person dodge a marriage with a cheater, than to allow a trustworthy person to be extremely heartbroken just because the cheater is someone you call a friend. 

",ANECDOTE
138,"Take the time you're going to spend not talking to recover, just be sad.. it's ok, slowly but surely you'll get through this. Get new hobbies and do all those this you said you would do to get her back, but do it for yourself, to see yourself improving and one day you'll realize you're ok. 

And if you guys do start talking again, don't do it with second intentions, someone is going to end up hurt there.",EMOTIONAL_SUPPORT
1666,"Truthfully, we haven't really spoken to each other since the break up. Whether it's out of respect, or for the sake of moving on, but I never felt like there was animosity. I was just thinking I would just mostly warn him of the kind of person she is. If she still chooses to get involved in any way with her, that's on him. ",ADVICE
812,"You will receive a salvaged title, which just hurts the resale value but it is insurable, though you likely won’t be able to get full coverage, just liability. You can, however get a full coverage policy if you upgrade the salvaged title to a rebuilt title.
In the couple of states that I am 100% familiar with for the vehicle to get the rebuilt title it must be repaired to minimum road-worthiness standards set by the state, it must then be inspected by a DOT inspector and then a rebuilt title will be issued. ",APPRAISAL
1715,"If you care about your friendship between the three of yous then don't date her and explain why you chose not to do so. If you don't care for your friendship, then date her. A friendship is bound to be broken once you start a new relationship.",APPRAISAL
473,"I am in OH

>yes, but that chance could be 1% or 100%

would it be closer to 100% or 1%? I'm trying to get a gauge of my chances in this situation.

>or they will see that every time it worked properly the same reading came up.

I am not 100% sure if it was the same reading each time, my lawyer had mentioned that there were a lot of errors and never 2 good readings in a row, I don't remember what he said each result was if there was some slight variations, but I was charged with .09 and i'm not sure how to look that up, it was a few months ago.",ANECDOTE
1094,"Ask her out. If she says ""No"" and there is rejection you are going to have to live through it anyway.  But rejection will happen more and more as you grow older.  But it sounds to me like she would go out with you. Just be confident and if you haven't got any then fake confidence works good too. ",ADVICE
1361,"Try going to the gym its a fun hobby! And you learn so much self knowledge. 

It teaches you confidence, self discipline, respect etc! I'm sure the journey will make you enjoy it more, and that goes with anything in life. 

Literally, the world is at your hands, just gotta go out there and do it and not think too much. ",ADVICE
759,"Well my parents are from Mexico and I was born in America and although id like to turn to my parents, they grew up in a very different life style so they don't exactly have a lot of answers.
I've listened to my dads advice and lectures about life, but if im going to be honest I don't think there is anything else he can teach me.
Thanks for the advice tho.",ANECDOTE
199,"One of the disadvantages of being unemployed is that you’re desperate to get a job, any job.

Use your current job as an advantage. Being already in a job gives you the time that a jobless person doesn’t have. Use your time to find job offers. If you read about a job that doesn’t pay enough, be patient and keep on looking. Keep doing this until you find a more laid-back job that looks better than what you’re doing right now.

Same with interviews. If you are not accepted, be patient and try again in the future. Already having a job helps you to be less nervous during interviews.",ADVICE
1413,"Stay out of it. Don’t pay, don’t ask how it went, just stay out. ",ADVICE
1213,"Thank you :) I have said to her a lot that I am here, she has had it by email, card, text...I am giving her her space and am just hoping she will contact me eventually when she is ready. I shall be patient and keep moving my own life onwards :)",ANECDOTE
373,"Unfortunately there isn’t. All I want is a quick less than 5 minute introduction when he picks me up before we go off and do something. It wouldn’t be a formal occurrence. I doubt I’d even give my parents a heads up about it. 

I don’t think so either which is why I’m so torn about feeling hurt/frustrated about this. 

It’s not too big deal at the moment for me but it’s getting to that point. I don’t want it to come to an argument. But I’ve got my sisters asking me why he hasn’t met them, I’ve my parents asking when they’ll get to meet him, and I don’t have an answer for them. It’s starting to feel really shitty that he won’t just come over. ",ANECDOTE
1499,"I see a recurring theme.

Your parents have you wrapped around their fingers and you regularly fight with your husband over this.

If you want to keep sowing seeds of resentment and see your marriage fail keep fighting with your husband over your parents. Otherwise, stop feeling guilty. You have to be there for him before your parents (and he for you before his), and then your kids and their future.

You are married. At this point you owe nothing to your parents. Nothing at all.",ADVICE
1698,Thank you for your advice. It gives me a lot to think about :-),APPRAISAL
330,Thanks for your honesty. I think you're probably right ,APPRAISAL
1475,"Personally, if i was 24 years old, i would drop the bonds and go 60/40 on the domestic/intl funds.  Dont own bonds until you turn 30, start at 2% and up it 2% a year.  Simple",ADVICE
1016,"You are your own advocate and these choices are your own, but I want you to consider what your life is going to be like after Klonopin, because that dose will not work forever and eventually you will find yourself in a position where your psychiatrist will be unwilling to prescribe a higher dose. 

3 mg of klonopin a day for 3 years is a lot. When you come off of that dose, you will experience rebound anxiety and discover a new baseline for your anxiety.
",WARNING
1012,"Also, after 5 years Roth IRA contributions can be withdrawn without penalty (I think) in the event of an unexpected expense (house down payment,  engagement ring, college tuition,  etc.).",ANECDOTE
784,"Well, the relationship ended a long time ago when she started banning you from things. 

Time to move on. She will come crawling back in a few days, but be strong. ",ADVICE
1287,Have you tried cleaning it to speed it up? Not that much effort tbh and I can run you through things,ADVICE
1049,If the gift is taxable it may be the only FU recourse she has,APPRAISAL
53,"Depends what  work contract you signed.

Did you sign sesonal part time?(even if its 25 seasons long)  If so then no.

Did you sign as a contractor from an outside business  then no.

If this is corporate stores(Walmart,home depot lowes) youll need a lawyer to even ask for severage",WARNING
1324,"Do you happen to know if there are interest rates on payment plans? (I’m ignorant to this stuff, I do apologize) ",ANECDOTE
1909,"Hey thanks for that! I didnt know what the Australian subreddit was. 
I called the non-urgent police number upon finding my property empty but it seems like the police didn't really care? Either way they weren't really escalating it or giving me the option to so I guess it was just a place to store information as it was happening?

I might talk to the company tomorrow about the misunderstanding, I just don't know what to say at this point. Thanks again!",ADVICE
982,">It's not really up to you how she pays. Insurance is for her benefit, not yours.

I'm not sure what you mean here. OP doesn't have to accept her out of pocket payment, it's *literally* his choice whether to accept money directly from her or ask her insurance company to pay for the repairs. Her rates will go up but she won't pay the entire cost of the repairs if it's higher than her deductible. I'm not sure why you're being so bizarrely judgemental towards OP, they're not stupid or mean for not wanting to trust a complete stranger to cover the full cost of the repairs.

The problem is that if there's hidden damage, which is entirely possible, he's more likely to be made whole by the insurance company if further repairs are required. If he accepts a one time payment from the woman, it's possible she may balk at paying more than the initial estimates. The woman is not likely to want to pay more than the first repair bill and yes, OP could easily end up worse financially by accepting money directly from her than if he had gone through her insurance.

This is an adversarial situation and OP is best protected by making sure the foreseeable contingencies are covered. Since he doesn't know the woman, he has no guarantee that his full damages will be covered. It's not in his best interest to accept a direct, off the record payment. He's not required to do her the *favor* of accepting a direct, out of pocket, off the record payment.",ADVICE
963,"I think having some level of anxiety is totally understandable, and probably a good thing. If you can afford it, I would consider working with a trainer. But one who is properly trained. I know my father returned to his workouts post knee injury with a trainer that had a background in physic so it was good for the injury and moving at a safe speed for you.",ADVICE
1543,Nah just sounds like excuses to make you out to be the bad guy. You’re beautiful and deserve to feel like some great guys #1. Just focus on healing and moving on and don’t let this immature guy make you feel even more insecure.,APPRAISAL
99,"That's definitely rape, everything you just described.  You said no and gave him a very reasonable condition, but he pushed past your concerns and had at you forcefully.  Lots of women freeze up or just let it happen because they're shocked.  That doesn't mean they're okay with it.  Tell your boss.  It can be your female boss.  You don't need to be vague.  You can say you have no interest in pressing charges, but you don't want to be near this person -and you don't think he should be in an environment full of young women.",ADVICE
556,"I personally find that when my nails are perfectly filed and painted, I'm far less tempted to bite them. Also, if I get gel nails, I don't/can't bite them.",ANECDOTE
133,"your parents sound awesome! they are probably so happy you're rid of the bad gf...so happy 

keep in mind that lists are your friends; make lists for every room

e.g. think about cooking your favorite meal - make a list of lol the tools you need & bed, bath & beyond will have everything you need

a good thrift shop is good for some kitchen things 

Ross has great prices on sheets 

good luck dude - congrats ",APPRAISAL
739,"Tell him that when you have a son you're gonna name your son after the ex you loved the most. I mean, why not right? 

In all seriousness though, this isn't cool and it's kinda psychologically abusive towards you. To have to say your daughters name and be reminded of his ex, whom he loved very much? That'd kind of psychotic of him. Don't do it. If you have to, talk to his mom. Maybe she'll help him see what an ass he's being. ",ADVICE
274,"So what are you going to do in the US instead that will make you happier?

Also, why do you assume that you won't make any friends?

Oh, and how much would the trip cost?  ",APPRAISAL
525,"Yes, do exactly that. Ignore him. The best thing you can do is show him that you are happy and that you don't care what he thinks of you. ",ADVICE
107,"Exactly what I came here to say. The relationship was not healthy. Now he can really get out and explore and have meaningful contact with people, whatever their sex or gender. without baseless restrictions and harping insecurity. 

Enjoy the new year and all the good it brings, OP!",ANECDOTE
1233,"Who ever you decide to talk to, do you think they may need to hear the whole story in order to give useful advice?",APPRAISAL
238,Thanks :) i dont know anyone here with credit card so I was not sure how it works (seeems like everyone in US is on credit card?) but i was expecting something like that,APPRAISAL
952,"I find it 100% believable because I was like that when I was younger.

The reason was twofold:

1. I had abusive parents and everytime I tried to talk about it, I would mainly receive canned responses from people saying I shouldn't talk about my parents like that, that parents in my culture are expected to be like that, and that my problems weren't significant. You repeat that 5-10 times and the only thing you feel like you can do is to close yourself off.

2. A side effect of long term emotional abuse is that you start blaming yourself. 

These two things contributed directly to me closing things off even with people I trust. Perhaps the other possibility is that I learned not to trust others.

I'm better now, but it took a lot of time and a lot of soul searching, and Reddit helped a lot too. 

Hopefully I communicated well enough about how, while it's not a good thing for people to close themselves off like that, it might be understandable for someone to do so.",ANECDOTE
907,"I'm sorry you have to go through this all!! :( 

For one, moving may not be the best answer as it isn't going to solve anything in the long term. Issues will always linger. Trust me I've tried this. It helps to a degree, but considering that 80% of your issues stem from relationship dynamics with your gf+her son, those dynamics will likely follow wherever you go. 

Secondly, a full circle chat might help everyone express why they aren't happy. Make it a judgement free zone ( even if the kid is messing around the way you may not approve of). You guys might be having connection issues because you are afraid of what each other might do or say.  I don't know- but notice the dynamics a little more and analyze together. Ask questions like ""why do you think I did that?"", or ""what is the end goal?"". Really try to understand- but be okay if you have different views. Gain that mutual respect and common ground. 

Hm. But also a 10 year old is approaching unwieldy territory- he needs to know that you are there for him no matter how much he fucks up in the future and he won't be reprimanded too harshly as long as he is honest. I bet talking is tough because he doesn't feel comfortable with coming of age topics... emotional stuff with relationships and whatever... 

Not sure if that was at all helpful- but do not sacrifice the few good things you have for others. You'll hate yourself for giving up yourself. If you want to move and you personally can thrive elsewhere, that seems like a viable option too. You'll be a better judge of that. 

Good Luck!!! Seriously! 



",ADVICE
1001,"Good point, I guess I didn’t really help before. I’m not exactly sure, but I do think there’s a correlation between free time and focusing on unhealthy things.  My friends with the most time on their hands, seem to dwell on things like that.",ANECDOTE
1801,"Don't take out any new lines of credit or allow any new credit inquiries.  You will take small hits to your credit with each inquiry. This could possibly affect the interest rate you are offered on your loan by the creditor of your choosing.


Make sure you factor in all the additional monthly fees you might have from the house including water, garbage removal, HOA fees, and of course your property taxes (annual) that you might not have experienced paying before in an apartment when calculating how expensive a house you can afford.


",ADVICE
684,"MoneyDance hooks into Alphavantage and you can get a free API key from them to get the exchange rates you need, just tried it manually:

&#x200B;

[https://www.alphavantage.co/query?function=FX\_DAILY&from\_symbol=AUD&to\_symbol=USD&outputsize=full&datatype=csv&apikey=](https://www.alphavantage.co/query?function=FX_DAILY&from_symbol=AUD&to_symbol=USD&outputsize=full&apikey=X5LKCIFDQO1CAYAU)\*\*mykey\*\*\*

&#x200B;

And got a full set of exchange rates back to 2001 in CSV format, you can get JSON by changing the datatype from csv to json

&#x200B;

Go to the MoneyDance forums and I'm sure they will help you figure out how to do what you want, or you might just be able to use the CSV spreadsheet to get what you want

&#x200B;",ADVICE
1504,"I'm not really sure why you think it’s an outrageous fee. Surely the companion ticket alone is worth more than $195? And the MQMs/MQD waiver can be invaluable to somebody who's ordinarily just a bit short of qualifying for Medallion status. Of course the card isn’t useful for someone who doesn’t fly Delta at all, but many people find it extremely useful.",APPRAISAL
75,Thanks! Any recommendations on starting that process? ,APPRAISAL
617,Kinda depends on the situation. Any specifics? ,APPRAISAL
1438,"Ahhh that US Marine guy you replied to below deleted his comment. I wanted to thank him for putting in the effort to reply.

Your reply is much appreciated and I will copy and paste it into a txt file, if you don't mind so I can review it and take it all into mind. Thanks for putting in the effort. As that Marine stated, having to follow orders is an issue in all different styles of career. but within Police and Military, more so.
The various orders and situations within the military are what really hold me back on that side of the advance. Hence I feel I would rather go with Police training. That and the fact that I haven't been through any training, nor been in many high risk/quick decision scenario's such as you mentioned. I'm completely untested.

There will be lots to learn and humility will be needed. I may not be able to hack it. I don't know yet.

""You'll have to do things you never wanted to do"" At the end of your fourth paragraph. Can you elaborate please?
 
As for your comment below. I have no disillusionment's about saving the world my friend. Global warming will spark mass migration, walls will be built and shots will be fired. Bombs will fall.
I want to try and make a difference, as I stated, even if its just a small thing for one person a day. But yes your right, as of yet, I know nothing about serving.

One more question for you actually. I had a lung collapse a few years back and its still somewhat weak. I.E I could have a potential lung collapse again at any time. Though I have run, walked miles non stop etc since it's still a thing. You think this will be a no go? As I say, I can run and lift weights, its just an unfortunate possibility. I mean I see overweight police walking around so?

Once again. Many thanks and many more! :)",ANECDOTE
204,"You have relatively mixed and moderate positions in a highly polarized political atmosphere. So do I, although your opinions are largely a mirror of mine.

You might try just starting with making friends without talking politics.",APPRAISAL
1092,"You are already a single mum to your lazy abusive husband.  He is lying and gaslighting you, manipulating you.  Raising your kid alone will be easier than living with this emotionally abusive parasite.  Source: happy single mum",APPRAISAL
1376,If I move it then aren’t I accepting the loss of 7k from my 403b or are you saying I would make it up by purchasing TSP at a Lower cost.,ANECDOTE
1813,I would talk to someone professional about the situation and get some advice from that. Maybe call a centre that deals with this kind of issue.,ADVICE
921,"Tell her to listen, you don't feel comfortable with that relationship if she doesn't listen. End it",ADVICE
1994,"We broke up about a month ago. Since then, I have looked back on how I was acting and I apologized to him about it. I realize that I needed to trust him more so I have been giving him little things I can trust him with so I can build up to trusting him a lot. I have a lot of guy friends and I needed to remember that when he is hanging around his girl friends so I feel that if we started up as a new relationship then I will carry on this  thought. ",ANECDOTE
1408,"> Questions again: How can I legally gather evidence of wrongdoing that is not directly traceable to me? 

The answer is you don't. The police have a process they need to follow. You trying to help will only get in their way, and hurt any case

&#x200B;",WARNING
467,I want to transfer my retirement funds from TRS to my husband’s Fidelity IRA account. Can I do this? Will there be a withdrawal penalty? ,ANECDOTE
1133,"Did you have travel insurance?  
Expedia make it very clear that they recommend it for these types of situations. ",ANECDOTE
1817,"Make adult decisions. Suffer adult consequences. This isn't a game. If he doesn't do something that sacrifices his time, sleep, and sanity he will end up a poor loser that's a drain on everyone around him. In short he would be fucked. It's totally doable. But he isn't giving the vibe that he gets the gravity of his situation. But I'm not surprised. He's 17. He's naive. He's charting new territory so of course he's leaning on his parents. ",APPRAISAL
1743,"> I want to know what my best course of action is for preventing this from happening again to anyone else in the future.

Don't make poorly veiled threats to shoot your clients.",ADVICE
519,"**2018 Goals:**

Unfortunately, I wasn't here for the 2017 goals, but I think it went pretty well. 28 years old and I am excited to check back in on this post next year. On that note, my SMART goals for 2018:

* continue to invest 3% of my gross salary, combined with 7% employer contribution, for a total of 10% into my 403(b). 12 total payments by years end. 

**COMPLETE -** even increased to 6% contribution

* firm monthly expenses are currently 54% of net salary, do not let that increase. decrease that number if possible. furthermore, increase e-fund from the current 3.2x months to a hard 6x. 

**Part 1 COMPLETE -** expenses increased while also increasing my income as well, surprisingly still at 54% exactly

**Part 2 INCOMPLETE -** still near 3.5x e-fund

* pay off my two smallest, private student loans while paying minimums on the others.

**INCOMPLETE** 

* my largest accomplishment of 2017 was tracking every single expense. that data is scary and powerful haha I will do that again in 2018. I will also lower my annual 'dining out' spending by 12%.

**INCOMPLETE -** I did continue to track expenses but did not lower my dining out budget by 12%

* complete two professional certifications and begin exploring new jobs opportunites near my two year mark this fall.

**COMPLETE -** certainly the biggest success for me in 2018, I accepted a new position with a large pay increase

Those are the big ones for now but I am excited to see how you all set goals and plan to measure them, and will likely edit over the next week or so :)

&#x200B;

**2019 Goals:**

29 years old, single male making \~80K per year in a HCOL area, really excited about continuing this tracker. My 2019 SMART golas,

\- the last three months of 2018 I went a bit wild; in 2019 I will lower my dining and going out average monthly spending by 33% compared to those months.

\- lower my debt load by 13.5k (still not sure if I want to snowball or avalanche between my student loans and car loan).

\- excel in my new position. complete one to three small forms of continuing education, join a professional org, and connect with one to three professional mentors. do my best to prepare myself for a possible promotion in 2020 or 2021.

\- I spend $25 to $50 a month on books, I want to use my library card more and lower that to $10 a month or less on average.

\- a bit more vague, but continue a high standard of maintaining my car. Not necessarily just paying for maintenance, but with effort I can pay this off in the next two years and continue to drive it for 10+ more in great condition.",ANECDOTE
1117,"I understand, but it is still a poor prioritization - no matter what condition you maintain them in. ",APPRAISAL
634,"Having Communication. Solves so many problems, really is necessary for a healthy relationship. Not to mention it help establish trust between one another.",APPRAISAL
328,I think I’d move along... you’re thinking about living together forever and you’ve never interacted. You caught a crush. Leave it at that and don’t creep the poor girl out ,ANECDOTE
965,"Make sure to check for foundation problems. Those can be expensive to repair and insurance may dispute coverage. Flooding caused by foundation problems are not covered by standard insurance. They'd say you need flood insurance. Don't rely on home inspecter. Check for damp corner or carpet, or signs of mold. I learned the hard way.",ADVICE
1377,"> Is he being paid overtime?

> He started working as a supervisor 

Probably classified as exempt. Likely correctly too.",ANECDOTE
1964,"The renting is a lot safer because theres minimal unexpected costs and upkeep. I would not buy unless you'll have a roommate.

I bought and did not take in a roomate... it ended up being a miserable 6-year grind. I rent now, invest my money and am free to move from city to city, life is good!",ANECDOTE
926,"OK. Is that a 30% APR or 30% flat? How long is it going to take to arrange it? Right now, I say **take it**. 

What family do you have? What type of access to credit do you have? Where do you need to get to in Canada? How long can you reasonably wait in the UK? Can you get to London?",EMOTIONAL_SUPPORT
1953,I agree with this. They're both so young. This is far from your last relationship... Your young years are all about figuring your life out. It's best to part ways.,APPRAISAL
1066,Small court costs would be around $50 and you can ask for these costs to be included in the judgement. ,ADVICE
1902,"I hope we don’t get to that. If he really wants to be alone and enjoy life, I don’t know. Or if he really is tired of me then he should move out, that’s the way I see it. Why still live together when you want to separate? Avoid a messy divorce? Child support? I don’t know.  I tried to talk to him yesterday but there was no a way of having a conversation, he just kept saying he’s tired of me not doing the right thing, me is the problem and to do whatever I want. ",ADVICE
805,"It's going to be fine, I promise. As the time goes the pain will fade away. Talk to your family and friends, talk all that pain out. Cry if you need, scream, let all that pain go away. Go and meet other people, bars, clubs, museums. Try some new hobbies. Something that takes your mind off this. Hope it helps and you're better",ADVICE
1917,"As a light sleeper, I've used a box fan to minimize noise, and it's been a really effective tool in getting a good night of sleep.",APPRAISAL
595,"I use free (0%) financing all the time on expensive items.  Great way to keep liquid cash on hand.  That being said, if there is added cost or interest involved.... count me out.  


All you're doing by financing that ring is costing yourself more money over time.

&#x200B;",APPRAISAL
500,"Take a few Saturdays, post up somewhere with your computer and start researching the fuck out of *everything* resembling an opportunity with *anything* you have interest in. Get creative. See if there's a way to combine interests. But eventually, find one or two you like and hardcore pursue them. Whatever you have to do/sacrifice/adjust in order to do it, do it. 

At a certain point, you have to just go with what your heart says you need to do. Or not do. Right now, it's saying stop doing what you're doing. Okay, easy enough. What next? Anything. There are opportunities out there, you just have to look for them. And don't count any out because it's not glamorous enough or something. First step is getting out, then as you're doing that next thing, you're in a more fluid position to get into something you may love enough to stay at forever.

_________________________________________
I'm at a similar ""I need a change"" phase, so I have a lot of those cloudy thoughts going on. I found something I'm pursuing now, but it took being active in looking for it for the change to feel real.",ADVICE
1335,"She’s thinking of her ex, while you and her are having sex. I don’t think she’s over him.",APPRAISAL
1884,"Well why didn't I think of that. I would think it would be taxable though.

Actually Google may have helped me see your point. It indicates that the policy value above the amount of the premiums paid would be taxable. That's only a few hundred bucks so probably shouldn't affect me much ",ANECDOTE
843,Set up autopay.,ADVICE
1141,"you should have her move to that haunted house you posted about, with the girl who crawled from under the tables? she'd at least have someone to talk to who also loves furniture ;)

jokes aside she sounds like annoying person to talk to. there's not much you can do about it aside from pawn her off on someone else (find her a boyfriend?) or tell her how you feel (bad idea. she'll just be hurt) 

so it goes!",ANECDOTE
1948,Its not really about the budgeting...because I do budget some spending money for myself. (I have tried the envelope system as well) What I'm saying is that I feel anxiety even spending that money I allocated FOR spending. So I end up not even spending half of it,ANECDOTE
51,"Indeed, if the only goal were to address legal issues there would be no reason for any sort of excuse. But OP can be fired for making the police suspicious, so the ""non-suspicious excuse"" is solely for job-protection purposes.",APPRAISAL
128,"> I want this dog taken away from them TODAY.



Well that's likely not happening, unless you have video evidence of them mutilating the dog in some way. What abuse do you have on video? What you have may be enough to start a case, but not enough to warrant an emergency removal. ",WARNING
1088,We are very risk adverse. My spouse and I paid off our mortgage early (in seven years) and neither of us have ever regretted it. I highly recommend it.,ADVICE
61,"Thanks for the reply

In the beginning of our marriage sex was great, every other day or so like it was when we were dating.   After our son, she started turning me down, alot.

Now a days she still turns me down 9 out of 10 times, for reasons like she is tired, that she needs space, or she doesn't want it.   It would make me feel unatractive, or undisired and it hurt a bit. And if we do have sex it is almost always vanilla, meaning no real foreplay, and no exploring our sexuality together.

I have tried several things to get her in the mood more such as helping out house, helping with our son, almost completely quiting video games.  Used to play MMOs and other games that cannot be paused,   now if I play, instead of sitting with her, I play games that can be paused.  She still gets upset because I have a hard time switching tasks, especially if I am focused on something and would reply with short answers.  

 I have tried to get her to play with me but she feels like she is just following me around.  I tried switching to support roles in games that results in her getting fustrated because she can't progress past points that I can't heal through her standing in fire or standing in telegraphed moves.

So now our quality time consists of watching shows I dislike,and I feign interest.  Because honestly I could care less if the bachelor gets with girl or another,  or if a product on shark tank is going to get funding.  But hey at least I am cuddling and getting touch.


",ANECDOTE
364,"That's pretty good. How do you feel about raising that up to 15%? Then with some remaining funds you can pay the car off more aggressively, then you'd have both!

Or as they say: por que no los dos?",APPRAISAL
1516,"See if they will agree to your fostering a dog as a trial period. If everything goes well, once the foster is adopted, you get your own dog. Or perhaps you end up adopting the foster yourself.",APPRAISAL
1966,"An employer I've had  required previous pay stubs..... My employer was the US Government, they matched my previous salary. It's pretty normal in government work. ",ADVICE
1131,He's not a failure still living off of you. You are an enabler who has failed to put your foot down. This is your responsibility. Learn how to say no. ,APPRAISAL
109,Why would you end up homeless if you told your mom? You said she’s already keenly aware that your dad has a shopping/debt problem,APPRAISAL
348,You have every right to feel betrayed regardless if it was a woman or not. It's still cheating. Talk to her and tell her your feelings. Good luck!,EMOTIONAL_SUPPORT
287,"You say this is in the Bay Area, so you are going to get taxed very heavily.  Your marginal federal+state tax rate in Calfornia at 120K is well over 30%, so you may as well max your 401k at $19K.

You can also make Roth IRA contributions, though you have to do them as traditional IRA conversions, and they are not deductible.  

Your budget is sort of wacky.  Bay Area rent+utilities of $2000/month would be a huge bargain for anything other than a room in a house.  You are including $1500 for food, which is about right...for a family of six...and then your company provides meals.   You didn't budget anything for transportation, entertainment, vacations, etc.   




",APPRAISAL
242,"I’m surprised that you offered to help her with bills and she still insulted you and your mother. Do not allow this woman back into the house, she was never really sorry and is a narcissist. ",WARNING
1151,Not being stubborn but how so? The only thing I’m mad about is her starting everything and then being shady. What she does with others is her business. She chooses to tell me. ,ANECDOTE
938,"Yes, from personal experience. My dad kicked me out repeatedly when I was 14, basically everytime he got mad at me. Finally I said enough and moved to a different state. I didn't talk to him for two years, and it took years before my self esteem recovered. I spent almost a decade angry at everything, feeling like I wasn't worth love, and sabotaging every relationship with friends and family.",ANECDOTE
1831,"I had a roommate do this to me. I sent a professional letter to him and his parents stating the fact that he’s on the lease and agreed to pay X amount and if he didn’t I would take him to small claims court for all that he owes. Parents sent a check to me and he moved out so didn’t have to take it that far. 

Roommate is in the wrong and will have to pay one way or another. ",ADVICE
1432,"Hmm I know where I live teachers make a decent wage that certainly can afford travel and luxuries if they aren't reckless, and do get pay increases the longer they have been working. Does she live outside her means? Because that isn't a good idea if she does. I mean you can always find a higher earner but who knows if they will always be in that position. ",APPRAISAL
29,I’m currently in a ldr! Been together 2 yrs but doing long distance for the past 7 months. And we won’t be together until summer of 2020 ,ANECDOTE
1118,"Moving to Canada isn't as easy as people think.   You need to have family there, be willing to make a significant investment (a mil I think), or have a job lined up in certain high demand fields.    Pretty much what the US requires also.    I'm not sure what every country's immigration policy is, but you can't just move anywhere as you wish.


Ireland has pretty low requirements, just residency of a certain period and a job I believe.",ANECDOTE
573,"So she cheated on you and kept it a secret until now. The way the events played out it sounds like she’s easy to get in bed. And it doesn’t sound like she was even that drunk. She’d do it again. She’s not as sweet as you think. I vote to end it now, it’ll save you from many more affairs in the future. ",ADVICE
15,"Hard to tell because of very little detail, but always remember: ""You miss 100% of the shots you don't take.""

But if you take the shot prepare and try to give their point of view some thought. Don't rush!

Real friendship is something very precious and should be seen as such. 

Hope it works out!",APPRAISAL
1532,"If you're 21, you're probably really close to getting a degree. Why don't you stick it out and finish? You have already spent all this time and money going to school, you might as well read the benefits of having the actual degree for your resume.

But don't do it because your girlfriend is threatening to break up with you. Do it for yourself. Break up with her because she is a manipulative person who is trying to get you to do what she wants.",ADVICE
252,This is an unhealthy relationship. He's picking drinking over you and his family. All the warning signs have come and gone. You need to break up and not come back.,WARNING
1626,"Why not stay where you are for now, boost your savings, then transfer in a year or so from now?",APPRAISAL
1807,Tuning means some one reprogrammed the computer.  The original dealership that sold you the car should have made you aware of this.  Needless to say the shop you took it to and the dealership that sold you the cat are going to be doing the finger pointing dance.  ,APPRAISAL
466,"TBH, I didn't read the whole thing. But I can tell you that that want to get divorced and want your blessing. They wouldn't ask you unless they wanted clear conscioses.  Tell them to go ahead with the divorce. You'll all be happier. ",ADVICE
1960,"If she hits a car that isn't moving after repeated honking, I'm pretty sure that's reason enough to question her ability to drive. It's not OP's responsibility to look into this, but I do think people are reasonable when bringing it up.",APPRAISAL
765,">It is important to realize that it is acceptable to pay more in rent than in a mortgage because rent is safe.

This to me is quite misguided. 

With every mortgage payment, you own a tiny bit more of your home which means your equity goes up. 5 years down the line, you can choose to sell your home, take the cash, pay whatever percentage you owe to the bank and walk away with the rest. With rent, you always walk away with $0. 

If you choose to stick with the mortgage, after 15-30 years you own your home and get to live 'rent-free' for the rest of your life. The only caveat being taxes and maintenance which are much smaller than rent. If you don't own, you pay rent for the rest of your life. ",APPRAISAL
1199,"Assuming it’s less than $15k, you can sue him in conciliation court, which is what those crazy folks in Minnesota call small claims court.

You have the agreement, albeit unsigned, and the event happened. 

Once you win you have to collect which isn’t always trivial.

http://www.mncourts.gov/help-topics/conciliation-court.aspx",ADVICE
621,"Any woman that thinks that this is a red flag is probably a red flag. There's nothing wrong with you. I think it is a red flag if a woman says it freaks her out that you're virgin, she's immature and probably bad news anyways .Yes I'm a woman and I would not see this as a red flag. There are lots of good good women out there who would probably really appreciate the fact that you were a virgin. I would recommend just dating some women that have integrity obviously",ADVICE
1970,"It matches yours perfectly

Btw this post was what I was referring to in my comment about how you were acting btw. I’m so happy you found it and read it because now you can see your actions.",ANECDOTE
1907,Unfortunately not your style doesn't matter in a legal forum.  You can't expect someone to work with you if you aren't willing to put in work yourself.  ,APPRAISAL
925,"As others have pointed out, this is not illegal.

However, it might run against *company* policy - there are several companies in the retail sector that have mandatory off periods, as an example.  But that's less common in the restaurant industry.

Have your wife - when she gets some time - check her employee handbook.",ADVICE
1740,"She's actually been with me longer than him, he's a relatively new friend who has gotten attached quickly. 

I do think she makes valid points, I just think the way she's going about expressing them is a little immature. ",APPRAISAL
557,"Honestly, I would take as many attempts as necessary to try to get either a protection order against your parents, or a restraining order. 

You are an adult. You have a right to live where you want. Change your number, and if you want, change your name. That is your right. You did the right thing by cutting ties with your parents. 

Other than that I have no advice for you. 


",ADVICE
996,this is a good idea but usually they come with a limit on how many courses you can take per semester (usually one). Time is tight for OP's wife and she may not be able to complete the courses in time to get her degree...,ANECDOTE
306,Thank you for the advice and also the fast reply. Having somebody to talk to means a lot. Would give you gold if I could ,ANECDOTE
1301,"Sounds like he is moving on from the event. Sounds like he had a year, a year and a half to deal with the demons you gave birth to after the affair, and by now he managed to slay most of them.

Rest assured, he has not forgiven you. You don't just forgive infidelity.

But he had enough time to deal with the situation in his own way and is now moving forward, and like it or not, he is dragging you with him.

By which I mean he is most likely not going to dump your ass. He got in a fight because some other guy touched your ass. If he didn't care, he would have had another beer when he got home.

He is asking how to help your sister. A man that is getting ready to move on is not doing things that would tie him to you even after a divorce.

He gave you back access to his finances. If I were to prepare to divorce you, the last thing you would be aware of is my financial status.

If I were you, I'd count my lucky stars and thank them all.

If you need to have the talk with him, just tell him what bothers you. Worst thing that can happen is he confirms your fears. But from the reading of your post I am pretty sure he has no intentions to liberate himself from you.

Good luck to you.",ADVICE
1672,"Good luck...

Few tips...

Everything you say has to be done to a T for awhile, the moment you say something your gonna do, you have to do it. - it will put value in your word again

Try to do more when not asked but don’t go too over board nobody likes a kiss ass

Delete social media for awhile that cut a huge reason to not trust u

If you want to build trust then have to do things that tend to another’s self interest and/or gain

But uhhh if ur not trusted your gonna b doing the under the radar so that’s a bit of pressure n can drive some ppl insane but it’s all about how bad u want to regain his trust n hopefully not for any malicious reasons",ADVICE
43,"Be honest and respectful about it.  “Hey, you’re a good bunch of people, but unfortunately the work that was expected hasn’t materialized.  Obviously wasn’t my plan to leave, but you gotta go where the work is, right?”  Most people in a contracting job/field like this will understand that (I’m in a somewhat similar role, and it’s just how it is).  Then thank them for the opportunity, and say you hope they’ll keep you in mind if the work comes back.  ",ADVICE
1542,"Oh I completely understand. The problem is it's going to backfire on you, even though it's not your fault at all. That sort of shady practice is a huge red flag.",WARNING
1254,"Ah, well... even more of a reason to let her handle it. :/",APPRAISAL
1996,"Sorry but I wouldn’t even entertain the idea! No way would that be happening! Don’t let him manipulate you into choosing that girls name, just pack his things up now, 👋🏻 ",APPRAISAL
2000,"Nope, just wait for the proof of the debt. If they can prove it's hers then you can move on to negotiating and whatnot. Also, in the future you should try to communicate only through mail so you have a paper trail. Other than that, good luck!",ADVICE
465,"First of all, your statement IS evidence.   You don’t need other evidence to make a police report. You make the report so the police can look for other evidence. ",ADVICE
1918,"Evening OP
Have you considered working short term in the U.K?
We have a fairly decent basic wage here 
I live near London in the uk in a moderately sized town( Crawley West Sussex) 
My town is home to a lot of different European people who predominately  come from Poland and Romania to work here short term from 1-5 years often while trying to live as frugally as possible in order to save up enough money to go home and be able to live there lives comfortably 

(These figures  are not  exact but a good gauge)
Basic uk full time minimum wage job 
After tax:
£12,000 year
£1,200   Month 

Costs:
Rent 
1 bedroom in a shared house 
£250-£400 pcm (all bills including heating internet and power with full kitchen and garden facility’s)

Food
£100-£200 pcm

Other expenses like: phone, travel, sweets, the pub etc 
£100-£200 

So potentially that leaves you with 
Monthly   : £750     -PLN 3595.88
Yearly       :£9000   -PLN 43150.57
And your flight would be about 
PLN800

Hope this helps you or if not another European feel free to DM me if you have any questions

P.s don’t worry about us Brits we are for the most part a friendly bunch of fellows we aren’t all the horrendous anti EU bell ends the media makes us out to be 
",APPRAISAL
1757,"Sounds like it's time for an ultimatum. You want to stay, if you can play. If you can't play, then you don't want to sit and watch others play. Seems pretty cut and dry. 

Given that there are only 7 games left, you might stick it out and then quit at the end of the season. That's you ""best"" out with fewest bridges burned. In the next season, you just say that you have found new interests and will not be participating. That's that. ",APPRAISAL
136,"Did you even read the same post I did? 

Healthy intamacy outside of a primary relationship is important. But she has shown that she isn't open to op having that kind of healthy intamacy elsewhere. trust needs to work both ways. ",APPRAISAL
1334,You shouldn't have kept your mouth shut. But you have to realize that the boss's goals aren't the same as yours and that they get to make the decisions and don't have to explain to you why they make them. ,APPRAISAL
1992,"Stifle those feelings. Don't risk a good friendship by wanting what you can not have. 

This only ends well in a 90s Rom-Com, real life is gonna suck if you tell her.",WARNING
1489,"Umm, yeah, that's a criminal offence in a lot of jurisdictions  (including mine). Please report this guy. 

He's knowingly endangered your health. ",ADVICE
1887,"Your cat is a predator. Hunting and killing things is her natural instinct and any punishment you attempt will not mean to her what it means to you. You will ruin your cat's trust in you if you keep doing this and it's really not okay.

If you're insistent that this has to stop, either don't let the cat outside anymore, or find things that deter these animals from your yard.  ",ADVICE
975,"I’ve done some work with women and children who are rescued fro
 Sex slavery. Watching them move forward and have wonderful lives is my favorite part. No fully functional adult would hold this against you, no decent person would hold this against you. You are beautiful, wonderful, perfect as you are. You deserve good things, especially a loving relationship. Don’t question yourself because of these assholes. The way these kids are acting says more about who they are then it says about you. ",WARNING
365,"The truck should be worth quite a bit of money, could op sue for the truck to offset his bills?",APPRAISAL
1409,"Keep driving. Get as much practice in as you can. Learn from what you did wrong on your previous driving. It you can, practice on roads that aren't as well-used, so you can get legitimate experience in without having to worry about other drivers.

Continue studying the book (you should be able to find one for your state online if you don't have a physical copy anymore. Make sure you absolutely know what to do in certain situations- how to turn your wheels on a slope, turning your blinkers on properly, how to switch lanes, how to parallel park.

Practice.",ADVICE
273,"So with the new tax laws and not being worthwhile to itemize is it still worthwhile to have my taxes professionally done? We are pretty easy even with itemizing. 1 w2 for each of us, no additional income, a house and a child. ",ANECDOTE
1025,"Report it to a teacher or your principal, but inform them that you would like to be anonymous. They should respect that. ",ADVICE
1200,"Banks have always advised me to never spend more than 1/3 of my income on home debt.  Obviously, a high monthly income would give a lot more leeway, but it's still a decent benchmark. 

Might want to buy a home & consider a roommate to rent a room from you if you're single.",ADVICE
1866,Very powerful words. Thank you for your support ❤️ all the best to you too,APPRAISAL
1808,Talk to your friend?,APPRAISAL
146,"In College/University I found most of my classes were big enough that you can sit away from people who you don't like pretty easily. 

High School was a lot harder since the classes were smaller. I tried sitting as close to the teacher as possible so there was an increased chance they would be caught if they tried anything. Also, try timing getting to class just before class starts and leave immediately after leaving them little time to do anything. 

The big question though is why do they hate/dislike you. Is there anything you can do to change that?",ANECDOTE
412,"lol.  Welcome to marriage.  

No couple stays fully compatible throughout the years.  Shit changes, people change, things happen.  Most stick it out for love.

How long have you been married?



",APPRAISAL
1319,"Forming an LLC has nothing to do with the cost of insurance, you would still need the appropriate insurance for a rental property either way.",APPRAISAL
295,"That may be, but does that excuse any of my own behavior?",ANECDOTE
1827,Look into the cannabis route too. ,APPRAISAL
779,"The other comments are solid, being direct is good. Also though, think about things that could cause this to happen. People that are going through depression usually have a lower sex drive. Could that be an issue? Or...and I hate to even put this in your head because it very well may not be true, but could he be getting sex elsewhere? That’s such a long time to go without. ",ADVICE
1500,"Use a note or email to tell the owner and the girl who he's been taking pictures of at the same time and let them work out what they want to do about it. Use a new anonymous email address. 

Definitely not okay. Not illegal, but not okay. Especially if he's her boss. ",ADVICE
409,Have you asked her why she did it?,APPRAISAL
1190,"This is terrifying.  You're going to be raped again for sure.  Definitely go to the police.  You may be worried about ruining your life but it's already happened, don't allow it to become worse.  Your father will use your confused emotions to continue to abuse and control you.  Get help before things get much much worse.

Run, now, seriously.",ADVICE
390,"True, but if he had to sign the handbook doesnt it become a contract of sorts?",APPRAISAL
1368,"My dad wanted to name me his ex's name. Thankfully mum put a quick stop to that. He ended up cheating on her and was fairly abusive. They got divorced six months after I was born. 

I realise situations are different but the fact he doesnt care how this would make you feel is really indicative of his character and priorities. Maybe after you leave him he'll want to name his next kid after you.",ANECDOTE
804,Pay them off. You will pay a lot more than $5k over the life of the loan if you wait for the monthly payments and payments will drag you down once you graduate with an uncertain income/job situation.,ADVICE
80,"Were you laid off? That can be for any number of reasons, lack of work etc. ",APPRAISAL
1008,"I would just let you know that only the person on the actual lease with the actual owner is directly responsible fiscally for the entire apartment, so even if your landlord is cool with you just subletting sections of the property without revising the lease, if you get screwed here, you're going to get it hard. Also, they cannot really help with eviction of ""C"" if she is not a lessee, since they have no paperwork tying her occupancy to the property.  That would get messy. Just ... idk. Be super careful here. You'd have to drag ""C"" to court probably to recoup whatever you would have had to pay to the landlord because of her, and it'd be a mess, too.",WARNING
1541,"> The lease requires us to have liability insurance, but this was damage to their property. 

Precisely. The landlord is claiming that you have a liability to pay for the repair to their door. Your rental insurance will cover exactly this. ",ADVICE
1601,"Just relax and have fun

You are putting too much pressure on you and her",APPRAISAL
607,"Oof, that sucks. Maybe just regular sleepytime tea then.",ADVICE
1844,Thanks for the response and advice! I will definitely do this. This is a big help.,APPRAISAL
220,"Np :D

I hope that I some of what I wrote may serve you and other people in actually beginning ""that one"" relationship.

Anyways,Thanks for your compliment. Have a great day :D",EMOTIONAL_SUPPORT
579,She says she wants to work but can’t find anything she wants to do that fits within my schedule. She just needs to be off in time to pick my son and daughter up from daycare. She claims that I am excelling in my career at the cost of hers. I love my wife and appreciate everything that she does do. But I’m just at my wits end. I grew up in a traditional family where mom stayed home while dad worked to provide. I’m not wanting her scrubbing base boards or anything I can do the cleaning also if I have to. It’s just frustrating ,ANECDOTE
994,"Thank you, I'll try calling them when I build up the nerves to do so.",WARNING
964,"""natural person"", or ""an individual""

It is a contract drafting convention, in which a capitalized word e.g. ""Company"" is a defined term.  It might as well say ""Aardvark"", but it wouldn't make you an Aardvark.  It just means everywhere you see the word ""Company"", you insert whatever is in ""________________, a ___________________""

If you want to be pedantic, you could cross out the word ""Company"" and replace it with ""Contractor"", or ""Employee"",  or better yet, your last name (or ""Aardvark"", but they won't find it nearly as amusing as I would) there and everywhere it's used.  

[edit:  By the way, based on the nature of your question, if you are preparing to execute a legal contract which may include a stealth assignment of your own IP, an agreement to injunctive relief or other one-sided rights, no expiry, draconian obligations, or possibly be precariously limiting to you in some way... you should get a lawyer to review it for you]",ADVICE
1390,"Close your eyes, op. To your left you see some paper, some pencils, a flip book, animation stuffs.  To your right you see a camera, some lens, video editing software, and a director's chair, filmmaker stuffs.

Now, which one do you want to work on in this moment?


I've recently faced a similar dilemma - full time music producer or full time dj.  I found myself closing my eyes and doing the same thing.  I knew that at different times my mood could sway which activity I chose.  So I did this several times.  

Almost every time I chose music production and I'm very happy with my decision.  Only you can choose! You love both, but you must find yourself feeling truly passionate about one more than the other!:) good luck, I hope this helps ",ADVICE
1218,"ok i live in a family of 4 sisters. this happened with one of my sister. sucked she was older. i did admit to my faults expecting shed do the same nope, empowered her more to pick at me more. ya know what i did though. ignored her. i did this for 3 months, no talking, avoided her, didnt pay any mind even if she brought this attention didnt care. you need to literally not feed into this just step back ignore it and commit to this. yea it was tough doing this cause i love my sisters but if they messed with me nope 3 months of silent treatment. i do this and tell my parents so they know why i do this in advance before shed tell her victim story.

like i committed to this silent treatment id got to a friends house a lot, give my self me time away from her cause i was SICK of this. i say give youself space from her so in turn whats not there, she has no power over it. just ignore it and focus on you in time shell give up and crack dont pay any mind to this. take controll of the situation. this was a way i in a sense gain balance between me and my sister. i got me time being away A LOT and vacation time and was surrounded by people who gave me confidence and happiness, she had time to think and cause i did tell my parents before hand i am mad at her for treating me this way when she came complaining acting as a victim parents deflected this and said ""thats your problem"" so she in turn learned an important lesson.",ADVICE
1989,Call or text to confirm she's safe now?,APPRAISAL
548,"I once lived with a boyfriend and we had this issue.

 He had to be up at 5am to get to work, I didn’t get up till 9-10. He went to bed at 8, I stayed up till 2-3am. 

 Our biggest issue was noise. Not respecting that the other was trying to sleep when one was awake. My boyfriend was worse at respecting this because he would get bored on weekends and want me to be up with him at 7am. 

",ANECDOTE
