id,text,label,
1,"Wells Fargo did the same to me several years ago. Those morons **knew** the fraud was happening. Before I had found out the bank called me when the thief was cashing one of my checks. They asked to talk to me and I said ""Yes, this is me."" And WF says ""that's odd you are in the bank right now cashing a check.""  Agitated by the stupid reply I told the guy, obviously it's not me stop him!  They didn't.  They gave him the money then locked my account so I couldn't withdraw any money for about 6 weeks because ""you may have been involved in it."" 

Believe it or not I didn't change banks until they erroneously bounced my mortgage payment 6 months later as a result of the the indecent.  ",ANECDOTE,
2,We can only go up from here right??? ,EMOTIONAL_SUPPORT,
3,"Truthfully, I feel like the problems you are having are your personal problems and her financial situation shouldn’t have to counter into them. How is she handling her own financial situation? Is she stressed and dependent on you during your time of stress? If so, that could be a new burden and that’s another story. ",APPRAISAL,
4,"Maybe your past behaviour has attracted some fuckboys. You're not being rude nor manipulative. He is being both rude and manipulative. Lmk if you want to share thoughts on how to find better guys.

Also, your ex has an ""expectation"" that you'll provide sex to him, since you did before. This expectation contributes to his anger. It does not make him good, and it does not make you bad. Since you guys have different expectations now, you're not good for each other anymore.",APPRAISAL,
5,"Yeah, he’s nice to me in every other way. I definitely do worry about this one aspect. We’ve talked about it once before. He said he just doesn’t understand why the things I get upset about are a big deal and he has a hard time seeing past the surface. Like in this situation he would think I’m just getting upset at him for hanging out with his friend, not for bailing on our plans. Definitely something me and him need to communicate and work on better in the future . ",ANECDOTE,
6,"Right there you're fucking up by saying ""he deserves better than me."" No one can judge what another deserves, only we can decide that for ourselves. In my opinion at least. Your boyfriend I think needs to figure things out for himself, and I think you telling him why you're leaving may be a wake up call to him. Maybe he's depressed but hasn't been diagnosed? Something clearly happened to him, but if what you're telling me is true then you've done all you really can. 

As a rebuttal to your one point of ""I don't want to be alone I don't think I can blah blah yadda yadda."" Long story short I was in a relationship for a year and a half that ended horribly, and that experience made me want to do nothing but stay by myself. Now of course that scenario is different than yours, but being by yourself doesn't mean forever nor does it mean you're ""alone"" as my ex liked to call it. Embrace it, and focus on your goals, your hobbies, your interests. Maybe save some money, something. Stressing about relationships isn't healthy and I can tell you right now if you just jump into another one immediately after, you will regret it. I've been there. 

Maybe I'm wrong, I don't encourage you to try and prove me wrong, but people are a diamond dozen. You live and learn, people come and go. All of my exes I shared something special with, and even though our time has come and gone I still reflect on them and care about them just as much as I did the day I met them. Life will go on I can promise you that. ",ANECDOTE,
7,"Please write a review of this store online - if you got the guy's name include it in the review. 

This is unacceptable behavior in a comic book store - really any store. I know you didn't ask for this responsibility, but please help others avoid the same fate by saying something about it. ",ADVICE,
8,Thank you. I'll break it off with him 2day,ANECDOTE,
9,"If you are going to do this (and I'd recommend you find some other way), I'd suggest baiting. Don't throw the first punch. In that situation, either; you bait them into attacking you and defend yourself succesfully (remember reasonable force). Or, they back down, lose face, and won't see you as you seem to think they do anymore.


I would find some other way to 'prove' you aren't intimidated. The way I'd try to look at it, tomorrow once you've calmed down a bit, is this... do you want to go to prison over some dickhead? Do you want to lose your job over some dickhead? I'm sure in the moment it'd feel great to beat the crap out of this guy, but the repurcussions would not be good.


It sounds like all you need to do in this situation is let these people know you're not to be fucked with. There's ways to do that without going to prison.


Hope you get this sorted! Deep breaths bro. I know how hurtful it is when people assume that because you're not straight, you're some sort of pushover. Try to remind yourself that THEY are the defective ones. There's nothing wrong with you, they're the ones with a basic brain.",ADVICE,
10,"She has to pay income tax on the value of the stock grant.

That is regardless of whether she sells the stock or not.  The stock grant is just salary,  paid in the form of stock rather than cash, so, she owes income tax on it.

If she does not sell the stock (or all of the stock), and it goes up in value, she will owe capital gains  tax on any gains when she sells it.  Long term capital gains tax (which is less than income tax) if she holds it for more than a year.  Short term capital gains tax (which is the same as income tax) if she holds it for less than a year.

Good luck.",WARNING,
11,If he was telling the truth about the relationship problems of that friend then he would have not deleted it because he could have proven that he was innocent. The friend could have easily been in on it no doubt but that's hard to prove. I always expect the worst so i can never be dissapointed but i know that's not a very healthy attitude. If you can't get over it wich i would completely understand then he has the obligation and responsability to prove his innosence to you in a way that you will accept because when there's a possibility of cheating it should not be taken lightly.,APPRAISAL,
12,"My first concert (Outside of Choir or Bands) was a Lindsey Stirling concert, as an adult -because I'm super introverted.  People dressed up sort of dorky and cheered in the mosh pit, but nothing bad happened at all.  (I'm not sure this is an accurate example, because she's Mormon and always has an uplifting sort of show.  She's a real entertainer!  Check her out.)  I'd say get a seat that's away from the pit if you're worried about the bad stuff. 

I don't know your age at all.  So my advice could be hit or miss.  If you're a minor, why don't you ask your parents to come with you?  Sit them down and explain that a seat away from that area is likely much nicer, where you can just enjoy the experience.  Tell them you want to share the experience and one of your favorite bands with them, and that you really don't want to miss this opportunity.  Or even take them to a concert that might not be as 'intense', like a Lindsey Stirling concert.  Maybe show them videos of performances.  Most aren't as 'wild' as your parents expect them to be, I'm sure.",ADVICE,
13,UNLESS they're trying to low-ball you? Are there any other reasons an employer would do this?,WARNING,
14,My guess too. BV is the only vag infection I've seen doctors reel back from on reality TV due to the smell. The fish smell is a give away. A colleague had it and you could smell it after she had been to the loo. I'd describe it as 'a kipper dipped in piss'. Luckily you can get meds over the counter (in the UK) Canestan do an at home test kit for it. ,ADVICE,
15,"Hard to tell because of very little detail, but always remember: ""You miss 100% of the shots you don't take.""

But if you take the shot prepare and try to give their point of view some thought. Don't rush!

Real friendship is something very precious and should be seen as such. 

Hope it works out!",ADVICE,
16,"NAL, but former Naval Officer here.  Technically adultery is a violation of the UCMJ, but in my experience this only got charged if it was 'prejudicial to good order & discipline'; i.e., something like a sailor sleeping with the wife of another sailor on the same ship.    So, your reporting it probably wouldn't have any effect on him.",WARNING,
17,"Moving in with someone will completely change how you see them as a person. You have to deal with their individual ""things"" and it can drive you crazy. You don't really get a ton of away time from them, and hanging out all the time can get old. 

I'm not saying this will happen, but that's just something to keep in mind. 

If I'm understanding you correctly, the other girl is the one you used to have a crush on? People change overtime. She may not be the exact same person as she was then, and perhaps things about your personality have changed too.",WARNING,
18,Don’t take her back. Classic case of the grass being greener then realizing it ain’t. She took a shot and she lost. Move on.,ADVICE,
19,"You have done your part. Unfortunatly this is something that is not within your ability to fix. As I said, your only option is to minimize the damage to yourself and be there for her. You do not have the key to ""FIXING"" this girl. You can't. It doesnt work that way.  The few movies that actually touch on the subject are wrong. There isn't a phrase you can say or a certain thing that happens that makes everything ok.  She needs to WANT to get better. Again you are not in control of that. You aren't supposed to be.  People live through this, go to school for a DECADE, paying tens of thousands of dollars and still are sometimes unable to help.  Please. Seek therapy yourself, they are far better able to help you than random people on the internet and can are more capable of guiding you through these difficult issues.",ADVICE,
20,"If you have HSV you skin is ""shedding"" the herpes cells. Rubbing your cock and making friction could have flaked off skin cells. I think come clean to her. Maybe you did pass it to her, maybe you didn't, but why risk her health?",ADVICE,
21,"And if she says no, she would probably guess I'm gonna try to get a date with her, what should I do under this kind of pressure :D ?

",ANECDOTE,
22,"It’s possible that you love them in a way that isn’t sexual. 

There’s many types of love, and attraction and closeness. In western culture we kind of expect it to lump all together. 

It’s also possible that as intimacy grows, sexual desire will. 

Just enjoy it for what it is, no pressure, it’s a new experience. Whatever happens happens. ",ADVICE,
23,"Sounds like he was a shitty guy. It does feel good to forgive, though. Especially when someone doesn't deserve it. If he made you miserable,  try best not to let him influence/control you past his death with thelat heavy stressful feeling of hate. 

I really haven't been in your situation, but i hated my parents for years and although i never see my dad aside from a random card about his life with my stepmoms family, I still see him as a funny kind hearted man- just a shit father. I want him to be happy though.

 Again very different from you, but that's how I cope.",ADVICE,
24,"She’s gaslighting you, homeboy. Dip out. You’ve laid out the red flags for us, and are asking us if we also think they are red. 

Yes. There are red flags aplenty. RUN. 

Having a big confrontational blowout is only going to be crazy-escalation fuel for this situation. 

These are not the droids you are looking for. Move along. 

Edit: For future reference, if you don’t date/love/fuck your SO, someone will. Get dialed in with your SO’s kink level and get comfy with it. Also, don’t give someone your time if they don’t respect it. ",ADVICE,
25,"Basic title insurance does typically only protect the title, it depends on what type and which extras OP might have bought into or bundled under the title insurance policy. Insurance is insurance, there usually are plenty of bells and whistles offered that a person might never need or have to add on if wanted (like how renters insurance have multiple types of 'flood' policies you need to get separately or they might have electronics insurance as a separate charge.)",WARNING,
26,"Why say ""its cheaper to raise my sallary then to find another worker""?
Why not try like this: ""over the past x time while I have been working here iv learned alot about my job and thus I find that asking for a raise would be justified. Im asking for (here you insert 125% of the raise you want). ""
Most likely you wount get that 125% but no worries, you have negotiation space. And if you get that 125% then you outplayed yourself. Congrats.",ADVICE,
27,"Pay the ticket. If you got the wrong ticket and think that the correct ticket would be cheaper than the incorrect ticket, then you could contest that, but it's not clear (a) who you'd contest that with if this was a private lot and (b) whether the correct ticket would have been cheaper anyway.",ADVICE,
28,It’s a mistake to think counseling is only for problems. Go. It’ll make your marriage even better. ,ADVICE,
29,I’m currently in a ldr! Been together 2 yrs but doing long distance for the past 7 months. And we won’t be together until summer of 2020 ,ADVICE,
30,I'd send it back just to be cautious. Dont want to get sued for stealing property down the line. You should also start an email chain that proves you contacted them and tried to return it. ,ADVICE,
31,"I'd like to point out, you're about to graduate and either go to university or get a full time job, she's still *early* on in school. You're in completely different stages of your lives, she won't be on your level when you graduate.",APPRAISAL,
32,"Tell him that by insisting on this, he is crossing emotional boundaries and that you want to see a counselor. If your marriage has any hope of working out, he needs to get over his ex and prioritize you and the baby. If not, at least the counselor can help you set up boundaries for your divorce. Best of luck. ",ADVICE,
33,Yes please :( On how to make it a less awkward. ,ANECDOTE,
34,"Look dude, you see this wall of text showing how ready you are to persevere through these terrible emotions and be with this person? She's shown you that she clearly doesn't have those same values or feelings.

 Dump this person that clearly doesn't hold the same value to you and find somebody that will fight for it all just like you said you will. ",ADVICE,
35,A guy who does that has a lot of things to understand about life and himself. Don't bother being the one to do that journey with him :-/ ,ADVICE,
36,Yes he can get it back. If she says no the law can compel her to return it. ,WARNING,
37,"Pay the utility bill and sue the the leasing company AND the new tenant in small claims to be reimbursed. 

Well send a demand letter first. I am not entirely sure that the leasing company is REALLY obligated to facilitate this. But since they accepted the responsibility to facilitate it when you were on the other end, they certainly opened themselves a lawsuit in the current situation. It doesn’t hurt to name them in small claims and let court sort it out. Be sure to collect all records of your accounts and payments and prepare a timeline.",ADVICE,
38,"If evil be spoken of you and it be true, correct yourself, if it be a lie, laugh at it. - Epictetus
",ADVICE,
39,"It sucks, but you’re not overreacting. Good luck bro.",EMOTIONAL_SUPPORT,
40,I read that her aunt called her names and ops gf flipped out and got violent. Did I miss something?,ANECDOTE,
41,"The case will come to nothing if there is no evidence.  

Don't sue the coworker,  that's kind of a dick move.  

Don't worry about it.  Maybe cook your dad a really good dinner when he gets home? ",ANECDOTE,
42,"Nope.  It's generally good practice to go over your will with the heirs though.  As someone who's been an executor of several estates, it would've saved me a whole lot of trouble from heirs (or intentionally left-out children) being mad at and blaming me instead of the deceased.",ANECDOTE,
43,"Be honest and respectful about it.  “Hey, you’re a good bunch of people, but unfortunately the work that was expected hasn’t materialized.  Obviously wasn’t my plan to leave, but you gotta go where the work is, right?”  Most people in a contracting job/field like this will understand that (I’m in a somewhat similar role, and it’s just how it is).  Then thank them for the opportunity, and say you hope they’ll keep you in mind if the work comes back.  ",ADVICE,
44,"First off there is no magic formula to figure women out. 

You ultimately want a woman to be attracted to you. Anyone can buy flowers and take them to nice places. Sure. It might do it for some girls but those likely aren't the ones you're pursuing. What makes *you* special. What makes *you* unique. I've had great dates that wind up at Walmart shopping for snacks and I've had terrible dates at expensive restaurants. 

You need to be you. Don't play the game. Don't put on a show. Be you. Be genuine. Be into the girl. Be attracted to her. Don't think about just being with *a woman.* You have to be into *that woman*. 

You're also going to strike out a lot. Lots of people are looking for quick hook ups or basically speed dating. Don't let yourself get tio frustrated either.",ADVICE,
45,I have heard this from a close friend of mine in college who has talked to her and knows more from her,ANECDOTE,
46,"Adult cats should not be held by their scruff, it's actually painful for most adult cats. Restricting their ability to move and trying to intimidate them is absolutely abusive. Considering he's doing *physically* abusive things to them too, we can stop just calling it emotional abuse. Because it's both emotional and physical at this point. 

Your cats are distant because your boyfriend is treating them like shit, and you're allowing it by still letting him be around them.

Color me a crazy fucking cat lady, but if you abuse my cats then you can fuck right out of my life. ",ADVICE,
47,"Yeah, the bank is agreeing OP but this is the prime reason why you only use a debit card at a bank’s atm or at a grocery store.  Credit card for everything else.  ",APPRAISAL,
48,I call it awkward but shes stuck in a position living with the person so I get why it might be difficult for her to stand up to. Shes not the one doing it?,ANECDOTE,
49,"He was a fully grown man (27) when you started dating. You were literally a teenager (19). Sometimes that's ok, but often guys who pursue younger women are controlling, abusive, and insecure. They like the power that being older, wiser, and usually richer gives them over a woman who has less life experience. They like asserting that power in many ways: financially, sexually, intellectually, etc. 
 
Your boyfriend is a creep who is controlling you and treating you like a puppet. He gets off on you being degraded and dominated. Get away from him.  ",WARNING,
50,"Your parents won't be raising the kid, they don't get a say. The child will rely on you completely for at least 20 years, and if you're not ready for that commitment then that's all there is to it. I think you should try and figure out what your own opinions are on the matter, seperate from your husbands or parents, and then sit down and have a real conversation with him about what kind of time frame you're thinking. You have time, but if you don't think you ever want them, your husband deserves to know that as soon as possible.",ADVICE,
51,"Indeed, if the only goal were to address legal issues there would be no reason for any sort of excuse. But OP can be fired for making the police suspicious, so the ""non-suspicious excuse"" is solely for job-protection purposes.",APPRAISAL,
52,Leave it in there. Roll it over to your next 401k with your next job.  Dont EVER touch your retirement unless you absolutely have no other choice then to declare bankruptcy.,ADVICE,
53,"Depends what  work contract you signed.

Did you sign sesonal part time?(even if its 25 seasons long)  If so then no.

Did you sign as a contractor from an outside business  then no.

If this is corporate stores(Walmart,home depot lowes) youll need a lawyer to even ask for severage",WARNING,
54,"> I don't have an issue with my husband looking at porn but if he turned me down to masturbate later with out me

Sometimes guys don't want to have to ""perform,"" make sure their partner is getting off, having a good time, foreplay, etc. Sometimes a dude just wants to rub one out, and get off quickly and do it how he wants.

",APPRAISAL,
55,Plenty of people care if you are ugly or beautiful.,APPRAISAL,
56,There might be a one time tax from the city or county. I had this happen to me when I got my first paycheck this year. ,WARNING,
57,Get a consultation with an attorney and DO NOT REPLY OR COMMENT on her facebook rants.  ,ADVICE,
58,"From what i've read you have zero basis for a case and any attorney/lawyer wouldn't take it seriously unless you laid down a big chunk of money. Even if you did manage to get a lawyer, it is highly unlikely that you would win. It would be an overall waste of money and time.",WARNING,
59,"I just broke up with my boyfriend today and I'm struggling big time. I needed this, thank you. ",ANECDOTE,
60,"It's not. It's a pretty well known thing. As a sexual assualt victim myself, the first few weeks it seems like ""oh damn! I can get through this. It's not that bad"". Then you see someone who sorta looks like them, then you see the outfit you were wearing that day, then you see the place where it happened, and suddenly you aren't as okay as you thought. ",ANECDOTE,
61,"Thanks for the reply

In the beginning of our marriage sex was great, every other day or so like it was when we were dating.   After our son, she started turning me down, alot.

Now a days she still turns me down 9 out of 10 times, for reasons like she is tired, that she needs space, or she doesn't want it.   It would make me feel unatractive, or undisired and it hurt a bit. And if we do have sex it is almost always vanilla, meaning no real foreplay, and no exploring our sexuality together.

I have tried several things to get her in the mood more such as helping out house, helping with our son, almost completely quiting video games.  Used to play MMOs and other games that cannot be paused,   now if I play, instead of sitting with her, I play games that can be paused.  She still gets upset because I have a hard time switching tasks, especially if I am focused on something and would reply with short answers.  

 I have tried to get her to play with me but she feels like she is just following me around.  I tried switching to support roles in games that results in her getting fustrated because she can't progress past points that I can't heal through her standing in fire or standing in telegraphed moves.

So now our quality time consists of watching shows I dislike,and I feign interest.  Because honestly I could care less if the bachelor gets with girl or another,  or if a product on shark tank is going to get funding.  But hey at least I am cuddling and getting touch.


",ANECDOTE,
62,"I prefer to pay them myself. I’ve heard of too many instances where the mortgage company messes something up, including one that I experienced when I bought my first house. 

If you’re good at budgeting and you include your taxes as an expense in your budget, then you should have no problem.



",ANECDOTE,
63,"Just introduce yourself. Talk to him as you would a cashier at a checkout lane. Just start with small talk, laugh a little, don't be tense.",ADVICE,
64,"I left my husband last year over this. Amongst other things. He was literally trying to fuck ALL of my friends and none of them went for it. They all told me about it. It was humiliating. He had a problem and owned up to it when I asked him. My friends had screen shots over a  2 year span. 2 fucking years. Your husband is a Jason. He will not change because he doesn’t want to. 
It’s not your fault. You deserve so much more!!! And one day you’ll look back and you’ll be with someone who literally worships you and appreciates you who is trustworthy and fantastic.  And you’ll roll your eyes at yourself girl. Leave. ",EMOTIONAL_SUPPORT,
65,I mean that doesnt really mean she can go and have a 3 sum with a diffrenet guy after you told her you wanted to be the first one with her to experience this. What if you both were virgins and said i want to experience this together and she goes to fuck someone else. This seems like a very close comparison obviously with a few differences that wouldnt make that much of a difference. She still kinda betrayed you. ,APPRAISAL,
66,"Temporary restraining orders are often granted on an interim basis based on the sworn testimony of only one party. The intent is to ensure that whatever behaviour is at issue is at least put on hold until the matter can be heard; the next step is generally a hearing as to whether the HRO should be upheld once both parties are aware of it and able to attend.

As you were never served, the order was never effective on you, and is irrelevant to you.",WARNING,
67,"Dude this girl is trying kinky things for you even if she doesn’t necessarily enjoy it and you’re going behind her back to get permission to cheat on her because you want more? 

Seriously do her a favor and break up with her before she makes the mistake of marrying you. ",ADVICE,
68,"Regardless of what his diagnosis may or may not be, you suspect she's being abused. Focus on offering her support if she needs it by reaching out to her. You could just email her and ask if she wants to get a coffee or something, try to get her out for a face to face. It's difficult to talk to a close friend about these things but much more difficult to talk to a stranger.

Your other option is just to mail her, about your concern. It looks to you as though she may be being mistreated. You're offering support if she needs it. But I'd stay away from the diagnosis. Whatever his issue is, it's not as important as her health and safety. ",ADVICE,
69,"Latter. You can also take a SMALL portion of that and invest at higher risk but that depends of your risk tolerance. 

",ADVICE,
70,"I don't kinda feel like being addicted to it anymore. 
I just wanna have some fun since it's been a very long time since last time I watched. And now that this morning I sort of fapped too... 

I honestly don't feel like being addicted or anything like that, but something is holding me back and I wanna hear some opinions. ",ANECDOTE,
71,">“You’re just jealous that I have more followers than you do or ever will so stop using your insecurities against me”  
>  
>“You’re just mad because I’m a hot girl and you were a Virgin before I took you on”  
>  
>“You’re really effing controlling and I don’t appreciate you telling me to close my account just because you’re too fragile and can not handle my popularity and success”.

Date someone nice who likes you.",ADVICE,
72,"Spread word yourself, either in person or through social media like facebook or twitter. Hopefully, from their it will grow in popularity.",APPRAISAL,
73,What do you think changed?,APPRAISAL,
74,"He can post it. It may get taken down.

Millions upload videos with music in the background. Some get taken down, some don't. ",WARNING,
75,Thanks! Any recommendations on starting that process? ,APPRAISAL,
76,"Kind of ironic that you have a history of cheating on an SO and because of a high number of partners you believe your current SO can't be trusted.

If anything, your SO should be concerned about you you sneaking around behind their back.

But to answer your initial question..... No its not too damn high.",APPRAISAL,
77,"Well I can see where you're coming from, but this is why, traditionally, the employer puts his cards down first. If you have a ""budget"" (which is just a psychological concept), then you know how much impact on the bottom line this position can realistically have. That range. Why not just tell them? Some people might be able to make $150k as a data analyst, but you know it's not possible to add that much value in that role chez vous. Just tell them the range. 

Jobs are all different, and I might say ""yes"" to $50k if the CIA offered me a job, but if it's Bob's Dildo Emporium, they would have to pay me $150k. That's the environment job seekers are in. ",ADVICE,
78,"In reality, no, it's not really an option. I was in 'therapy' for a while before she passed but it didn't help, I don't talk. Whether it's fear of being judged or just how I am, I don't know. Thank you for your comment, I'll have a look for that book! :)",ANECDOTE,
79,The people working for us never complained! In fact our anonymous quarterly reviews were through the roof! Not perfect but the people that worked for us were happy! ,APPRAISAL,
80,"Were you laid off? That can be for any number of reasons, lack of work etc. ",APPRAISAL,
81,I know I’ll have to confront her about it at some point. But how can I casually bring up the fact that I know she started messaging him again as soon as I told her I trusted her?,ANECDOTE,
82,"Cortisol will kill you. Its constantly released by your vody, and only really suppressed by the hormones released when you feel that super comfortable, fuzzy feeling inside. 

Since most people cant find a new love interest every day, buy a new mansion, or hit a new career goal, the easiest way to up your endorphins is to laugh. Find some youtibe videos or stand up routines you havent seen, and laugh every day. ",ADVICE,
83,Call the cops on your mother for animal abuse. Figure out a way to get out of that house.,ADVICE,
84,"I don't want to get out of paying the bill, just don't want to get charged late fees from issues on their end. ",ANECDOTE,
85,"Probably not unless you signed some type of contract, but you should go through the process of canceling properly. If that means giving them a call, then give them a call, put up with their BS and get it done. Good Organizations taking donations should not make it hard to cancel. it does look like  they spend less then 20% on actually feeding the children. Pretty sad. ",ADVICE,
86,"> What order should I focus on for loan repayment?

Treat any loan that does not accrue interest while you're in school as 0% until you're out of school.  Do not do this for the loans that are accruing deferred interest (Discover, etc).

Pay them in the order of highest-to-lowest APR.

So the first two to concentrate on would be the 9.63% Sallie Mae and the 8.24% Discover.

> What loans do I defer while in graduate school? 

As many of them as you can them except for the one you are currently paying down.  This isn't for reducing how much you are spending each month, it's assuming that money that you would pay to them can be paid to the current (higher APR) one instead.  Ie, instead of paying $500 to the 4.38% Sallie Mae, defer it (if possible) and pay that $500 to the 9.63% one.  What you don't want to do is pay $500 less a month.

> My thoughts on this is if I defer them, I have a 'safety net' or sorts while I am in graduate school where if money is tight, I can choose not to make a payment one month.

> Should I put my extra income from my stipend towards my loans? 

No idea your financial situation.  Ideally you have a small emergency fund set aside, take care of your day-to-day expenses, and then dump everything else into the loans, but maybe your situation is different.",ADVICE,
87,"This means a lot, thanks.",ANECDOTE,
88,"I really needed that. That's exactly it, my mind creates these bad situations. And then yea I get worried that I'm pushing him away. 

Can you tell me I'm just being silly now because he's amazing and I'm being an idiot.",ANECDOTE,
89,"I hope it's that easy, especially since I do think it was dismissed without prejudice which if I Googled correctly means stuff can happen in the future.",WARNING,
90,"Act natural. Avoid her if you can because he probably will. There will be at least one awkward encounter. If your paths cross, just treat her like any of his other friends. Grab a girlfriend before the big day, go out shopping, and buy the hottest dress you can find so that the ex knows your man upgraded.",ADVICE,
91,"Honestly, I would ask her (not straight out.... just casually bring it out during a convo about dad always being gone). 

I know everyone would be against this and say it's none of your business; however, you've seen the messages.  If she finds about the messages and asks you if you knew about them (particularly since you gave him the Kindle), how would you respond?",ADVICE,
92,"Forgive my ignorance on the matter but isn't it possible to have several maids of honors? Where im from we don't really do bestman/maids of honors. Usually relatives, siblings close friend etc all take an equal share of that ""burden"".

&#x200B;

In any case i think she's playing a bit too much with your feelings and perhaps taking your friendship for granted. You could perhaps let her know after the wedding if you ever get in touch again. But as many other have said, it may be best to just move on.",ADVICE,
93,"Good advice, I will break this out in a spread sheet",ANECDOTE,
94,Yeah that could be a potential. Perhaps you and J could find another place. But you deserve a great life and would be best to take care of yourself. There's gotta be a better solution than what is going on right now. And yeah you're welcome!,EMOTIONAL_SUPPORT,
95,Just stay out of it.  No need to involve yourself in other people's drama.  None of this directly affects you. ,ADVICE,
96,"Sorry, as in you’re trying to avoid paying interest on any sort of business loan or investment?",APPRAISAL,
97,Ok thanks. That makes me feel so much better. I scheduled the haircut for Saturday. Wish me luck! ,APPRAISAL,
98," I would assume that like most loans, if you don’t pay at least the minimum amount due each month, they will go into default and you can be garnished. ",WARNING,
99,"That's definitely rape, everything you just described.  You said no and gave him a very reasonable condition, but he pushed past your concerns and had at you forcefully.  Lots of women freeze up or just let it happen because they're shocked.  That doesn't mean they're okay with it.  Tell your boss.  It can be your female boss.  You don't need to be vague.  You can say you have no interest in pressing charges, but you don't want to be near this person -and you don't think he should be in an environment full of young women.",ADVICE,
100,"I would consider getting a therapist who can help coach you to improve socially through feedback, practicing social situations, and supportive suggestions as you try out your developing skills.",ANECDOTE,
101,"If that's your aim you won't get your monies worth. If you leave feeling bloated, horrible and a discusting pig then you wasted your money.

If you come out nicely full, satisfied having enjoyed your meal. Isn't that more worth the money.",ANECDOTE,
102,Are you sure it was just some random guy?,APPRAISAL,
103,I'd argue the husband shouldn't be on the property either.,ANECDOTE,
104,"Say this:

""The smell is leaking into the shared areas and I want to you find a solution. You could get a smokebuddy or other type of carbon filter.""

If you don't mind, buy him a smoke buddy yourself, give it to him, and say ""please use this"". If he's a friend he might even pay you back for it. I would.",ADVICE,
105,"so just go to the bank, and say that you would like to open an student account and get a credit card",ADVICE,
106,There are so many details! Burial or cremation? Open casket or closed? Who do you want to eulogize you? What cemetery do you want to use? What plot? What headstone? What casket or urn? What kind of memorial service do you want? Making those plans really took a toll on my wife. ,ANECDOTE,
107,"Exactly what I came here to say. The relationship was not healthy. Now he can really get out and explore and have meaningful contact with people, whatever their sex or gender. without baseless restrictions and harping insecurity. 

Enjoy the new year and all the good it brings, OP!",APPRAISAL,
108,"In that case, I would get the excessively long bank statement and just highlight the income lines and/or black out the rest. I’ve had to do that a few times, but it has worked for me. ",ADVICE,
109,Why would you end up homeless if you told your mom? You said she’s already keenly aware that your dad has a shopping/debt problem,APPRAISAL,
110,"When you are with someone for a long time, especially when you start dating young , there is a transition. A persons tastes may change, they may become complacent. They may start doing things they normally won’t do. 

You said something about failing relationship. First off, it’s ok to fail. In this case it wasn’t you who failed the relationship, am I right? His behavior may seem mild now, but what happens if it does escalate and the next thing you are discovering is that he did have sex with another woman.

If you are living under the adoration of your friends because they envy your relationship, eventually that will wear away and you are left creating this facade to hide the truth. 

Perhaps you should confront him , tell him how this makes you feel. If your relationship is solid and everything is on the table then he should comply and say yeah I did it. But if he hides it or “it’s no big deal” , he’s paving the way for future things and you’re probably going to accept them or turn your head. Remember if you have a strong trusting relationship, he shouldn’t have anything to hide such as internet browsing histories etc. 

Shouldn’t he be idolizing you instead of them?

Relationships are hard work. People make mistakes. They should also correct certain behavior when it hurts the one they love. ",ADVICE,
111,I hope so. I just hope I don't do anything to myself during the year.,ANECDOTE,
112,"NAL but the son of two cops, who has been in your exact position before. I have gotten one ticket in my life, and what I was advised to do by my mother, and other family cop friends, was I wrote a letter to the town court office, apologizing, explaining the predicament and an official print out of my driving record (from the DMV with a state seal, not just an online print out).  They wrote me back and dropped the points from the infraction, changed it to a non-moving violation, and I just had to pay the fine. Obviously might not work everywhere, but, if your driving record is clean like you said (my driving record literally just said I got my permit, got my license, got my above 21 year old license and that was literally it) they may do the same for you. Also, because they changed it to a non-moving violation, my insurance didn't go up",ADVICE,
113,"Generally speaking, the existing memberships transfer to the new owners. As long as the new owners are offering a similar service, you are still on the hook. 

Although I'm not sure if this is the case in Antarctica. I couldn't find their laws regarding contracts and gym memberships. ",WARNING,
114,"I don't know if it helps, but think about it this way: if someone were standing around talking and you needed them to move over a bit so you could get past, would you be upset with them?  I'm imagining, like most people, you wouldn't give it a second thought.  Put yourself in the other person's shoes and you might realize that people really aren't getting angry or irritated with you and you've got nothing to be embarrassed or uncomfortable about.",ADVICE,
115,You have the definite right to just go take your child.  Do it this way.  Go to your child's school in the morning with a copy of her birth certificate.  Check your child out of school and just bring her home.  If the police are called by the school just keep repeating that the grandparents have no court orders granting them any right to keep or access your child.  Be aware that her father has just as much right to take and keep the child as you do.  It's time to get a divorce attorney.  ,ADVICE,
116,"> My wife feels that legal action is warranted, though I am not sure how practical or cost effective this may be.

You're both right.

Given that the offer on the table is far greater than IL's small claims limit, I think a conversation with a real attorney is in order here. However, if they're bankrupt, or about to go bankrupt, you'll be more or less last in line, and there may be a number of claimants to split whatever's left after their secured debts are paid.

The optimistic outcomes are either that the embryo can be transferred to another clinic but on a more manageable schedule, or that your lawyer helps you negotiate a larger payout without having to go to court.",APPRAISAL,
117,"> Another piece of practical advice I would give is to start making those house payments to yourself right now and ask yourself if you can afford to pay that much.

I feel like a moron for not thinking of this myself.....",ANECDOTE,
118,"If you read ""Why does he do that?"" (It's a free online PDF), you will find that there are several different types of abusers. One is called, if I remember correctly, ""The Feminist."" 

He knows the lingo, and how to twist words to make himself the picture of support. Anything he has done wrong can be explained away to some type of issue with society making him this brute of a man. This type of abuser rarely hits or rapes, but cuts down his partner in other ways. Controls her in other ways, but can become rather physically evil if he senses that his control is slipping (such as others daring to compliment you and you not automatically responding in an appropriate way to him). 

I only recommend that book if you are certain you can read it safely without him getting angry over it. This is one interaction, but you may find more -- less obvious -- interactions of abuse highlighted in the book. ",ANECDOTE,
119,"Thank you internet hero, I think maybe this is what I am needing. ",ANECDOTE,
120,"Absolutely not, you are a legal adult with control over where you go. I advise organizing with a friend to have check ins for a bit to make sure you're safe and if you don't check in they'll check on you and if necessary call the police. But no, they absolutely cannot force you to leave.  Don't go to the airport or anything like that with them either. ",ADVICE,
121,"Yes, she's agreeing to the divorce and will cooperate on everything. Thanks for the information, I did not know the embassy could be a legal notary for situations like this. ",ANECDOTE,
122,"No, in Canada you only need the consent of one involved party for a recording to be legal. You can't record others, but you can record yourself interacting with others without their knowledge or consent. I looked into this very thing for my wife when her boss was being an asshole.",WARNING,
123,"It was hard for me finish reading your whole post because I wanted to shout 'RED FLAG! RED FLAG!' If you cannot talk to your best friend, you do not have an amazing relationship. And you are not ""allowing him to feel jealous,"" if you could actually control his emotions, you could wave you hand and command him not to feel jealous.  He feels jealous because he's choosing to believe there's something to be concerned about.  

This isn't exactly a matter of ""right"" or ""wrong"" or other judgments.  Different people have different personal boundaries as far as what is acceptable and comfortable in a relationship. It's important to know your own boundaries as well as your partners, so you can have a discussion about whether or not you're able to meet each others' needs. 

What are your boundaries?  What are your needs in and outside your relationship?  Does you partner honor and respect your needs?  Is this, overall, an appropriate situation for you?

&#x200B;

Tara Eisenhard  
Divorce/Breakup Coach",APPRAISAL,
124,"This is false information, you don’t inherit medical debt. The hospitals may harass you for it for sure but it is just a scare tactic, and is not really a legal requirement of living family. ",WARNING,
125,"That's a shame my dear
Well if you ever want someone to talk to let me know and I'll give you a way to get ahold of me whether messenger through Facebook or whatever I do wish you the best of luck kiddo",EMOTIONAL_SUPPORT,
126,Recently started working at a coffee shop with a drive through. It took me all of 20 minutes to noticed how intense some people's stares can be while you're making their drink. It's incredibly nerve racking. ,ANECDOTE,
127,RED FLAGS ARE EVERYWHERE GIRL LEEEEAVVVEEE ,ADVICE,
128,"> I want this dog taken away from them TODAY.



Well that's likely not happening, unless you have video evidence of them mutilating the dog in some way. What abuse do you have on video? What you have may be enough to start a case, but not enough to warrant an emergency removal. ",WARNING,
129,"i feel as though it could work out if OP told the sister she would need a place to live and help getting a part time job if she were to tell her parents. that way 1.) sister knows what’s at stake. and 2.) sister may be able to give OP the resources she needs to be able to tell her parents and be okay without their financial support. 
i feel putting a plan together for the risks of her parents would ease OP’s stresses and thus make a more comfortable life for her and her partner. ",ANECDOTE,
130,Maybe you can get your work to pay or help for grad school? Personally that's the only way I'd go back to school. ,ANECDOTE,
131,"My own pathway from feeling what you described to only accepting the Good Shit instead of letting people walk all over me is this:

Focusing on myself and my needs/desires. It has to do with building up my self love and care. Doing things I find actually fun and things that bring my joy. Reaching out to real friends and being very grateful for them. The right person will give the same amount. ",ANECDOTE,
132,"Okay. What I don’t understand, even though you love your parents, is why your big concern is telling them? If they were amazing parents, and I’m sure they are, they would be okay with it eventually. So you have to decide. Are you willing to get into a slight argument or have a little small trouble with your parents so you can be with/ support the person you love? Because I think you need to get some priorities straight. ",APPRAISAL,
133,"your parents sound awesome! they are probably so happy you're rid of the bad gf...so happy 

keep in mind that lists are your friends; make lists for every room

e.g. think about cooking your favorite meal - make a list of lol the tools you need & bed, bath & beyond will have everything you need

a good thrift shop is good for some kitchen things 

Ross has great prices on sheets 

good luck dude - congrats ",ADVICE,
134,"If you guys are about to divorce over a baby name, there's NO WAY you'll make it through actual marriage.",APPRAISAL,
135,"I'd say that life isn't always fair and you have to learn to roll with the times when your time and efforts aren't rewarded appropriately.    It's aggravating, but it's character building to learn to accept an unfair decision.    ",ANECDOTE,
136,"Did you even read the same post I did? 

Healthy intamacy outside of a primary relationship is important. But she has shown that she isn't open to op having that kind of healthy intamacy elsewhere. trust needs to work both ways. ",APPRAISAL,
137, I honestly tried asking people I know well they normally say oh your not creepy ether that or they avoid the question I don't know if it's because I tower over a good 60% I asked her boyfriend politely saying it feels like She was afraid and intimidated due to my size which truthfully I honestly thinks it's something else due to the fact she's been hung out with people larger then myself as for my friend I don't know what to do about him I tried talking to him and the only person that really treats me like a friend is the youngest member of our group you got any more advice? ,ANECDOTE,
138,"Take the time you're going to spend not talking to recover, just be sad.. it's ok, slowly but surely you'll get through this. Get new hobbies and do all those this you said you would do to get her back, but do it for yourself, to see yourself improving and one day you'll realize you're ok. 

And if you guys do start talking again, don't do it with second intentions, someone is going to end up hurt there.",ADVICE,
139,"The warranty is to cover things that break because of something the manufacturer did.  There's no kind of engine failure that would cause water to get in.  (Assuming it's water, not antifreeze or some other fluid.)

Unfortunately, it's going to be difficult for your parents to prove somebody else was responsible for the water since they don't know how it got there in the first place.",WARNING,
140,He can (and should) report it to his employer's IT department and his supervisor ASAP.,ADVICE,
141,They've caught and proactively refunded every fraudulent charge I have ever had (3 times) within 2 hours. Sorry you've had bad experiences....,ANECDOTE,
142,"this guys is disgusting lmao, if he doesnt wanna flush because it might mess up the water pressure for his shower then he can flush AFTER his shower. this situation also happened before with my family but i always flushed after my shower",ANECDOTE,
143,"Thanks,

I don’t know how to value a pension value  into a count for retirement savings.  If anyone had a calculator I’d like a link. I have a state gov. pension that I’ve  paid into for 10 years. The calculator from the state site says it is worth currently ~ 800 a month in income at retirement, but there are periodic COLA  adjustments. It is almost 1/3 of my current income after paying into my 401k. ",ANECDOTE,
144,"I made this comment a while back for someone else to help them understand:

""Sure someone can be mature at 20, but they lack experience, and you dont stop (peak) developing until 25. A 20 year old has been out of their teens 1 year, while the 30 year old has had 10 years to mature and experience life. Imo, if you're older than 25 you shouldn't be dating someone 20 or younger. Age matters less when one partner is 30 and the other 40 because theyve both had time to experience adulthood. Without it theres a power dynamic. Who knows better? The 20 year old as I said is still developing and just entering adult hood with a year of experience outside of their teens.

I dont think if a 20 year old dates a 30 year old the 20 year old is at fault. I think it's unfair of the 30 year old and (s)he knows exactly what (s)hes doing. The 20 year old wouldnt know any better.""

There's guys out there that don't get it, and think going after young girls is ok, but we call those predators. If you're a mature adult who cares about your partner- you make sure they're not too young for you so they have a chance to experience life and figure it out. Adults aren't just looking for looks. It's a red flag. ",APPRAISAL,
145,"You should definitely seek a support group of other people in the same boat as you. 

The long and short of it is that you can’t do anything about his drinking, only he can do that. But you can choose how much of you that you dedicate to him and his problem. You don’t need to enable him, and you don’t need to be tolerant with him. Look after you, and try to seek some local support groups for the families of alcoholics, you may hear some life changing stuff there. ",ADVICE,
146,"In College/University I found most of my classes were big enough that you can sit away from people who you don't like pretty easily. 

High School was a lot harder since the classes were smaller. I tried sitting as close to the teacher as possible so there was an increased chance they would be caught if they tried anything. Also, try timing getting to class just before class starts and leave immediately after leaving them little time to do anything. 

The big question though is why do they hate/dislike you. Is there anything you can do to change that?",ANECDOTE,
147,If anything the lady is more at fault for not appropriately setting boundaries. Blaming the guy for pursuing a girl who is interested is just shifting blame. ,APPRAISAL,
148,"There’s no limit on love, it took me 2 years to finally let my guard down and express that I loved my bf because of past relationships. I didn’t want to get hurt again. The main thing is if she’s still willing to give it a go then maybe  give it a little bit of time. She probably does love you it’s just that she wants to be sure before she uses ‘the word’

But also remember it may never happen.",ADVICE,
149,"Yes, you can. And while I agree with the OP that VTSAX is a very very above average choice, I'd mention that there are comparables with Fidelity or Schwab. Fidelity's even has zero expense ratio, instead of 0.04%.

As for the other question, I would not take a bond on a company at 3%, since the US federal government can offer a similar return and is significantly less likely to go bankrupt. But I would not be taking bonds period if you are not nearing retirement (though there are more attractive than the mentioned), I would be buying companies. Thus my agreement with the OP as far as u/all_in_VTSAX. I'm sorry, where did that u/ come from?",ADVICE,
150,"We don't have enough details on this specific case but I can imagine in certain cases a prosecutor could argue conspiracy, aiding and abetting, and/or complicity against the seller if they sold it to a woman who explicitly stated they were using it to get money from men, or even offering to split the profits. ",WARNING,
151,I found Chase to be no better than BoA. Best bank if you can is a credit union. ,ADVICE,
152,"If you haven't tried AlAnon, you may find it really helpful. It's a support group for the friends and families of alcoholics, and you could ask a question like this and get advice from other people who have been there and done that, so they will completely understand. Plus in AlAnon you'll be encouraged to choose a female sponsor (usually an older woman, so you can benefit from her experience), who can serve as a good friend and as part of your support network, which it seems like you're looking for. ",ADVICE,
153,What do you recommend as far as retirement goes? I am really interested in putting money away,ANECDOTE,
154,"Well you failed to poke any holes because all of your arguments have been things that would never be recommended on this sub. Making justifications for poor financial decisions is basically trying to put lipstick on a pig.

Even in a business where you need to keep up appearances, 1-2 year old used cars can be purchased and maintained well for a few years. If someone was in one of those fields, they should make enough to be able to pay cash. If they don't, then they suck at their job and shouldn't be spending more than they can afford even if they feel they need to drive a nice car. There are also varying degrees of nice car, one doesn't need to buy the most expensive thing on the lot. Good enough can truly be good enough. One could also choose to go into a field that pays well that doesn't make them feel like they have to spend tons of money to ""appear"" to be better than they are. There are plenty of options, nobody has to lease, and I still see no case where a lease is a sound financial decision for anyone.",APPRAISAL,
155,"That’s not something small to lie about. Run from this one. Do not marry. 

You will anyway....",ADVICE,
156,You could average 10% on mutual funds with less risk.,WARNING,
157,If he quits the jerking off then sex will become way more appealing. Jacking off multiple times a day is not lazy. It's something else. Not sure what.,APPRAISAL,
158,"You should move forward under the assumption that Alex is still on the lease, because by your own admission, the paperwork to remove Alex from the lease was never finalized.  Do not assume it's finalized until it's actually finalized and you are in possession of proof that it was finalized.  If the apartment complex is not receiving your faxes, then get up and go hand-deliver or mail via USPS certified/return-receipt the paperwork they require.

Your Alex-and-me contract has nothing to do with the state of the lease.  No contract between you and Alex can modify the lease.  The only thing that contract is going to help you with is potentially suing Alex for what they owe you.",ADVICE,
159,"I agree with the advice you have been given. You are 18, you need to focus on your education for your future! You can always support her by being a good friend and being there in that capacity. In no way should she expect you to take on a heavy emotional and financial responsibility at this point in your life.",EMOTIONAL_SUPPORT,
160,"Ditch this dick. You can do loads better. I promise you, 100%.",ANECDOTE,
161,"Not too familiar with auto insurance, mostly health insurance.

I'd definitely get in contact with both your auto insurance and his, and ask how this works for getting coverage for your medical expenses.

Typically with medical insurance we'd automatically deny any claims where there was possible third party liability, especially with auto accidents. After auto accidents I'm not much help 😭 sorry brother. I feel it works similarly, but your best bet is to ask the insurance responsible for paying for their subrogation department.",ANECDOTE,
162,Rare carat.com and check out four mine I was able to get a ring for much cheaper than Jared Allen or brilliant earth. Also no taxes for me and I literally saved about 350 dollars just on sales tax. Don't buy a car if you can't afford ring. Honestly a new car loses its appeal after 3 months and then you're just paying for a depreciating asset that goes up in price because of interest.,ADVICE,
163,I switched to an online bank as my primary about ten years ago.  I opened a new local bank account when I moved 6 years ago because I felt like I should have one but have literally never used it.,ANECDOTE,
164,"Cuddle up to her, read her body language, and if she seems into it go in for a kiss. If she’s leaning away from you, back off. If her body language is unclear, use your words. ",ADVICE,
165,"Find someone to split Netflix and Hulu with, and get an antenna. ",ADVICE,
166,"You can take the shot and look for your ideal or you can stay with her, take your choice. But if you’re out on the dating world again, it’ll take some time.

But you can still have a great four year experience as a single person outside of sex and love, it’s all up to you.",APPRAISAL,
167,"You can't get over this without first determining why it bothers you. Are you scared that she'll leave you for an ex, are you envious of her sexual history, or is there some other reason it bothers you. Regardless of what the reason is it's on you to get over it, go see a counselor of you think it will help.",ADVICE,
168,"I'm not saying everything has to be 1:1. The comment I responded to was not helpful to the OP. I said ""IF you were resentful you would be rightfully resentful"" because if one person is not okay with arrangement then the arrangement is not ok.",WARNING,
169,My girlfriend doesn’t do that but that does not surprise me at all. There’s nothing wrong with consenting adults doing this kind of thing and it’s not “gay” ,APPRAISAL,
170,"Pretty interesting. For those who read this and use gift cards, credit card reward points, and/or an employee discount, make sure you select orders and shipments in the drop down box, not the items report. The items report list will show you what the total normally is and won't factor in your discounted price. I also noticed it tried to add the time I turned a prepaid Visa card from my internet provider into an Amazon gift card and the time I bought an Apple TV with gift cards from my Chase rewards, I had to delete those because I wasn't technically spending money that came out of my pocket.

I looked through my list and it seems that I don't normally hit $100 a month. Most of my items are household goods or pet supplies. December is when it really goes over, but I enjoy doing Christmas shopping online to stay away from big crowds. I enjoy the two day shipping, especially around the holidays. Sometimes one day or same day shipping where I live, which is worth it. Plus I like the 5% back when shopping on Amazon or at Whole Foods with my Amazon Prime Rewards Visa. I think if someone doesn't use Amazon a lot or aren't taking advantage of certain perks, it may not be worth it.",ADVICE,
171,"2 sounds like a credit card utilization issue. What's your utilization at? 

3 and 4 sound like they are the result of your student loans leaving their grace period, and there isn't really much to do there except to keep paying them down. 

>Should I even be concerned?

758 is still a great score. There isn't much, if any, difference between 758 and 778. So no, I wouldn't be concerned. ",APPRAISAL,
172,"Respect. Trust. How will the rest of the year be like. Follow your heart, your gut instinct. If I found out my boyfriend did this it would be over.",ADVICE,
173,"You could do that. And I would recommend it because moving money between accounts when they're all Capital One will be a breeze. However, moving money from PNC to Capital One and vice versa, if you ever have to transfer money, will take a few days.",ADVICE,
174,"Are you maxing out every financial aid/grant opportunity since you’re a single mom & in school? The whole point of those is to elevate you from the level you’re at now to self-sufficiency. Use those tools. There’s often child care on campus. 

Make sure you go to a legit school and not some 40k school for a CNA certificate. Community college, state school etc. look for grants for student housing, work programs everything. Talk to financial aid ppl. ",ADVICE,
175,"Then just see what your credit score is like after the refi, and if it's still in a good range for the card you want, you should be fine.",APPRAISAL,
176,"Have you tried calling the court house to discuss this with someone? They might have advice for you. 

Also did you try requesting a postponement or were you just requesting to get out of jury duty?",APPRAISAL,
177,"Occasionally blunt force to the chest can cause a heart attack. [Source](https://www.ncbi.nlm.nih.gov/pmc/articles/PMC4963698/). It's more likely what you said though.

It's also very common for things to be lost in translation, so an unrelated heart problem gets called a heart attack by the family and friends. ",WARNING,
178,"In my experience, any form of change is generally terrifying when you have anxiety, so I feel for you there. The best advice I can offer is to take it step by step/day by day. It sounds corny af, but for me, it does help. 


It's very easy to become overwhelmed when you think of everything all at once. It can be hard, but try to forget that mental checklist and just concentrate on the task at hand. When you wake up in the morning, just focus on getting to work. Once you get there just focus on whatever your first task is, and so on. 


I really hope this helps, and good luck at your new job!",ADVICE,
179,"All grade schools, colleges and universities (even the happiest well-funded public districts and the private schools) have their hierarchies and their politics, and it sounds like you're having a lot of trouble with the administrative and authority side of things.

Maybe a move out of the regular public lower grade-school education is the right direction, but I don't really have suggestions on where to go.  There are certainly other kinds of teaching, but they tend to not pay as well or come with benefits.  Some teachers thrive in vocational schools (you have 20 years in hospitality, maybe teach in a hospitality program?), some in after-school academies.

The problem with getting a master's degree is that you can be just as unhappy with one as without one, but then also stuck with the cost (or the loans).",WARNING,
180,">looking at paying off loans for 2-3 years

LOL more like 20 years. 

But aside from that I agree with you—borrowing money for living expenses as a student is generally a bad idea. But in this circumstance, a modest loan for one semester is not horrible, if the alternative is dropping out. Or worse: paying tuition and committing, on the delusion that you'll be able to figure out how live on $200 for months and then dropping out because you can't make it work. ",ADVICE,
181,"This is actually one of the reasonable answers that often goes overlooked. Most Sheriff's departments undergo more civil law training than city PD's who primarily focus on criminal law. In Texas, Constables also handle these kinds of things and are required by state law to undergo a certain number of hours of training on Civil law. Reach out to your county sheriff's office and ask to speak to a deputy on the matter. ",ADVICE,
182,"Just because someone may forgive the husband for being a rapist, like a close friend or future partner, does not mean it's in any way sensible for OP to. ",APPRAISAL,
183,"Being a good mother comes from how she nurtures, and loves a child. She can be lazy and be a good mother.

Whether or not you want to be with a lazy person, especially if, as it seems, you don’t respect her because of it, is another matter.",APPRAISAL,
184,"She says she wasn't raped, but that would mean she consented, and you can't consent while intoxicated (can't make a clear decision).",WARNING,
185,">Actions I intend to take:

>Hang signs saying ""Please do not touch gym equipment"" and ""[Landlord] and [me] are not responsible for injuries from using equipment.
>I'm going to send out an email to all the tenants letting them know that I'm going to be setting up this gym and asking them to to touch or use any of the equipment not because I don't like them but because if someone gets hurt even if they have no intent to sue me their health insurance could attempt to. 

These precautions are probably sufficient for ADULT neighbors.  If a child is injured, however, these precautions are likely worthless.   Younger children are not expected by the law to use common sense, or even to follow rules they've been given.   This is the root of the 'attractive nuisance' doctrine.  If you should have been able to reasonably anticipate that kids might play on something dangerous, you have a duty to take reasonable steps to prevent them from accessing it.  

There's no way to leave a really cool looking machine laying around and be totally free from liability.  If you can't section it off in a way that lets it remain locked and inaccessible, there's always some risk.  ",WARNING,
186,"God, at 18. Please consider adoption. You be doing the child and yourselfs a favor. 

Edit: Let me add, if I where you I would not become the legal father. Support her ofc but not legally. Please 18 is too young. Adoption is the best option if abortion is out. ",ADVICE,
187,"It isn't only about breaking up, but consider what happens if one of you gets hit by a bus and killed. Now their estate(aka their parents & siblings) are your new co-owners. 

A real estate lawyer can set you up with transfer on death deeds to each other to avoid such a mess. Lots of things like that which happen automatically for a married couple require extra legal forms and special consideration for an unmarried couple.",WARNING,
188,"Thanks for your response, I really hope that’s what it is",APPRAISAL,
189,"Just as an opinion, i think you should go. If he starts acting crazy, or handsy just make it official, u want nothing more than to just be friends. If it gets to outta hand just leave. Be calm and subtle and have fun, dont let a thought ruin a good time with your friends.",ANECDOTE,
190,"And you're saying that this photo of her did not invoke those feelings?

Have you been able to feel sexual attraction towards her since she sent that photo? When was the last time you felt sexually attracted to her if not?",APPRAISAL,
191,"Do you love her? Do you find her attractive? I’m not sure why she lied about her age. Probably because she didn’t think she’d get as much male attention as an older woman. I don’t know. I think you need to discuss the issue with her and you need to decide whether her deception is a deal breaker for you. For me, I don’t think it makes sense to throw away a good relationship over this, but I don’t know the whole situation. ",ANECDOTE,
192,Tell him you don't to get married yet when it comes up. Seriously. You're both super young so you can use that as an excuse. ,ADVICE,
193,"Sounds more like there was a fluke in the software.
Have you looked into this possibility?",APPRAISAL,
194,"I mean the answer seems pretty obvious. She doesn’t seem to care about your feelings as a person or friend...seeing as it sounds like the “Hey, hows it going?” Text never comes in.
You pointed how even after you texted her to have a conversation she sucked in responding.

My advice if you want her attention, just stop helping her. If she comes to you looking for help, just politely decline or say your busy out with friends and you’ll get back to her when you can. Don’t make yourself so available to her, your time is precious and you could be focusing that time with someone else.

I’m gathering you like her and this is why it’s an issue. Yet you gotta ask yourself at the same time, if she changes only due to the fact that you’re cutting her off from the norm...will it be worth it or will you just be falling down the same spiral eventually.",ADVICE,
195,"If you are saving 15% of income towards retirement and have a 6-month emergency fund, then go ahead if you really want to.  Otherwise it's a pretty terrible idea financially ",WARNING,
196,Being more active in the morning may help. Getting up and creating a routine of exercising and making yourself some breakfast might help with your morning. Endorphins does wonders in amping up your mood  ,ADVICE,
197,"Just from reading the title, I'm going to say that this individual is not your best friend and shouldn't even qualify as a friend if he's made an attempt to break you up with your girlfriend so he can ""get with her"". That's disgusting behaviour from anyone, and even worse from a friend. Call him on his shit and don't waste any more time associating with this asswipe.",APPRAISAL,
198,I like to play things super dl too. I’ve never actually liked someone without them telling me they liked me first and I’m kinda of know for that. It feels weird to like someone without knowing if they do or not. I could have people help me out but I also wanna be chill about it and keep it to myself ( and by that I mean no one at my school knowing),ANECDOTE,
199,"One of the disadvantages of being unemployed is that you’re desperate to get a job, any job.

Use your current job as an advantage. Being already in a job gives you the time that a jobless person doesn’t have. Use your time to find job offers. If you read about a job that doesn’t pay enough, be patient and keep on looking. Keep doing this until you find a more laid-back job that looks better than what you’re doing right now.

Same with interviews. If you are not accepted, be patient and try again in the future. Already having a job helps you to be less nervous during interviews.",ADVICE,
200,"How long were you together? If it’s been less than a month, I would probably change the language of the text to be a little bit nicer even if he doesn’t deserve it. If you’ve been together for a while, I would at least call him and talk to him about it. ",ANECDOTE,
201,"I know of two people that went to do different dealerships and had it programmed for $60-90 and it took less than 15mins. 

I figured I was paying a higher price than normal to begin with.",ANECDOTE,
202,Your success story is inspiring good for you man!,EMOTIONAL_SUPPORT,
203,"Eh, just go out and start talking to people. See if anyone speaks English and ask if you can join them. Tell them you're on vacation but the people you were with went to bed early and you want to stay out and have a good time.

Hopefully you'll see people around your age. If you can just start talking to people like that, the conversation should flow naturally. They'll ask where you're from, you can tell them, and then you get to know them a bit. Maybe play some games together if it's a bar. Ask them to play darts, shuffleboard, pool, or whatever they have, then just get to know them.

If you're there with your parents then it's pretty well impossible to bring a girl back unless you have separate rooms. If you do have a separate room, awesome! Go for it! If you don't, then it's going to be pretty tricky to go home with a girl to her place. Maybe if you have a car or they do you could work something out there, but that seems pretty iffy.",ADVICE,
204,"You have relatively mixed and moderate positions in a highly polarized political atmosphere. So do I, although your opinions are largely a mirror of mine.

You might try just starting with making friends without talking politics.",APPRAISAL,
205,"I plan on following your past advice, and I feel your right, if they will instantly judge me because of my looks, why should I even bother?

Edit: I also want to say thanks for taking so much time on this socially inept stranger.",ANECDOTE,
206,"Thank you so much for this. I really appreciate that you took the time to read this and reply with such a thoughtful comment. It's comforting to hear this from a third party, though it mirrors what my friends and family say to me, too. It's difficult to think that he wasn't the kind, compassionate person I thought he was... and that I was that easily fooled. I also hate carrying this anger toward someone I cared so deeply about and was once so close to. I'm not used to being on bad terms with anyone. And I thought I meant more to him. But you're right -- I know in the long run there were many red flags and this was for the best. Hopefully the anger and sadness will fade. Thank you again. Truly. ",ANECDOTE,
207,"Almost everything. If I go out with friends, if I'm working late and don't check in, when I take calls out of the room with him. Anything I do away from him almost immediately becomes an issue, even if I explain it to him. It's to the point where my friends do not want him around at all when I hang out with them.",ANECDOTE,
208,"Future reference, do a tldr.

I read about 90% of it. Let me try to help a bit and make things as clear as I can. I, also, am 25...also have a sister who is 19, close to 20 so u and I can kind of relate. 

My sister doesn't live with me. I won't let her move in for this reason: I am not her mother and I refuse to tell her what to do. 

You're mothering your sister. Knock it off. Your sister is 20, she will grow up on her own time line and she will do what she pleases when she wants to. If she pays her portion of the bills then leave it at that. You could ASK her to help with doing things but her bedroom that she pays for is none of your business and her laundry problem isn't your problem to worry about either. 
If you've already established that she isn't coming with u and your kid and husband then let things be until the move and tell her ahead of time so she can make arrangements. ",ADVICE,
209,We have thought about this as we are concerned about her mental well being and would want her kids to keep an eye on things. Ultimately decided against contacting anyone from her family in an attempt to cut ties completely. ,ANECDOTE,
210,"> I was laid off December 20th so I currently have no income

Then why even mention the first paragraph at all? It literally has zero bearing now on this conversation.

> I don't go back to work until at least April

No. You go back to work now. Like literally right now. Start looking for another job yesterday. Literally anything.

> If I can't find work I may have to go on welfare, and I'm too proud to do that after sustaining myself from 18 into my early 20's.

If Welfare is an option, then you should have gone on that in December. You're stressing yourself and your girlfriend out because of pride, when your country is gracious enough to offer you this safety net? That's silly.

You have your two options. Get a job yesterday, regardless of whether it's construction or sweeping the street and get on welfare until you do get that job ASAP.",ADVICE,
211,"Once they pull the suicide card they are in manipulation town, everything they say and do is to get you to interact with them by guilting you.

He needs help in a lot of ways, you did what you can, he refuses to believe anything other than what he already does.

Best thing to do is learn from it and just continue to ignore him because he isn't going to change if you have repeated why you broke up and he continues to believe otherwise.",WARNING,
212,"„because nobody else wants me“

that‘s essentially his subconcious answer to your question about why you are desirable?

seriously?

just think about what kinda weight those five words have and what they imply.

man, the first thought that comes to mind if i ask myself the same thing is that i’m seriously not sure if i would consider my life worth living without my girl.",APPRAISAL,
213,Therapy? Work with a professional? Talk it out with people? ,APPRAISAL,
214,"Thanks, and I don’t know, she knew before him but it could be jealousy over my relationship with my bf and her trying to hurt me or break us up, I felt like I trusted him more when he said it wasn’t him ",ANECDOTE,
215,"""It's not me you owe an apology to, it's my girlfriend.""

You accepting the apology is basically acknowledging that you think that you were deserving of an apology.",APPRAISAL,
216,"This is similar to what I was thinking too. I just didn't want to assume the worst immediately, but I think you're right about the space thing. Thanks. ",ANECDOTE,
217,"It doesn't feel like it today, but you are lucky as hell this happened now before you are legally committed to her. Take the gift of knowledge she has given you that's she's a liar and a cheater and bail immediately. ",ADVICE,
218,This is a very helpful way to think about things. Thanks for the advice!,ANECDOTE,
219,"First: I'd take some of that money and invest it. You'd be surprised how fast someone could piss away millions. You don't need to work, so hire a finance guy and let him help you invest smart and help manage everything.

Second: Go. You're a 40s guy who's single. Do things that you've always wanted to do, and things that terrify you. Hell if it was me, I'd bring some video cameras with me and document it all. Not many people get to see the world.

Third: Meet people. Genuine people who will like you for who you are. If you must, hide your money from them until you know that they are genuine. Find people to spend your time with. You can do this by just going out to places where people enjoy similar things. Join a club or something.

Fourth: Help people. You have an amazing opportunity to help people. Donate some to charity, or better yet, volunteer at places. You don't need to work for money, so maybe try and work for the good of others. 

Quick little thing: I knew a guy who I only later found out was loaded. I knew him through this organization called BACA: Bikers Against Child Abuse. He joined a cause that he wanted to fight for, and all those guys that are in that organization are fantastic people. My dad was part of BACA as well, and I would go on rides with him as a kid, so that's how I got to know some people in there. Some of these guys invited me and my dad on a fishing trip in February, and we happily agreed. I met this guy there on these fishing trips, and we talked a little while fishing/hanging out in the cabin. He was a great, honest man.

It wasn't until after the trip that my dad told me he was a millionaire. I respected him for it. He didn't let the fact that he has money take over, and did the things that he liked doing, and surrounded himself with great, honest people. I'm gonna miss that guy.

Best of luck to you, hope you find what you're looking for.",ADVICE,
220,"Np :D

I hope that I some of what I wrote may serve you and other people in actually beginning ""that one"" relationship.

Anyways,Thanks for your compliment. Have a great day :D",EMOTIONAL_SUPPORT,
221,"Wowww. You have swallowed some serious reductive essentialist bullshit in trying to get your head around sex and love. I'm sorry that your anxiety around the issues of self worth have brought you to this dehumanizing place.

I hope you find a source of  help that honors your humanity and that of people you now see as opponents.",APPRAISAL,
222,"Yeah you're right

But if I don't give a fuck about losing, then I'll be more enclined to lose... right?",ANECDOTE,
223,"Dude don't even worry about it. It's a fantasy for a reason. If it were anything real? Then it wouldn't be a FANTASY. Everybody has something they think is embarrassing, but what you are experiencing is one of the most common fetishes in existence. I'm not saying to go through with it, personally I like to keep my fantasies separate from my actual love life, but you have to just accept that what's in your mind is in YOUR mind. Nobody else will ever know about it but you. And it's not a big deal. You have to understand that it's not a big deal at all. If your not comfortable with sharing the fantasy with your S.O. then don't, let it remain as it is. But don't contemplate suicide because you think you are fucked up for having such a fantasy, like come on dude. There is nothing wrong with you. ",EMOTIONAL_SUPPORT,
224,Your receipts are $800 and COGS is $500. The $300 is gross profit. You also need to track the value of your inventory at the start and end of the year. You should have a look at Schedule C and instructions.,ADVICE,
225,"No.

Keep it light on the profile itself. Get into the other stuff either via messaging or in person. Why share all your information with someone you might not have any interest in dating?

Privileged information like that is reserved for people who are more worthwhile, i.e. someone you can actually envision dating or having a relationship with.",ADVICE,
226,"Yeah, keep your head up, dont dwell on the past too much unless you're with friends and laughing ",EMOTIONAL_SUPPORT,
227,"Best advice here, Talk to a lawyer now.",ADVICE,
228,"It depends on whether or not you think it's a scam.  If you do think so, then make her go through the court.  If not, the a subpoena will make her jump through a couple of extra hoops.  IANAL, though.  You may want to consult with one.  ",APPRAISAL,
229,"Maybe show her a possible salary for someone with an Environmental Studies degree, then layout some typical expenses she would see living in her own. Then add in the typical minimum loan payment for $90k. This should make an impact.",ADVICE,
230,"The best, albiet not the easiest thing to do it ask for a private conversation and talk things out. Be it for better or worse. You're still young and have a lot to look forward to. Best to either bury the shovel and go your seperate ways or bring her along for the ride. It's your choice bud.

I was in the same boat as you in high school, but my ex's and I managed to remain friends despite the awkwardness that eventually went away as we found our friendship again.

If you can remain friends or get back together, that's awesome. If not, don't let this hold you back.",ADVICE,
231,It might not if you have a person evaluate your financial situation and tell you to your face that you can afford these luxuries and lifestyle you've been depriving yourself of.,APPRAISAL,
232,Do you know how much having a professional do this should cost?,ANECDOTE,
233,That's a very interesting idea! My family is family friends with one of the local hygienists and I'm sure she'd be willing to help me out,ANECDOTE,
234,Get out before it's too late man.,ADVICE,
235,"I'd get an accountant this year but not one that will charge you so much. Maybe you can ask the same guy for a more competitive rate.

Most people have simple tax returns. They don't pay much in taxes, they don't have many deductions (i.e. they take the standard deduction). For us, an accountant would struggle to give us value because there isn't much to save on a small amount of taxes paid.

You aren't in this camp this year it sounds like. Quite easy to make a mistake or not take advantage of something that will cost you >1000$.",ADVICE,
236,"taking an extra job and giving up your weekends are being frugal won't do you nearly as much good as may be cutting your living expenses in half by getting a roommate.. 

Splitting your living costs with someone should be your number one. Find a roommate",ADVICE,
237,"Yeah,  I understand and didn't mean to put you down. Just wanted to illustrate that damn,  this is an unfortunate intrusive thought that could have some really big consequences. I hope you are seeing someone to help you work through this. ",ADVICE,
238,Thanks :) i dont know anyone here with credit card so I was not sure how it works (seeems like everyone in US is on credit card?) but i was expecting something like that,ANECDOTE,
239,"It’s considered “impersonal”.  The gift card is the compromise of showing the person you know what they like, but still letting them decide exactly what they want.  But  I agree, it’s stupid",APPRAISAL,
240,"""If alcohol is clouding your thinking, drink less.""

That's just good advice all around.  You never know when you'll need to have your wits about you.  You can either be the level headed guy who's in control of his situation, or the sloppy guy who needs his ass saved.  Don't be the second guy.  ",ADVICE,
241,"Can you afford to move out?  Are you working full time? I'd sit down, do some googling into how much it would cost you to get an apartment and then factor in all other costs - phone bill, internet, food, personal spending, etc. and see if it all works out with money to spare. Unless you're employed full time, it likely won't. I would definitely agree with the idea of downsizing your vehicle to something cheaper and with better mileage to save money on gas. I'd also make sure to have some savings (at least a few thousand $$) before you move out.",ANECDOTE,
242,"I’m surprised that you offered to help her with bills and she still insulted you and your mother. Do not allow this woman back into the house, she was never really sorry and is a narcissist. ",WARNING,
243,"This. In the meantime, start looking for a new company to get your internet from.",ADVICE,
244,"Agreeing with /u/HonestlyKidding. The movie is best. Ask to take her to dinner beforehand. Nothing fancy, but definitely not fast food. Texas Roadhouse (or Logan's Roadhouse) would be perfect. ",ADVICE,
245,"Thank you, I don't think I really do need any reason besides ""no"", which is why I didn't bring it up at the time. It was mainly a question I had because the friend said to everyone else, ""Hey, just don't drink too much tonight that you can't drive home tomorrow morning."" And then when I went to lay down, was like, ""You cannot stay here."" 

I mostly wanted to ask what changed, and was incredibly grateful that I hadn't taken his earlier advice to heart and got smashed an hour away from my home. I think my question to him would be why he singled me out among everyone -- especially if it was something I had done last time I stayed, so I could apologize for it. ",ANECDOTE,
246,Just break up with her. It sucks but you’re going to regret it this the longer you prolong ,ADVICE,
247,I want to do that. Ive tried. I feel like I should tell her again and maybe after that I'll leave it alone unless proven otherwise.. But it just feels so undoubtedly true that it's hard to get past. ,ANECDOTE,
248,"I'd just consider her a friend at this point. Relationships recovering from this stuff is very rare. Move on. At least the breakup wasn't nasty. You guys will be able to salvage a friendship or she'll realize that this was a huge mistake(don't count on it).

&#x200B;

I'd advise you not to be overly present in her life for a bit after this. People really like being able to have their cake and eat it too during these breaks. They'll break up with you so they can ""do them"" but still expect the same level of emotional support you provided as a significant other, and that's just not fair on it's face. Most of the time people doing this aren't doing this because they need time to explore themselves, they are doing it because the relationship is no longer working or there is another person in the picture and they don't want to feel like an asshole.

&#x200B;

Good luck, from someone who's been on both ends of this scenario.",ADVICE,
249,Not telling him I would say is a lie by omission. ,ANECDOTE,
250,"So if he thinks that you guys are cheating, he’s accusing his brother directly as well, right? 

Edit: and if he isn’t, you should probably ask yourself why that is. ",ADVICE,
251,"Who told you that you were wrong to slap your sister?? I don’t have time to read all these comments because I got here from the update post, which I wanna get back to and read lol. You were not wrong to slap your sister! ",APPRAISAL,
252,This is an unhealthy relationship. He's picking drinking over you and his family. All the warning signs have come and gone. You need to break up and not come back.,ADVICE,
253,Call your local Buildings or Code department and ask them to come out and inspect.,ADVICE,
254,"Perfect. That's what I was thinking, but I kept going back and forth on it. Especially because it wasn't money I truly earned. Thank you!",ANECDOTE,
255,"Exactly. Never forget you are a human being and you deserve basic human courtesy. It’s a basic human behavior to ask how a “friend” is doing when you care about them.

Anyways, I hope the best for you in what you decide. Head up and keep moving forward. ",EMOTIONAL_SUPPORT,
256,"No. I graduate this spring, and as of right now the the prof will not teach any of my courses unless of some dramatic change. Do I have grounds for an appeal here?",ANECDOTE,
257,"Yes I do pay for a lot when she is around, and try to give her as much as I can. ",ANECDOTE,
258,"I think we all do this from time to time.  It will pass with time, but I'd try to limit direct contact with the guy if possible.",ANECDOTE,
259,"Thanks,

Mentally I've never been better, ironically, and I shall do my best to maintain physically functional. A lot of the suggestions here have given me some hope.

My visa still has quite a bit of time left on it, which I will use to find a way off the island. I certainly don't want a ban from UK.",ANECDOTE,
260,"My dad had also cheated on my mom when I was young, and had a pill addiction. I've always kept it to myself if I noticed something fishy, sometimes told my sister. I don't feel good about that cause I don't want him to be hurting my mom but I also feel like it's not my place, they're relationship is it's own separate thing. Chances are if you are finding stuff your mom is way ahead of you even if she didn't see the same evidence. She's not going to forget what happened in the past so I'm sure she's always checking stuff on him.",ANECDOTE,
261,Your loans aren't at a super high rate and you need a car anyways. I'm on the fence here to be honest. This is mostly on you as a personal choice in my opinion because the car isn't preventing you from saving or paying your loans off. Could you pay down the car any faster?,APPRAISAL,
262,"This is the sentiment of some of my friends. But those same friends are chasing around the dopamine rush of  passionate love, only to fail abysmally in long term relationships.

I'm trying to value the companionante, durable stuff over the fleeting emotional stuff. But after six months.. maybe you're right. I'd like *some* kind of emotion. This just sucks. ",ANECDOTE,
263,"Also not his place, even if it's ""for her."" It's her decision solely, most likely with some input from her parents, depending on whether they're supportive or not. ",APPRAISAL,
264,"That sounds like he may be gearing up to try and isolate you. It’s an abusive tactic, and it generally starts out small like that. It’s possible that he may not be thinking of it that way, but it’s raising some red flags for me.",WARNING,
265,"My man, just break it off. Find a new lady in your new city. She chose her career, so pick a different woman. I don't understand not trying because your scared of rejection. She bailed on you. Move on ",ADVICE,
266,"Fight it. Ask them for all documents, also check credit Karma, Experian and other credit report sites to see what accounts are open under his name/SSN and you can go from there. Do not settle also collections usually go away after about 10 years. Good luck ",ADVICE,
267,Nope. I’d say the same thing to a guy. I literally did exactly that earlier today.,ANECDOTE,
268,"Remember she gets half your stuff for life with this separation, and unemployed she gets alimony. 

Not gonna lie the effect on your career/end goal is going to get halved regardless of your choices. Lucky you dont have kids yet. It would be best to find an appropriate environment if you want to save your marriage. Not everyone can do the LDR and you need to choose your spouse - but you dont seem to care. Regardless the law will take care of her.

She does have legitimate concern, military life is filled with divorce and infidelity and you really cant expect someone to not emotionally connect with females, who are probably searching for men themselves, while working 12 hour days.",WARNING,
269,"I completely understand that. You seem like such a sweetheart, though. I can't imagine you'd bother them. I wish you the best of luck with this guy!",EMOTIONAL_SUPPORT,
270,"Yes, in PA they approve your curriculum, you sign an affidavit swearing to educate your children, and there is an annual year end eval with an independent evaluator for each student, in addition to standardized testing. 

Also PA has a lot of fundie groups who homeschool, and so homeschooling in PA will put you in close social contact with a lot of christian fundamentalists unless you live in a really densely liberal area. 

(was homeschooled in PA) ",APPRAISAL,
271,"Not correct.  Use debit cards, but never enter your PIN.  A debit card issued by Visa etc. used without a PIN has the same protections as a credit card.",ADVICE,
272,"Not sure how you can say being a parent at 18 definitively won't hurt or diminish this kids life. You don't know his hopes, dreams, financial situation, prospects, etc.",APPRAISAL,
273,"So with the new tax laws and not being worthwhile to itemize is it still worthwhile to have my taxes professionally done? We are pretty easy even with itemizing. 1 w2 for each of us, no additional income, a house and a child. ",ANECDOTE,
274,"So what are you going to do in the US instead that will make you happier?

Also, why do you assume that you won't make any friends?

Oh, and how much would the trip cost?  ",APPRAISAL,
275,"Think about it. If anything happened to the house, you can be held liable.  If some one broke in. Fire. All that. Let's say it's a drug house. Now your cars tagged. If the owner comes back, your car gets towed.",WARNING,
276,"You guys still talking?

Have gone no contact to give her space?",APPRAISAL,
277,Not sure but it's possible as it's an app it has access to your contacts? ,APPRAISAL,
278,How do I do that? I have no motivation to do anything and feel depressed ,ANECDOTE,
279,"Truth is, if you can't share how you have the money, it's kinda useless in a market sense. One audit and you'd be screwed. Some guy making $20k a year with $300k seemingly randomly is going to set off some major red flags.",WARNING,
280,"The dr may have put something in physical or other papers to say it is approved? In our district(also NY) there is no way a nurse would give that unless they felt it was emergency situation without dr (and usually parent approval.) I would politely inquire about the meds policy from the district. Tell them you want to clarify for the future because you were unaware that this was ok. If you find out it was not you can decide what to do. I don’t think your child was really in danger, but I would very much want to know what procedures are for giving a medication - who needs to give approval? What meds are ok and parent notification procedures.",ADVICE,
281,"Can you let us all know how this turned out? Because frankly I think I speak for most on this sub, we want to make sure you binned this cheating scumbag and got on with your life. 

I do hope you take the excellent advice I’ve seen here, she sounds like an awful person. I once had a very similar but less extreme situation. My girlfriend of years ago had a “sexting” relationship with this person she knew before university. I only found out through happenstance, noticing a message appearing on her phone asking “if she was alone”. Needless to say, this was the beginning of the end for us. She was a nice girl, but thinking this was normal behaviour in a relationship killed it for me. It sure as shit should for you too.

Good luck friend!",ADVICE,
282,"bro, are you serious? If you like her send her a message saying hi but also set up a date and time so you guys can meet again. They are literally throwing themselves at you! Invite her to the same bar, maybe find a friend for her sister too.",ADVICE,
283,"Thank you for this honest post. May I ask- you seem to know that had you stayed with the ex-bf you would have cheated further, I’m assuming because he really wasn’t the guy for you, which is fair enough. But then, why did you stay at all? Wouldn’t it have been less messy, and  less painful for the bf who I’m sure you at least still like and don’t want to hurt, to say “look, this isn’t working. Here’s why.: because A, B, C, etc. We need to break up.”

I only ask because I really wish my cheating gf had done that. It would have hurt like hell but much less than it did when I discovered the cheating.",ANECDOTE,
284,"You're right. I think it's obvious that he likes me, and I guess I'll ask him to hang out outside of work to see what happens.",ANECDOTE,
285,"Pay off the car early. Paying off non mortgage is usually your best option.

You should ignore anyone comparing the debt rate to the average investment gain. They are not telling you the full story.",ADVICE,
286,"\- Secured Credit card

\- BoA Checking then after asked if there is any promotion for a Credit card. (might be low from the start, I got $750). If you are under 24 and still in class, you can have your checking account maintenance fee waived. After that you can decide to close your account or keep your account with some other requirements to have your fee waived.",ADVICE,
287,"You say this is in the Bay Area, so you are going to get taxed very heavily.  Your marginal federal+state tax rate in Calfornia at 120K is well over 30%, so you may as well max your 401k at $19K.

You can also make Roth IRA contributions, though you have to do them as traditional IRA conversions, and they are not deductible.  

Your budget is sort of wacky.  Bay Area rent+utilities of $2000/month would be a huge bargain for anything other than a room in a house.  You are including $1500 for food, which is about right...for a family of six...and then your company provides meals.   You didn't budget anything for transportation, entertainment, vacations, etc.   




",ADVICE,
288,">Would it be beneficial to remove the Authorized User Acct from my credit

Maybe. No one can really predict what effect any given action action will have on your credit report. But it does sound like removing yourself from this card will reduce your utilization and increase your AAoA, both of which should improve your score. Keep in mind that it may take up to two months for the account to be completely removed from your credit report.

>would it be a minor or major bump?

Who knows. It depends on the scoring model and the entirety of your credit history.",APPRAISAL,
289,This thing with The contract was from The beginning suspicios and i searched on The internet. What i found.. Their own site is blocked.. You must pay to receive Information about it. I founded another site where it was a disscusion about this company. And one girl story how 'they are trying to get your nose' lying with The promotion.,ANECDOTE,
290,Possibly the electricity if it also affects heat. Certainly parents are under no obligation to provide upgraded phone service even if not having it affects a child's happiness.,APPRAISAL,
291,"Right, that was my initial thought as well, but she was troubled either way. Thank you! ",ANECDOTE,
292,Save all the attention for when you are together. It's like delayed gratification that you don't water down with constant texting.,APPRAISAL,
293,"I understand that looks can be important, and you do say that she hasn't compensated with her personality. But I've been with my bf for 2 years, and while he has gotten more attractive, its the intimacy that makes me so attracted to him. I have gained a significant amount of weight since the beginning of our relationship (70ish lbs), but he never mentioned my attractiveness, only my health. By focusing on the things he liked, my eyes, laugh, and oral skills, his compliments felt genuine. He only made me feel more attractive and turned-on, and my gratefulness translated to enthusiasm in the bedroom. I ate because food was a quick reward during times of stress- but my bf made me feel so good and supportive that I began to feel good about my body, and food is no longer a drug. I have lost nearly 20 lbs without any conscious dieting- Feeling good about yourself and your life can influence your eating habits and make junk foods less seductive. I'm sure your wife is feeling ugly and unattractive, and her way of supporting her self-esteem and ego is to become overly defensive. While it is not your job to fix all of her problems, if you want to stay with her then you may have to be the bigger person, at least to start. Marriage counseling often doesn't work because people don't use it to find new ways to work on their relationship- they know what to do, they just don't want to do it. Instead, it is used as an excuse- instead of changing their behavior, people will go to marriage counseling and say, ""Look at what I did! What else do you want from me?"" You may have to make her feel sexy and loved before she can do that for you.

It is easy to be a good person when life treats you well. It seems your wife has shown her second side, the side of her that comes out from stress or pain or ignorance. You might be able to get her back with some patience, but its up to you to decide if you want to.",ANECDOTE,
294,"I would say that he probably needs a sleep study to check on apnea, and maybe a CPAP - that is the only thing that finally quieted my husband's snoring enough that I could regularly sleep - his machine is super quiet.  Try to get him to ask the doc about it - a lot of places do an at home sleep study that isn't as invasive as having to spend the night in a hospital.  You just go, they show you how to hook up the monitors, take it home, put it on before you go to bed and then drop off the next day.

Drinking less could contribute because alcohol actually keeps your body from getting as much deep sleep as usual, and most people tend to snore more when they sleep more deeply.  Smoking could be contributing as well, especially since it could dry his throat and make it worse.

Simpler things that could help a bit - elevating the head of your bed.  If sleeping on his back is a problem, get him a shirt with a front pocket, put a tennis ball in the pocket and then sew it shut, then have him sleep with the shirt on backwards to sleep - the ball will keep him from settling on his back when rolling while sleeping.  We didn't have any luck with the nose strips, but a dental appliance that shifted the jaw forward a bit did help some.  

I tried earplugs, but they didn't quiet things enough for me and made my ears hurt in the morning.  The best thing for me was a white noise app on my tablet that I put under my pillow.  Turned up loud enough, it would cover the sound of the snoring - I could sleep with the constant loud noise, but the irregularity of snoring on and off would keep me up.  If it is possible, trying to get to sleep before he does can help as well - but that usually didn't work for me - I've always had insomnia and was up later typically, and even if I fell asleep earlier he would wake me getting in bed.

I know you said that you have a munchkin at home - I don't have a problem with hearing the baby monitor over the white noise that I use at night right now, if that is a worry.",ANECDOTE,
295,"That may be, but does that excuse any of my own behavior?",ANECDOTE,
296,"Send an email, or call, the friend(s) and apologize. 

Showing some humbleness in a time like this goes a long way. ",ADVICE,
297,"Yes, that's the best route. But just know that if your sister is the account owner, she controls the funds. So she has the power to change the investment, change the beneficiary, she could choose to withdraw the funds and pay the tax/penalty. ",WARNING,
298,"Is it possible to move to a different part of the city (i.e., closer to work or on a more direct transit route) and not have a car at all?  One of the tradeoffs of living in a big, dense city like Boston is that while it is expensive to live there, you can get around fairly easily without a car, thus avoiding an entire category of common household expense (automotive payments, insurance, fuel, and maintenance).

According to the numbers you posted, $130 (car payment) + $190 (parking at work) + $300 (insurance) is $620 per month before you've paid a single cent for fuel or maintenance.  You are living in an urban apartment, so I'm assuming you will have no access to a garage, which rules out DIY maintenance.  That $100 DIY brake job (new pads and rotors) will run at least double that at a shop.  New set of tires?  That'll run you north of $500 for even a budget set.  

At $58,000 total compensation, $620/month is nearly 13% of your pre-tax income.  Is that really worth it?  Please understand this isn't some stuffy ""self-denial"" advice, either: you're a 22-year-old living in Boston!  Go live it up!  Party, go on trips, etc., etc.  Don't blow seven grand a year on a car to sit in traffic in.

&#x200B;",APPRAISAL,
299,"Sorry, but thats not flirting. Shes cheating, even if its not physical yet. Shes already sending this guy the ""cheaters script."" If let go more and more she will tell her friends, fam, and this guy more and more things just to make you the bad guy so she can feel the victim when she cheats then leaves you. Best is to just cut it and wall away. All shes doing is gaslighting you when you try to tell her how it looks and makes you feel, but its somehow about her instead...no, bail and run. I put up with this for four years. Wish I hadnt.",WARNING,
300,"They say that the 1st person you date after a long relationship is usually just a rebound. That wasn’t the case for my husband and I, we’re going on 12 years. Our ex’s haven’t settled down yet though. ",ANECDOTE,
