id,text,label
1001,"Good point, I guess I didn’t really help before. I’m not exactly sure, but I do think there’s a correlation between free time and focusing on unhealthy things.  My friends with the most time on their hands, seem to dwell on things like that.",ANECDOTE
1002,"Are you 100% sure it wasn't family. It could have been a friend of someone else in your family. Secrets like this are normally hard for people to keep on their own so it's possible that someone else confided in someone else and so on leading back to you. I am sorry that people are finding out thus causing you pain. If and when you do find out who told I hope it brings you closer to some closure, however it is possible you might not get it. Remember you are alive and striving today and pass actions on in the past it's how you react now to those that's where you will find peace. ",EMOTIONAL_SUPPORT
1003,"I know it’s not my fault but that’s not what matters to me, she’s such a kind person, I care about her so much, I would do so much for her, it’s been really hard for the both of us but we still seem to make it, just sometimes it unbearable. I really hope she can make it, I don’t know what I would do if she didn’t.....",ANECDOTE
1004,"I don't want to scare you but if you see him in person, stay on guard, literally. Maybe think about carrying a tazer or better yet a gun, depending on the carry laws where you live. Don't meet him in an isolated place and don't meet him alone, it's probably better that you only ever see him in court or behind bars. Stay safe and good luck. ",ADVICE
1005,Good luck OP.  Don't allow this shit.  Get out quick.  This is only the first you know of.,ADVICE
1006,Just to add... you cant be like the characters you see on tv though. These people simply do not exist. Good comment though.,ANECDOTE
1007,"When I know I'm about to pay a debt off I call the lender directly and won't send payment with a an agreement to send me the copy of receipt or some form of confirmation that the debt has been paid off right afterwards. I don't like to wait for mail in that case so they usually email or fax me. Then I can get the letter as well. 


I don't screw around with that kind of stuff either.",ANECDOTE
1008,"I would just let you know that only the person on the actual lease with the actual owner is directly responsible fiscally for the entire apartment, so even if your landlord is cool with you just subletting sections of the property without revising the lease, if you get screwed here, you're going to get it hard. Also, they cannot really help with eviction of ""C"" if she is not a lessee, since they have no paperwork tying her occupancy to the property.  That would get messy. Just ... idk. Be super careful here. You'd have to drag ""C"" to court probably to recoup whatever you would have had to pay to the landlord because of her, and it'd be a mess, too.",WARNING
1009,"My guess is no, but as I said, I am out of my depth here and if you are serious about this, you should consult with an attorney who *is* knowledgeable in this area.",ADVICE
1010,"That's pretty open and it depends on what you want (budgeting? loan amortization? net worth tracking?). I'd go to Excel and search templates right from there. Those templates are often pretty great, feature-wise.",ANECDOTE
1011,The sooner you get out the better you'll be. If he is lazy and completely unmotivated that doesn't usually get better just because you are doing better. Leave and tell him to straighten up if he wants you back. Save yourself years of heartache. ,ADVICE
1012,"Also, after 5 years Roth IRA contributions can be withdrawn without penalty (I think) in the event of an unexpected expense (house down payment,  engagement ring, college tuition,  etc.).",ANECDOTE
1013,"If you want out, as long as you’re as respectful as possible, go for it. ",EMOTIONAL_SUPPORT
1014,"You contact your local bar association for referrals

And no one is going to work and cross their fingers you pay. You may be able to get on a payment plan or some such and pay it off if you win",ADVICE
1015,Do you want to be with him or do you want to be in a marriage?,APPRAISAL
1016,"You are your own advocate and these choices are your own, but I want you to consider what your life is going to be like after Klonopin, because that dose will not work forever and eventually you will find yourself in a position where your psychiatrist will be unwilling to prescribe a higher dose. 

3 mg of klonopin a day for 3 years is a lot. When you come off of that dose, you will experience rebound anxiety and discover a new baseline for your anxiety.
",WARNING
1017,Then you can find different employment. Everyone's level of emotionally unbearable is different.,APPRAISAL
1018,"Good points man thanks , struggling to find my
Way here. Ended up getting blocked this morning after this stalker guy reached out to her again with screenshots from my Reddit ",APPRAISAL
1019,"I'm with him because i liked what we had before I found out about this stuff, so I kinda have hope he will change.. 
My therapist actually recommended for me to post here on this because sometimes I really need outside sources to help me understand this situation and an input would help... Because I'm so used to his crazy I guess that it's norm for me...
And I like neither trolling or drama..
",ANECDOTE
1020,"I don't, I have three sisters and women are a great part of.my life. I treat them like princesses and would never harm one. However, yes it is a preference, but they are amazing girl in which I set aside because of something so  anticquated like this thought. I am not hating on them for sure, if anything they make me hate myself haha. They are awesome girls and that's why I want to get over this preference, thanks!",ANECDOTE
1021,Yeah if there was a form of payment in exchange for services provided you can take them to small claims court. You can sue for the cost of the emergency replacement serivces you took.,ADVICE
1022,"Prbly. Just ask without sounding too accusatory.
I've honestly gotten 'hickeys' by just scratching my neck.",ADVICE
1023,"I totally agree with this. If you're past the statute of limitations and you make a written promise to repay some or all of your debt, that is enough to restart the clock.",APPRAISAL
1024,"She is insecure yes and I understand it, with that comes alot of trustt issues, the trust issues got alot worse in uni and I think that's a reason why she always wants to be around me but I definitely agree with you about how she can't use that to disrespect me, it has been hard for me to make friends in uni, I like my own company and to keep to myself but when I do want to talk to someone I feel so guilty because sometimes I might talk to someone on my course who just happens to be a girl. Everyday when I get from uni within the first 10-15 minutes she asks 'did anything happen today' meaning have you talked to any girls. The insecurity in the past has lead to some arguments I remember a while back I tried asking for a bit of space and she called my interests a waste of time and stupid",ANECDOTE
1025,"Report it to a teacher or your principal, but inform them that you would like to be anonymous. They should respect that. ",ADVICE
1026,"Divorce isn't just on the table, it's what's for dinner.  You deserve someone who is all in and he clearly is not.  Blaming your hormones, is absurd and abusive.   At the very least a trial separation might be in order to send a clear message to him that you deserve better and you know it .  If you stay, don't let him mistreat you. Always keep in mind, you want your little girl to see what a healthy relationship looks like so that she strives for the same one day.  I wish you all the best.",ADVICE
1027,Did...did my husband write this?,APPRAISAL
1028,"Thanks for replying

Why not get student loans?",APPRAISAL
1029,"I hear you, I have hade a few summer jobs, cleaner, grounds keeping, the likes. I liked every single one to be honest. Even cleaning toilets and picking up cigarrett buts was fun when I was just bullshiting with my coworkers. Its just a matter of getting employed, its hard to find work around here. ",APPRAISAL
1030,"Is this pay for working on a holiday, or a paid day off they're giving you for the holiday?

In the latter case, they'd want to make it clear that it's not time worked, even if you're getting paid for it.

But overall, it doesn't matter. They can call it what they want as long as you're paid correctly",APPRAISAL
1031,"I AM NOT A LAWYER.  I would suggest that you do the inventory before you meet with your lawyer.

The first thing to note is that it sounds like you may have performed an illegal eviction.  He might be able to sue you for that.  There's not much you can do about that now.  Don't discuss or put into writing any of the history on this.  Limit your conversations in general.

In terms of the property, I'm not sure why this is so difficult to determine.  Google search for `california tenant abandoned property`.  Here's one result from [nolo.com](https://www.nolo.com/legal-encyclopedia/handling-tenants-abandoned-property-california.html).  Here's an excerpt:

- California landlords must follow very specific steps before disposing of the property that is clearly abandoned.  First, you must inventory and store the personal property in a safe location. You can decide to keep the property in the rental unit, but the rental unit must be safe and secure. Then, you must give the tenant notice of the abandoned property **etc. etc. etc. read the rest....**

I want to point you to some items:

- **a statement that reasonable storage costs will be charged to the tenant and the tenant must pay those costs before claiming the property.**  I wouldn't make this retroactive without an ok from the lawyer.  How do you figure this?  You can look at the cost for a storage unit of comparable size, charged by the month. 

- **If you believe the property is worth less than $700, then you don’t have to sell the property. You can either keep it for your own use or dispose of it in any legal manner (see Cal. Code of Civ. Proc. § 1988(a)).** If the total value is less than $700, it makes things a bit easier for you.  I can't tell you to lie, but don't shoot yourself in the foot by overestimating the value of any of his items.  

- **the time frame that the tenant (or owner of the property) has to claim the property** Give him the opportunity to get his stuff during reasonable hours and days. You don't have to be available 24/7 for him. 

There's NO such law that you cannot touch his belongings, that's absurd.  You think that apartment complexes leave junk in their apartments when people leave and abandon their stuff?  Take a video inventory of everything in the garage, then an inventory of everything in the room, then move all non-valuable items from the room to the garage, and make a note of that.  Move all valuable items to a closet. Then follow the standard process for abandoned property.

",ADVICE
1032,"The old rule is if you experience a bit of drama, then someone dramatic passed by in your life, if you are always getting into drama then you are probably the one creating it.  As for how accurate this is in your life? I have no idea, sometimes we just attract certain behavior with mannerisms and stuff unintentionally and it takes others help to figure out what it is. 

I will say though that using your husband as your single source of social interaction is not a good longterm plan. There will be days you might fight or one of you is stressed or gone for work or he takes up a new hobby that absorbs more time. There may also unfortunately be one day that your relationship ends, and you will be completely alone without support. You want to branch out and have varied sources of support and social activity through clubs or work or hobbies.",WARNING
1033,"Couple therapy, maybe? Seems like you guys need a better quality of communication. Nothing will get solved if you fight every time you talk about it. If not, I'd cut my losses and move on. It doesn't sound like a happy, balanced, or positive relationship. Getting him to change in such a major way might be difficult or unlikely, especially if he's been living that way for a while.",WARNING
1034,">Is there a way to switch a credit card from the USA to Australia?

Generally, no.  If you presently have an AMEX through American Express Centurion Bank you can possibly obtain an AMEX in AU through their Global Transfer program.  It would not be the same rewards card you now have though.",ADVICE
1035,"You DO NOT want your little girl named after the girl that this asshole used to put his dick on, and the fact that HE DOES is absolutely insane and more than sufficient grounds for divorce, do what's best for you and your child.",ADVICE
1036,"My wife got a new job recently. When she counter offered the HR rep said ""we don't pay more for a bachelors and experience"" The job only required an associate's. My wife told her to submit it to the director anyway. The director came back and agreed the the offer. She was surprised because she went back with a high number that she thought would get counter offered. 

When you deal with large companies, HR reps are sometimes idiots that are just looking out for the bottom line of the company.",ANECDOTE
1037,Just call it off mate:),ADVICE
1038,"Input*

And you're welcome, my friend! I've dated the sort and it never ends well. I'd much rather date someone who is confident in their identity than one that treats things like sexuality as an option but that's just me. ",ANECDOTE
1039,"You don't have any real losses UNTIL you sell. If you sell now, you lock in the loss. Wait it out, and you'll be in a better position (than if you sold) for when things pick up again.

Edit: Say you bought 5 shares at $100 each. Sell them now at $90, and you get back $450. ""Wait until the market stabilizes again"" and rebuy, but the price now is $95 (mutual funds are priced and bought/sold once a day), so $475. You lost $25 over the same number of shares than if you just did nothing.

Also fixed a word.",ADVICE
1040,"Pick up some work for nights/weekends. You're already used to working multiple jobs, just because you have the career path now doesn't mean you're ready to give up doing that at your salary. Even $150 a weekend will go a long way towards your sanity and improving your lifestyle.",ADVICE
1041,"You are in a relationship with him only, not the sister. Talk to him and support the best you can. 
Tell the sister you appreciate her concern and reassure her that you are as committed to him today as you were before the accident. That's the best you can do, but you wont let someone else tell you if/when/how to be in a relationship. ",ADVICE
1042,You can use the phone call they give you to contact a lawyer or use the week or months before your trial to find one.,ADVICE
1043,"Sure I have known lots of shit relationships, my point is you are making this a male issue.  Lots of princesses out there.",APPRAISAL
1044,"Your goal shouldn't be to find a best friend. Or at least don't openly admit that it's your goal. That's the same as dating someone and being on the lookout for ""the one"". You put yourself out there in situations where you'd meet people with similar interests - clubs, teams, work, volunteering, etc. Then you make an effort to socialize while at that event. Then, if you find that you can carry out a conversation, then try to organize something with that individual (or more people from the club/team/work if you have a good group going). Don't wait to get invited or asked to do things. If you're always waiting to get asked to do something, you may never get invited. It's up to you to ask people to do things. To organize group activities. Then, if you click with someone, and you regularly hang out and get along, then you may become friends. And then you might get a best friend.",ADVICE
1045,"I understand she may not be intentionally lying. She may honestly assume it’s yours. Also three months of dating... could she of gotten pregnant before you started dating ie. For sure not lying. Also the possibility it’s your miracle baby. 

But you have to understand there is a great possibility she is lying or cheated.

You need to figure out if the baby was created because she cheated or not. There is no happy ending in a baby that was lied about or from cheating. What if she was knocked up but wanted to get her claws in you to keep you around so told you it was yours? There are many positive scenarios but you need to think of thebpossible negative ones and the impact they will have on you and that baby later. Fact of the matter is no matter how mentally tough you are you won’t give over the deceit. Once you have been cheated on it fucks with your head. I’m hoping it’s one of the many positive scenerios but go into the discussion your ducks in a row (double check with your doc, ask her dating history before you etc) 

But don’t keep a baby that isn’t yours because you want to be a father. I promise you there are better paths in life. ",ADVICE
1046,"Well, sometimes you just gotta tell them that you feel that they're toxic to you and you don't want to be around them. That would be simplest, albeit dramatic, method. If they're known to be assholes by everyone then the only one who'll think you're the asshole in the situation is them.

If you want to skirt around it, just gradually stop hanging out with them. Don't make up lies, tell them valid reasons to not hang out. Try to avoid them so that you just naturally fall apart. Try to make new friends too.",ADVICE
1047,"I get it, but after this week, your mental health is more important than anyone's sanctity of memory. 

Healthy people can still love her while recognizing this is an extra, shocking layer of grief she's given you and that you need love and support right now.

Best wishes, OP. I'm sorry for your losses.",EMOTIONAL_SUPPORT
1048,"1) If you really want your education, you will find a way
2) You said yourself you need to leave.
3) Get out into the world and discover yourself.  Whatever you decide, go with it full force.",ADVICE
1049,If the gift is taxable it may be the only FU recourse she has,APPRAISAL
1050,"It honestly sounds like you're both being petty. Yeah, she should pay for it too and ignoring you + keeping her kids from talking to you at the funeral was shitty. But it's your Mom's gravestone, had she said from the jump ""I'm not paying for it, I don't have that money.""...wouldn't you have just paid for it in full anyways? Let it go.",APPRAISAL
1051,"Very well reasoned. It seems to me that you will be just fine :) 

I wish you the best in your studies.",APPRAISAL
1052,"She is mist definitely still really sick, and she does have a doctor's note (went in the afternoon after her fever got under control). She's probably going to go in tomorrow at least to verify whether or not they're firing her/to drop off the note - I've offered to do that for her to allow her more rest, but she wants to go face-to-face with management about it. ",ANECDOTE
1053,"Dude don't fuck yourself like this, obviously you're trolling but you're gonna be in so much shit when the feds come to your door. Don't play with this, delete this right now. You would be amazed at how fast they can act on this shit. Hope your IP address is hidden so you can get a head start",ADVICE
1054,Never understood this myself as I am very transparent and direct with my feelings all the time. ,ANECDOTE
1055,My dad tried to get my name to be the woman he was actively having an affair with while my mom was pregnant with me (and who is now my step mother). Luckily my mom didn’t like the name and shot it down. Why do men do this? ,ANECDOTE
1056,"That is what I currently do and it seems to work, I just wanted to see what other methods people were using.

&#x200B;

As a side note I have always had trouble maintain a good ""gifts"" goal/budget since the need fluctuates so much during the year. (3 birthdays in June, an anniversary and Christmas in December, etc.) But maybe I need to do some more algebra and figure it out.",ANECDOTE
1057,"And so it goes. 

Sorry dude, the good die to young. Make sure you're there for your dad. Almost no one comes out of hospice, so I'm sure you knew it was coming, but it's never easy. One day at a time. You'll have dreams. She'll be there and you won't even think it's strange. Weird next mornings though. One day at a time. ",EMOTIONAL_SUPPORT
1058,"Look for another job, even if it doesn't pay as much. Trim your lifestyle, cut into emergency savings- that's what they're for.",ADVICE
1059,Realize that moving is not the only way to get out and explore. You live in a city there's all sorts of shot to do but I understand that can be difficult to see when u have depression. I myself suffer from depression and I can say that you need to find something that gives you that alive sort of feeling/drive but isn't as drastic as moving.,ADVICE
1060,Wrong.  BBB is useless if the company does not care about their rating on there.  If they do then it is very useful.,ANECDOTE
1061,But you could do pre-tax 401k and Roth 401k. No particular reason to do Roth IRA if you aren't maxing out your 401k(s) and your workplace has Roth 401k option.,ADVICE
1062,"this is a joke right?

hes getting hammered with hookers and, probably, well is cheating on you with them, maybe feels a little guilty while hes doing it so he wants to make it up by ""marrying you""

you should uh well break up with him",ADVICE
1063,"The case usually is low self esteem. I dated a girl who cheated on me because she had low self esteem, so she’d run to other guys to tell her that she’s beautiful and how much they like her so she could feel better about herself. But it also has to do with selfishness and lack of respect for your partner. Clearly if your partner cheats on you, they don’t respect you whatsoever.

Tread carefully my friend.",ANECDOTE
1064,"Thanks for the comment. It was helpful. The plan was always that he would absorb his own expenses once he was out on his own. We are going to work with him to create a timeline so he can start to make preparations now. And yes, my relationship with him is way more important than a car! ",ANECDOTE
1065,"Don't let them move in (neither of them) and don't let them guilt you into it. 

Take a look around [r/JUSTNOMIL/](https://www.reddit.com/r/JUSTNOMIL/).",ADVICE
1066,Small court costs would be around $50 and you can ask for these costs to be included in the judgement. ,ADVICE
1067,gyno definitely worsened as nolvadex was keeping it from getting worse,ANECDOTE
1068,"Thanks very much! My dad has always been very good with finances, so I've been excited to start saving like this for a long time and live by his example. That's kind of what I was thinking with regards to the interest rates on CDs. And do I want to lock up cash for 5 years if there is potentially a better interest rate available in the coming years? Maybe not. But thanks for the idea!",ANECDOTE
1069,"He’s been acting strange all weekend, not answering me for hours, and being distant.i kept asking what was up and he said “what’s wrong with you, why do you act like this?” I really don’t know what went wrong, I can usually see when I’ve done something, but nothing new has happened. ",ANECDOTE
1070,"I don’t think you should make it a “make or break” situation for her. Ultimatums aren’t healthy. 

You’re right to be upset with her for lying. But she told you this a long time ago, did she not? And she was probably thinking that she wanted you back in her life, so she shouldn’t scare you away. As you said, you were on a break. She had every right to have sex with whomever she pleased. And honestly they were all probably rebounds to get over YOU, which clearly she couldn’t do and you all are together.  The way I see it, she was trying to spare your feelings because she knew you’d react..well..like this. ",ADVICE
1071,"First, I'm going to answer your questions. Then, I'm going to give you advice. Please bear with me.

> Question: assume I moved overseas...tomorrow? Next week? and moved to a small town in EU? Anywhere. What are the legal consequences of me leaving my child behind, unannounced.

If you're the kid's only form of support and you walk away, then you could easily face extraditable criminal charges, meaning that you may be shipped home by whatever country you move to so that you can face the music. A conviction for child neglect may also make it hard to obtain citizenship or permanent residence in another country for years afterwards.

If you leave your kid in your partner's care, then you are not neglecting them. If you leave your kid in someone else's care, you are still responsible if they fall short.

Moving to another country is not as simple as upping sticks and getting on a plane. You need a visa, which takes time, and generally you need some legal justification for why one should be issued, such as schooling or work, which means you may not be able to start the visa process yet. If you immigrate without a visa, you can be deported if and when the authorities find you.

> I also know that most EU countries offer reciprocal child support enforcement laws that can be enforced upon their residents. How much are these treaties enforced?

Most EU countries actively enforce support child welfare treaties.

> Can he/she go to court and say I abandoned my child without notification and strip me of my rights to see him/her again till my child is 18 years old? 

If you flee to another country and remain there for an extended period (months, at least), then yes, your coparent has a good argument that you abandoned your kid. That may mean you lose your parental rights outright if they and their future partner want to adopt your kid, or that you need to start from zero to re-establish visitation and custody if you ever move back.

> Will I have rights to visitation?

You will have to seek that through the courts where your child lives, and moving out of country without a plan or any communication will count against you. In particular, you can assume that you _cannot_ bring your kid with you out of the country, once you pull a stunt like that: the courts will tend to view you as a very high risk for parental kidnapping.

> Have other's done this? Is there a checklist of steps to take?

It's more common to flee the country to try to avoid child support, and even that's not very effective.

>  I don't know what else to ask, as I have just begun to consider this, but it is starting to seem as my only way out. 

Here's where the _advice_ starts: that's the abuse brain talking. This is a grandiose plan that, superficially, appears to solve your problems, but actually creates more new problems than it actually solves.

**Please contact a local domestic abuse shelter and get out of your ex's home.**

You can move out of your ex's home and bring your kid with you, up to the limits of your current custody decree. Staying in the jurisdiction and making sure your kid is cared for and looked after are good ideas, and will help your case as you seek to amend custody. Even if you opt to leave your kid behind, _you can still leave_ without having to travel to another country.

Domestic abuse groups see people in your state all the time: fear that your partner will keep pursuing you, keep pushing you, and keep abusing you is _normal_. One of the first things a shelter can do is handle your mail, so that you never have to see your ex again even as you sort this out. Many shelters prioritize women, unfortunately, but there are shelters out there for husbands and ex-husbands of abusive wives. Whatever your gender and situation, you can get help.

Once you are out of your ex-partner's sphere of influence, get into intensive personal counselling. Rebuilding your sense of self and your boundaries is as much an appropriate medical intervention after abuse as casting your leg would be if you broke it, and in any case, you deserve the support.

If you already live apart from your ex, then your next step is to restrict all communication to writing, through something recorded and moderated. That could be a PO box you check once a week, or a platform like OurFamilyWizard. Unless your custody orders require it, you never have to speak to your ex or answer the phone, nor do you have to put up with texts, emails, facebook messages, or any other intrusions on your life.

Physically distancing yourself from your ex, and cutting communication down to the narrowest possible channels, also means that it will be much, much harder for them to manufacture legal trouble for you. They can't argue you assaulted them if you haven't been in the same room as them in months, for example, or that you're stalking them if you never visit their home.

I say this because fleeing to another country to avoid this situation simply isn't gonna work. That's not how international travel works, and that's not how your obligations to your kids work. At best, you'll get a brief vacation before you have to confront this situation again, and you'll spend a lot of money in the process with very little to show for it. It's as self-destructive as most other panic plans, and there's absolutely no reason you need to hurt yourself to protect yourself.",ADVICE
1072,"Yes, save NOW! Sounds like you are doing very well. ",APPRAISAL
1073,"Is it just the one roommate you have issues with? 

If it is, ask the others if they are having the same issues and see if the three of you can find a place together.",ADVICE
1074,"I know. We've been living together since the day we graduated high school (on the same day at different schools) and it scares me to think about breaking up and being alone, and as much as I hate to say it, that is another thing keeping me here.",ANECDOTE
1075,"Got mine scammed once when I never used it except for the ATM at a local bank. Had to fight but in the end for all but $50 back, which was all the liability I should have in Indiana at least. 

Still took a lot of time and days to resolve though. ",ANECDOTE
1076,"Thank you. I plan on taking the asvab and I can tell them I need to focus on my math English and my job,",ANECDOTE
1077,"People your age are much more likely to be assholes to each other. Think of all the people that have good, faithful relationships. There’s always a risk you’ll get hurt, but you’re missing out if you never try.",WARNING
1078,"Cool, I'll start there. I asked for budget for home warranty. I get to pick, and they left me 500 bucks. Might cost more, but at least I get the choice to pay a bit extra for a good one if I want to.",ANECDOTE
1079,"I used to be in this situations a couple of years back but I am the girl  in that scenario. I finally worked up the courage to take that final step after 4 months or so. First time can be scary especially since there is the potential it will hurt. 

I don't think you should necessarily be worried. I think both feeling safe and secure in a sexual situation is key. You should be able to ask if it's okay to touch her underneath her shirt for example, and she should feel safe enough to be able to say no without consequences if she isn't ready. Work from there and let things progress with a natural pace. If she stays very reluctant you can always try and have an open conversation about it. 

EDIT typo",ADVICE
1080,"your husband might not listen to you, but tell him to talk to other people.  it is HORRIBLE to name your child after someone he longs after.  a child should be given a name both parents love that is best FOR the CHILD.  he sounds like he is in love with that other woman still and i think it can work out if he works on himself but be prepared to leave him.  he needs to choose between his past or present/future",ADVICE
1081,Yep. He won’t take her seriously unless she is serious. ,APPRAISAL
1082,"If you're not paid under the table then Medi-Cal will find out how much you earn if they haven't already. And yes it is possible that they will cancel your policy if you make ""too much"" money. If you are paid under the table, putting that money in the bank may tip off the IRS and the State of California. 

In either case, it is probably in your best interest to either talk to an attorney who handles medi-cal or a financial planner. You may benefit investing that money through a family trust.

That's an awful lot of money to be keeping around the house, if that's what you're doing. That amount could definitely make you a target for a burglary. 

&#x200B;

&#x200B;",WARNING
1083,"Tell him to take the car from the mum, you have a simple solution at hand, go for it. 50 euro a month is well worth your happiness, and more importantly your sanity",ADVICE
1084,No she won't. People like your sister don't take responsibility for their actions so are incapable of regret. Regret requires recognising ones own contribution to the consequences and she isn't able to do that.,APPRAISAL
1085,"If she doesn't listen and understand, she's not the right person for you.",WARNING
1086,"I think the issue is your self esteem. Yeah, you could get the money to have the surgery but a scar is still going to remain and it will still influence how you feel about yourself.

Your ex called you that because he is just a dick. He decided to make himself feel better by making you feel bad about something you already feel bad about. It's what terrible people do. Kick him in the nuts!

If surgery isn't an option at the moment because of money, I'd definitely recommend therapy. You can find places that do sliding scale pay and you pay what you can.

I hope you get the help you need and want. :)",ADVICE
1087,"The lease doesn’t specify what payment methods are accepted. She also accepted the same method of payment we tried to pay her with (a cashier’s check) when we paid her the deposit initially.

She’s a little crazy which is concerning. She showed up twice at the house without notice which is illegal here. Also keep in mind that these times were the first times we ever meet her. We rented the house through a realtor. We also called the county police when she showed up the first time (to check on the door lock, mhmm) and they told us to change the lock and ignore her as we have no obligations to deal with her. She also tried to charge us $375 to change the lock again because she doesn’t like the one we set up. Keep in mind that we signed a 2 year lease so I’m not sure why she’s starting on that “or I’ll keep the deposit” shit.

All I wanted to know is whether I should call out of work or if there’s ways to postpone the court date. Thank you.",ANECDOTE
1088,We are very risk adverse. My spouse and I paid off our mortgage early (in seven years) and neither of us have ever regretted it. I highly recommend it.,ADVICE
1089,"They are not megacities, but they are bigger than most in the US. You would probably have an easier time at either of those than in NYC. And yeah, some people still get famous, but for every one who does. there are tens of thousands who don't. Also, if you go into it with the goal of getting famous, you're going to have problems. Just go into it trying to make money doing what you love. I'm in a band in NYC, and there is very little money in it. All the musicians I know do something else as a career/job.",ADVICE
1090,"I'm friends with her friend that has a ""crush"" on me, should be straight with her and tell her I'm not interested and just want to be friends? And see what happens after that. ",ANECDOTE
1091,Go and sleep like you normally sleep. Isn't' that the entire idea of the sleep study?,ADVICE
1092,"You are already a single mum to your lazy abusive husband.  He is lying and gaslighting you, manipulating you.  Raising your kid alone will be easier than living with this emotionally abusive parasite.  Source: happy single mum",APPRAISAL
1093,"Hey OP -- in response to your edit, you can almost certainly get out of the policy during your free look period during the first 10 days. I'd dig into the details around that if I were you!",ADVICE
1094,"Ask her out. If she says ""No"" and there is rejection you are going to have to live through it anyway.  But rejection will happen more and more as you grow older.  But it sounds to me like she would go out with you. Just be confident and if you haven't got any then fake confidence works good too. ",ADVICE
1095,"Do you understand that this ""relationship"" will never work out? ",APPRAISAL
1096,"Here's the real problem: Both of you are under 25yr and are acting like the children you are, no offense. Your young and both of you want your way and your way only, even if it amounts to enjoying being in disagreement. You made a new life and want to give the child everything you have and more...oh wait, that's not what either of you want because you had rather raise a child as a single parent like a moron. Do the right thing, get a book of names, right down three of your favorites, then get a 6 sided die and number the 3 names with 2 of the 6 numbers without replicating. Then roll the dice once to narrow it to two names. Then label one name heads and the other tails and flip a coin. There's your name, by chance. Chance being the point. It's by chance you two were healthy and lucky enough to find each other and make a healthy baby. It's by chance you fell in love and got married. So give your child a chance and come together and just realize that sometimes neither of you will always get what you want in life, something you're goning to have to explain to your child if you don't raise him/her together. Good luck!",ADVICE
1097,"> This is why FWB situations don't quite work out, because someone always gets feelings for the other person. 

On one hand, I agree with you, because my girlfriend was a FWB and now we're in a relationship.  But on the other hand, the dozen or so other FWB relationships I had where neither of us had feelings would seem to suggest that ""always"" is a little excessive.

Or maybe I'm a moron and broke a dozen different hearts.  Strange how many of them expressed those feelings for me by just texting less and less until we stopped talking or by finding an actual boyfriend and ending our FWB relationship.",ANECDOTE
1098,Care to explain why it’s not cheating and that I’m overreacting?,APPRAISAL
1099,You deserve better mate ,EMOTIONAL_SUPPORT
1100,"That's a lot of pressure to put on you (and by extension, him) to be honest.

",APPRAISAL
1101,You're going to have to buy a better dehumidifier. Were you emptying it often enough?,ADVICE
1102,Have you worked as an Art teacher assistant or something before? How do you know that you'll enjoy it? If finances aren't an issue have you considered double majoring or minoring in one of those 2 options? ,ANECDOTE
1103,"If her baggage is too much then walk away. Its difficult watching someone you love in pain.  If you can understand her issues, cope with them and still love her than stay but if the possibility of bad times is too much for you than your not the guy for her. Be up front. It's not her it's you. Just say sorry my previous girlfriend had issues and I'm not emotionally equipted to be your partner. Dragging it out isn't doing her or you any good ",ADVICE
1104,"I don't think so. Get a brokerage/retirement account and put it into some low fee funds based on your acceptable risk.  If you're young, you can invest more aggressively. ",ADVICE
1105,She wants to keep the baby at 18? Are you guys pursuing higher education?,APPRAISAL
1106,"Well, if your roof just wears out that wouldn't be something you can make a claim for where I live. If you're an unlucky sort and replace your roof but your water heater and dishwasher also crap out immediately after, that would be a rough month. 

But, your point remains. That's not one item.",WARNING
1107,Ok thanks! No you’re right. If I don’t message him and just move without telling him I know if I were him I’d be hurt/angry.  I was thinking of saying “hey just letting you know I’ll be moving back Jan 8th. Happy New Year btw!”  Does that sound ok? ,ANECDOTE
1108,"It is possible, if we give him the benefit of the doubt, that he is just an idiot who thinks it is okay to borrow coworkers' phones to call a psychic number. Possible, but a stretch.

It is also possible that he is an asshole who thinks this is a ""funny prank"" and who does not think of the consequences for his job.

It is also possible that he has personal winnings in this. Maybe this psychic reading number belongs to someone he teams up with. He calls it with other people's phones, they share the profit. Or even without a teammate involved, he could possibly call a number that he owns himself, that gives an automatic response spun out long enough to rack up a bill. 

Think about it. Which of the above seems more likely? 

Can you (and that other duped coworker) check immediately what costs were made, or do you have to wait until your monthly bill arrives? Can you check with your phone company or so? ",ANECDOTE
1109,"I think that it may be of some use to sort of imagine this guy from a sort of third-person view as if though watching him and you talking from an aerial view. There is a reason for this.

It seems that at some point he told you that he deleted, or was going to delete the pictures of his ex. He didn't. He probably didn't ""forget"", because he probably never had the intent to do delete those pictures. That is because one does not simply keep pictures of a 6 year long relationship. Such pictures are either deeply hated, or deeply treasured, in most occasions.

I am assuming that after he told you that he was going to delete the pictures, he did not only not delete them, but that he actually looked at them. Maybe not right after your conversation, but possibly sometime afterward.

That is why I suggested that you imagine or visualize him speaking to you, then walking away, and then looking at the pictures. So that you could quite literally ""get the picture"".

It seems to me that you two are not on ""equal-grounds"" emotinally. People in your situation never are. By that I mean that if two people date, and the first one has feelings for their past half-a-decade long relationship, and the other person actually likes that first person, then the second person will be at a serious emotional disadvantage. You are that second person. If you two ever become angry at each other, you might love/like him enough not to be hurtful, but he might not. In the same way, you are more likely to fall, and note the word fall, in love with him, than he is with you.

Not only that, and not to be sexist or anything, but you are also at an emotional disadvantage since you are a young girl dating an older man.

When you were in kindergarten he was already high school. Age matters. Maybe not in love, age doesn't matter in love, but that isn't love because he is obviously occupied with his own feelings for this other girl. 

And although women are equally valuable, able, intelligent, there are still obvious emotional differences between men and women, especially regarding romantic relationships. 

Therefore, I suggest that you recognize just how different you are in you ""emotional status"", you and him, because I think that you there are obvious signs that you have been ignoring some obvious signs of this difference. If not, you would not be asking questions like:

> Why has he still kept them on here even though he said he would delete them? 

Because he obviously either lied or doesn't care about keeping his word to you. Its that simple, really. (Sorry)

I do not mean to be harsh, but it seems to me that you are infatuated with a guy who is still possibly thinking and imagining a life with another girl, and you seem to need guidance on ""how to feel"" (as the title of the post). I think that you should do a little less feeling and a little more thinking, and realize this relationship might have been a mistake from the beginning, and it might need to be ended now, before ""it"" grows. And seeing as though it seems to be rather lop-sided relationship, that probably only means before your infatuation with him grows. That however, is just my opinion.",ADVICE
1110,"I’m not over my ex wife. But I would still not name a baby after her, no matter how much I still feel that is something I want.",ANECDOTE
1111,"Realistically, only she can help herself. The only thing you can do to support addicts is to talk to them seriously about their addictions and the consequences - health, family, behaviour, etc. And to support them if they ever are willing to accept help - being prepared with AA location, offering to drive her, etc.

As for your dad, if he wants to divorce her (which would be totally understandable) he should talk to a lawyer to get a better idea of what that would look like. Even if he's afraid of her taking some of his money, I'm sure she's spending loads of it currently.",ADVICE
1112,Hot damn!! Keep up the good work!,APPRAISAL
1113,"I've thought about that. Luckily, I'm in a position to be able to afford that cost up-front. With the rent on my cousin's house, I should be able to recoup the real estate costs fairly quickly. Getting out of the house may be worth it at this point.",ANECDOTE
1114,"Thank you.  I have confronted him, he just walks away and is silent.",APPRAISAL
1115,"Try to relax and don't overthink, just change slowly,try meditating or a religion (mine is Islam) or go out and observe nature, and you're probably not depressed but you're stressed out.",ADVICE
1116,"Not at all.if you get caught they'll ban you. If you admit it, though, i believe they'll deny you the job. I've had friends denied law enforcement jobs over pot. How would they catch you? ",WARNING
1117,"I understand, but it is still a poor prioritization - no matter what condition you maintain them in. ",APPRAISAL
1118,"Moving to Canada isn't as easy as people think.   You need to have family there, be willing to make a significant investment (a mil I think), or have a job lined up in certain high demand fields.    Pretty much what the US requires also.    I'm not sure what every country's immigration policy is, but you can't just move anywhere as you wish.


Ireland has pretty low requirements, just residency of a certain period and a job I believe.",ANECDOTE
1119,"Proud of you for having the strength, realizing you deserved better and handling it maturely

It’ll get better :) ",APPRAISAL
1120,"The parents have brought this on themselves. Rule number one of parenting, never be overly strict with it comes to teenage girls. ",ANECDOTE
1121,"I’m finding it weird how so many think it’s bad she wasn’t invited to something. When my SO is invited to something, I never assume the invite extends to me. If I do go with him, he checks that it’s okay. It seems like something that’s common courtesy.

Whenever I make plans with my friends, one thing that comes up is whether or not we invite our SOs and/or have kids along. It would feel really awkward to me to be at something I wasn’t welcome ",ANECDOTE
1122,"Not exactly true on both fronts. There are few states that even recognize common law marriages anymore and each state has its own qualifying process for it. For instance, in SC, there is no time test in order to be common law married (https://www.charlestonlaw.net/common-law-marriage-south-carolina/). On the second front, there are US cases in which child support has been ordered for legal paternity, not biological paternity, because of Paternity by Estoppel (https://tabanolaw.com/paternity-by-estoppel/). It's very dependent on the state of filing, and the qualifications may be very narrow, but it could be a risk depending on the state they live in.",ANECDOTE
1123,"As a girl who loves her, I approve 😎",APPRAISAL
1124,"Make your own life easiest. If you tell him, you could lose your job and get your ass kicked. If you don’t tell him you’ll save yourself time, money and your health. She will get caught out eventually. ",WARNING
1125,"It feels like you’re suggesting that there’s not a single person who would stand up to their friend for cheating.

I told my friend that she deserves to know, and he told her. I wasn’t put in the situation to tell her.

Maybe I am friends with a person who cheats and I am unaware. All I am saying is if a friend of mine actively bragged about cheating, or I found out that he actively cheated, I would say something to him. And if the situation in OP’s story happened, like marriage, I would like to honestly say that I would tell the women. I’m not saying it would be easy, and it would probably sit on my mind for a long time. but I do feel like it’s better to help a trustworthy person dodge a marriage with a cheater, than to allow a trustworthy person to be extremely heartbroken just because the cheater is someone you call a friend. 

",ANECDOTE
1126,"Thank you, I'll definitely take those precautions.  As for the company, we don't really have a manual...",APPRAISAL
1127,"Listen- there is nothing you can do to force him. Drugs can  be accessible in jail, that's not a great option either. I'm empathetic to your pain, I went through it with my sister. If he doesn't want to shape up and get sober, you cannot make him. It's agonizing, I know. There is something you can do for yourself.

Attend an alonon (or nalanon, if you can find one) meeting. They are support groups for loved ones of substance abusers. (Alanon refers to alcohol, but the message is the same, nalanon refers to narcotics, but I find those meeting hard to come by)

It's not your responsibility to 'fix' him, and you can't. It's your responsibility to care for yourself and not be taken advantage of. I found the meetings to be so helpful in sorting out all of the complicated feelings that come from situations like this- you're not responsible for the choices your brother is making. You can support him, but don't beat yourself up. Good luck to you, and if you want to pm me or anything, you're welcome to. ",ADVICE
1128,"She’s moved several times in the space of a year, and sponged off people to do it.

You are the responsible type, who wants to get your shit together before doing anything.

You’re incompatible.   This won’t work long-term because you’ll want to get a mortgage and pay it off and you’ll think it’s important to keep junior in the school he’s used to ... and she’ll want to quit her job and try something new.

So might as well break up now, and look for a girl who matches your level of steadiness/planning/responsibility.

She’ll be the “one who got away” ... but that’s better than being the “incredibly irresponsible ex who drove you crazy and ruined your life”.",ADVICE
1129,"I know this will be an unpopular opinion here but I gotta say DON'T DO IT! what possible good can come of this??

jk go see him durrrrr :p",ADVICE
1130,If you’re gonna fret over this then yes just look for your peace of mind. ,APPRAISAL
1131,He's not a failure still living off of you. You are an enabler who has failed to put your foot down. This is your responsibility. Learn how to say no. ,APPRAISAL
1132,"What IP would you possibly have? Also all of the work you have done would have been funded by industry/academic mechanisms. 

However - that shouldn't stop you. Having MBAs/PhDs would be ideal, but nothing is impossible and pursuing a dream (even if it fails) is often great experience. This is especially true at your ages.

EDIT: Grammar",APPRAISAL
1133,"Did you have travel insurance?  
Expedia make it very clear that they recommend it for these types of situations. ",ANECDOTE
1134,"First of all, if you have a close friend or relative you can speak about this with, you probably should. It’s good to let things out, and advice from someone who actually knows your boyfriend might be more insightful than advice from strangers on the internet. I’m not going to go into whether or not you should have snooped, because that is a whole other issue. However, your boyfriend’s behavior is incredibly suspicious and this is definitely confrontation worthy. If you’re able to, i think you should get some pictures of the messages so that you’re able to back yourself up when you talk to him. I don’t know if your boyfriend is this kind of person, but in the case that he tries to make you think you imagined the whole thing, you have evidence. Something that worries me is the anxiety and self confidence issues you mentioned. If you do determine that you are not “overreacting,” (which i don’t think you are, even flirting with other girls while I’m a relationship is messed up, imo. The implied kiss makes it even worse, peck or not.) don’t stay with him SOLEY because you think you cannot get someone better. I guarantee you that people who are way less deserving than you have found love. You deserve someone who treats you and your relationship with respect. Never settle. I can’t tell you if you should dump him, but you are justified in losing trust in him and feeling angry. Your boyfriend should be confronted, because he needs to shape up his sketchy behavior or ship out. ",ADVICE
1135,"Shes freaked herself out for other reasons such as her last period lasting 15 days, she thinks she has ovarian cysts.",ANECDOTE
1136,"> with all the mandated reporter laws and stuff do I have some obligation to report this?

No.

Mandated reporting is largely limited to those involved in the care of vulnerable persons/children like teachers, doctors, social workers, etc.",ANECDOTE
1137,"Paying the $19,000 isn't ""paying off your PMI"". All you're doing is getting your balance down to <80% loan to value so that legally you are not required to have PMI which... is totally fine if you want to do that.

However, a much cheaper solution would be to actually buy out your PMI. You could for example refinance your home and buy out the PMI up-front for a fraction of that $19,000.

Another solution is to refinance with a 80/10/10 loan and also skip PMI without buying it out. Check it out....good luck.",ANECDOTE
1138,Then why did those guys say I was gross and the “grossest girl they slept with”,ANECDOTE
1139,"You know, it's just that they're together all the time, which is pretty standard in the first years of a relationship. The fact that they're openly inviting him *without* her is pretty shitty of them. The fact that they hang out in the groups that welcomes them both as a couple makes sense. I know I'd take a step back from my friends if they kept insinuating they didn't like my bf.",ANECDOTE
1140,"From my actual experience they do, but that could have been because I worked for the government. From what I know, they find you a modified job until you are capable of working your original position ",ANECDOTE
1141,"you should have her move to that haunted house you posted about, with the girl who crawled from under the tables? she'd at least have someone to talk to who also loves furniture ;)

jokes aside she sounds like annoying person to talk to. there's not much you can do about it aside from pawn her off on someone else (find her a boyfriend?) or tell her how you feel (bad idea. she'll just be hurt) 

so it goes!",ANECDOTE
1142,"Well there's only one way to find out. And that's to ask her. By the looks of it, you've been friends for a while and I'm sure your friendship will survive no matter what her answer is.",ADVICE
1143,I agree it is pretty much straight up theft. Just not sure its worth it to risk him getting charged with the property damage to get the items back. ,APPRAISAL
1144,"What a crappy hand you both were dealt! So many dreams and hopes you both have had to grieve. I'm sure this isn't the marriage that either of you had pictured when you said your vows. I know you have so much on your plate, but I hope you both are seeing therapists to work on processing that loss. 

As for whether to stay or leave... No one can know which choice is right except for you. I imagine your choices seem to be ""can I ever be happy if I stay?"" or ""can I live with myself if I do not?"" Those are both deeply personal questions that depend a lot on who you are and how you find your joy and create meaning in your life. 

I think the 2 separate but very much tangled together issues here are 1) caregiver fatigue and 2) change in the dynamic of your marriage relationship. 

You mentioned being turned down for SSDI, but not the reason they gave. Have you also applied for SSI? It is also through social security, but has different criteria for approval. Depending on the state you are in you should also contact your local health department and ask for a nursing home screening. An RN should come out to do an assessment to determine skilled nursing needs. Depending on your insurance, some home health care may be covered.  You also mentioned medical bills, depending on your income it may be possible that you could meet a Medicaid ""spend down"" which might provide some reprieve from expenses, your local Department of Social  Services would be the place to start  with this question. Honestly, I've known couples that have gotten divorced only so the ill spouse would become eligible for Medicaid so they could access the care they need. 

Hopefully, if you can get some services in place to assist it will provide you with the space you need to decide if this marriage is still right for you. And if so, will shift your role to not feel as overwhelmed with caregiving. And if not, will have some supports and resources lined up to provide care for your wife in your absence. 

I know this can't be an easy choice for you. 

",ADVICE
1145,"Is this friend of a friend an adult? If so there's nothing his family or friends can do to prevent him from falling in with the wrong crowd.

If he's a child his parents can forbid him from seeing these people, and monitor his activities to try to enforce that.",ANECDOTE
1146,Definitely talk it out with the advisor and never repeat this act,ADVICE
1147,"I don't consider that cheating, but obviously made you feel some type of way, but you have to do what's best for you. ",EMOTIONAL_SUPPORT
1148,"Dude. She's not your problem. She sounds like a basket case. If she had nothing to lie, she would of told you. Also calling her parents was the right thing to do.",APPRAISAL
1149,"She’s trying to nuke the relationship my friend. Let her go and move on. Yes it will hurt and you will think you made the wrong decision but you made the correct choice. 

Invest in a new hobby to preoccupy your now new free time, filling in this void. In the past I have invested in gym, a new tv series, or work. As someone who has had multiple relationships I can tell you. What doesn’t kill you will only make you stronger and on top of that you’ll learn from your mistakes from that relationship and apply it to future relationships. Good luck! 

",ADVICE
1150,"I don't think he is much of the issue. It looks more like the major issue is that you haven't cultivated enough self-esteem to communicate with any partner in a non-reactive way. You are hyper-sensitive, by your own admission, because you think that every action outside yourself means something about you and your worth as a person. 

You need to break up with him, not because of anything he's doing, but so that you can start to build real self-esteem and solid knowledge of your inherent worth so that the actions of others won't really matter to how you view yourself. And instead of being hurt all the time, you'll simply be curious about the perspective of the other. 

Your dream of some magic man who will make you feel at ease and comforted and validated all the time is a terrible idea. You need to be able to validate yourself. Can you find partners who you feel more at ease with? Certainly. But every partner is a human, and they won't do whatever it is makes you feel at ease (this is particular to you, it is not some universal good boyfriend quality) at all times.  

Also you say ""  I’m probably the only person who does this. "" No. This is very very common in m/f relationships with someone who has developed your particular defense mechanism. 

&#x200B;",ADVICE
1151,Not being stubborn but how so? The only thing I’m mad about is her starting everything and then being shady. What she does with others is her business. She chooses to tell me. ,ANECDOTE
1152,"IMO it’s better to do it on your own time or your job’s time than school’s time. 
* Employers are required to give you the time off for jury duty.
* Jurors are paid for jury duty if they don’t have a job that’s paying you, $50/day for federal, I’m not sure the amount for state. 
* Schools are not required to excuse you for jury duty, so you will be marked absent and still have to complete any assignments. 

[Source](https://www.pamd.uscourts.gov/jury-faqs) 

Also, sometimes if you defer, they just drop you. This is what happened to me in college. ",ANECDOTE
1153,Did u file a complaint with the CFPB or OCC? If not you need to do that.,ADVICE
1154,"If you're going to shop for a refi loan, sooner is better. The car will only go down in value, and value of the collateral is critical to making a refi work. Or, pay it off asap by dumping all your spare cash on it.",ADVICE
1155,"My math shows you bring in a combined $9325 per month (after rent but before other minimums)? Is that pre or post tax?

Odds are the credit card interest rate is worse than the car rate. Do the credit card first to save money in the long run. If you can do $5,000/month on that, the card will be done in under 4 months. Then do the car loan.",ADVICE
1156,Stop getting so drunk.,ADVICE
1157,"Biggest mistake you made is giving her a few days, basically giving her plenty of time to formulate her story. You need to think about two things:

1. If she only cheated one time, why would there be months of sexting and nudes sent around?

2. If she was pregnant why didn’t she tell you sooner if this was allegedly before she cheated?

It’s fine to ignore advice, but please don’t ignore the facts!",ADVICE
1158,"It's ""legitimate"" in the sense that it's perfectly legal. You bought some collectibles, and you're trying to sell them at a profit. Whether you can build a sustainable income is another question, but yeah, there's nothing wrong with what you're doing.",APPRAISAL
1159,"He's lying about not being sexually attracted to others, not being sexually attracted to u may be the truth, he's definitely up to something",WARNING
1160,"Well it might actually be more than annoyance.
Of course I have hobbies and a life. Its just that every time I see their annoying shit on the internet it breaks my nerves and causes stress. a lot. 
I'm usually calm. I don't get angry unless something triggers the button.",ANECDOTE
1161,"Would different beds make any difference? What about earplugs for her or some sort of bed divider?

If it wrecks both of your sleeping, idk if it's fair for her to require yours be wrecked as well by her PTSD. If she slept in another bed/room, would it be any worse than now for her? Can she go to where you sleep for comfort and maybe it's less often for the wakeups?",ADVICE
1162,"Maybe don't SELL the property, but get a HELOC on it so you can pay for college? Then after graduating, you can begin to pay the heloc back and maybe hell have a change of heart by then and pay it off for you or at least help pay it off....


Also, why is this property in your name? That sounds fishy, if its in your name, it is YOUR property, not his so.... whats going on there?",ADVICE
1163,Do you have access to him in person or is all of your communication with him via remote means?  If so there's not much you can do for him short of reassuring him that things will get better with time.  Maybe send him links to lighthearted stories and media?,ADVICE
1164,Divorce him,ADVICE
1165,"Hey man, I'm sorry to hear about this. I can't imagine how either of you feel right now.

I don't think there is anything else you can say to improve the situation with her. At this point, you should consider if this is something she can forgive you for, and also if this is something you can forgive yourself for. In your shoes I don't think I would anticipate the relationship every going back to ""normal"" (which it sounds like you weren't happy with anyways?). It might be time to simply plan an exit strategy, and just not repeat your mistakes in your next relationship. 

Make sure you've learned from your mistakes, though. It sounds like there were preexisting problems with sex in your relationship. Perhaps she hasn't been wanting to have sex with you because you've previously done little things to make her feel pressured into sex? This incident could be you acting out those previously covert feelings ""because of"" the alcohol (alcohol is obv. never an excuse, but it does indicate how you might have already internally felt). My tactic for approaching any sort of sexual boundaries with a woman is to overtly ask her if something is okay/pleasurable, and to also pay attention to how she reacts to what I'm doing. This is actually what confuses me most about this situation. How did it even get to the point of her verbally rejecting you? At this point shouldn't you have a clear understanding of the unspoken signals she gives off when she is/isn't interested? Reflect on yourself, man. Are you an attentive partner in the bedroom? 

Also, just stop drinking. You're old enough that if you haven't learned your limits now you probably never will. 

I hope both of you don't come out of this too scarred. ",ADVICE
1166,"What do you mean username checks out? 

My dude this is a good outcome of a shitty, toxic & self destructive relationship and it happened early in the year so you can move the fuck on.

It’s the start of 2019. Make it a fresh start and say cya to the hypocrite. Don’t waste any more time.

Find someone that encourages you to strengthen friendships and build more. Someone that’ll comfort your worries rather than shut them down and call you insecure. She destroyed past friendships but now you have all of the new year to build new ones. 

Hell, you don’t even need to be with someone to be happy. Take time off and improve your life. Secure what kind of person you want to be with the life you want to have. So that next time, if someone tells you not to talk to your friends you can tell them that you’ve known your friends for longer & they better have a good ass reason to cut them off. 

You deserve better. Don’t look back. ",ADVICE
1167,"I am a housing lawyer. u/grasshoppa1 is correct. When you make a maintenance request, the owner or their agent has a reasonable belief that the need for entry is acknowledged by the tenant. They can not enter, say, a month later, nor can they use entry to do work that isnt necessary, but if they are examining or repairing someone the tenant has called to their attention, provided they are entering in a reasonable timeframe, you have no recourse. 

Legally speaking, your right to sold occupancy is called ""quiet enjoyment."" This term is often confused to mean silence or noise levels, but the term ""quiet"" in real estate means ""without another person on entity with a claim to the title."" Since your lease (and state law) require the landlord to give 24 hour notice of nonemergency entry, this applies to any matter that you have not requested -or- is requested but a delayed response. 

Your remedy if the landlord repeatedly enters without notice in non requested, non emergency matters is being allowed to break your lease and move elsewhere. There is no legal process in which you would recover money. The only extant one is you can get an injunction that serves as a court order the landlord must abide by the lease terms. This is pointless and expensive. 

But here, I hate to say it, is you being upset for nothing. If you want them to give notice prior to entry, then make requests for maintenance in writing and request notice of entry prior to doing so. But frankly, any legal action if they do not would almost assuredly be futile. ",ANECDOTE
1168,Emotions are transient. You're at the bottom now.,APPRAISAL
1169,"I don't mind making less, I just want to ensure that, because I handle ALOT of sensitive information, if they decide to ask me to leave right away I'll still get money as I'm trying to save as much as possible for the move. ",ANECDOTE
1170,Maybe he’s 90% gay and into experimentation. ,ANECDOTE
1171,She may or may not be a sociopath. She probably has some sort of personality disorder. The thing that matters is that you can't live with her. Move out or kick her out.,ADVICE
1172,Luckily I don't have mascara's but I do have liquid foundation. Also I am unsure if isopropyl alcohol or sprays could sanitize lip sticks and pencils.,ANECDOTE
1173,"Loooool I have been here. Dump her ASAP. She’s not that into you but is keeping you around for some kind of emotional or financial reason. 

It sounds like she is going to break up with you soon, if you can beat her to the punch it will be a lot easier on you emotionally.

Tell her you feel neglected and it’s not working anymore, you need to focus on yourself and your own wellbeing. 

Truly sorry this happening to you, I went to therapy for like three years after a similar situation. Only I didn’t get out in time because I didn’t want to believe she would do something like that to me. Once she stops responding to you the end is near",ADVICE
1174,"> Legally, what can I do to rat this guy out?

Encourage his victims to report his crimes.

No law enforcement officer takes an unsolicited email from a non-involved third party alleging a crime seriously.",ADVICE
1175,"Again, it's pretty clear that what I want to do is fix our relationship, not leave it and my children behind. I don't need to understand your judgement on how ""this woman"" might affect our children if we don't fix things. I'm not trading 50% of my daughter's life to get away from my partner. I intend to find a way to fix things and be a present father to my children. Isn't this a place for advice?",ANECDOTE
1176,"You need to go open a new checking account and close this one. That's to protect yourself. You don't want your name involved in any way.

If your parent is demented or otherwise unfit, you can try to take over their finances. This is a process in your state courts. If they are competent but merely gullible, there's not much you can do. I believe there are a lot of scam support groups online which might give you some ideas to try.  Google ""romance scam support"". Maybe you can show her some of the romance scam stories.",ADVICE
1177,He seems to be purposefully stringing you along. For the sake of your heart and well being I would start separating yourself from him.  ,ADVICE
1178,"If not counseling, what about antidepressants?",ADVICE
1179,">They'll almost certainly suggest you START with a cease and desist letter that will hopefully make her realize that her actions have consequences.  

Judges will generally prefer you start with a cease and desist too, so you can show your attempt to mitigate losses.  So this is an important step if you end up litigating the matter anyway.",ANECDOTE
1180,Who advised you not the directly message her and why?,APPRAISAL
1181,All the shame belongs to your brother. Do not allow anyone to place it upon you. ,ADVICE
1182,Get away from her! Move out. Kick her out. Stop eating and drinking things she gives you. ,ADVICE
1183,"No doubt, I need therapy. He and I also had the conversation about how choosing to photograph models who look like they have an eating disorder (whether they do or not) can be damaging and also perpetuate a beauty standard that makes women everywhere, myself included, feel like they need to fit in that box. And I stand by that.

However, I understand that regardless of whatever tf anyone else is doing, him or the next guy, I shouldn’t be so affected by it or see it as a reflection of who I am as a person. It’s hard when logically I know these things, but my emotions are pushing me in the exact opposite direction. 

Before he shot that model, we never talked about my insecurities. I genuinely felt like physically I was a catch for him. I regret the way I handled it and some of the crazy shit I said for sure. I’m just still struggling to find that line between what would be him letting me know I’m desirable to him and him encouraging my opinion that my appearance is as important as it feels right now. ",ANECDOTE
1184,"I've dated an older man too, 14 years my senior when I was 19. But he was absolutely far more experienced, far more mature, had more power in the relationship and in time I started seeing through the manipulation. Something I didn't see in the beginning of the relationship when my brains weren't fully developed. 

Look I know 18 year old guys who are more mature than some 25 year olds. So indeed I agree with that it differs between individuals. 

But your statement that girls are 11 years more mature is a false statement. It's already proven multiple times through research that there's not much difference in the maturity between boys and girls. And the research you're hinting at is extremely flawed and has been criticised extensively by the research community. ",ANECDOTE
1185,"1) no not by another person. 2) yes. 3) before that incident I had only ever had sex once, but was not interested in other sexual activities, pretty much same as this. But the emptiness started after the pill incident. 4) I have with him but still isn’t worth it to me, not as amazing as people make it out to be. 5) I hate it, giving and receiving.",ANECDOTE
1186,Very true. My grandparents own the house and they don't know a damn bit of whats going on. My mom has just grown so used to the fighting over the years shes just stopped caring anymore. I may just have to move out and go on my own. I don't have a well enough paying job and don't have my future planned yet which is my resolute problem. ,ANECDOTE
1187,"No arguments here! That's exactly how I view my work, and it's what makes me happy. I make enough money that I'm well taken care of and I can devote my time to my hobbies and other pursuits. I totally get that other people will go above and beyond in order to further their careers and move up the ladder. There's nothing wrong with that in the least. It's just that I've seen it work, and I've seen it backfire. I've watched people kill themselves at their job and end up being passed over for promotions or even other jobs in the company because their managers recognize that they have someone willing to do twice the amount of work for no other pay, so they do everything they can to keep them there.  
  
At the end of the day, you gotta do what works for you. This works for me.",ANECDOTE
1188,"Also get it in writing, ideally email them asking about travel expenses.  I've read in this sub in the past of the interview not going well and then the company denying they ever said they'd pay travel expenses. If they are going to pay it, then often they will also book it or at least say what they will cover and won't. A ""yeah sure"" on the phone isn't very reliable or informative.",ADVICE
1189,"I gotta agree with u/throwaway39895 on his one. It's not like hiding it because she doesn't want you knowing. It actually has nothing to do with you if this is indeed the case. When leaving a really long term relationship where kids are involved you have to accept it and move on eventually. When you first start dating someone as a divorced parent you generally don't delve too deep into personal lives and family. The last thing a parent wants is to expose their kid to an asshole or even worse have the kid grow attached before the relationship is serious. She has to find out where she fits in the whole dating world again and be comfortable enough in a relationship before introducing that person to her children. Not an easy transition to make. I really hope that's the case and she didn't get arrested or something worse. If you don't have anyone confirm they have at least spoken to her tomorrow, you said she is right down the street... Get on a bicycle or hoof it over there. or if you're lazy call a Taxi, if she's that close it'll probably cost you $5.   ",ADVICE
1190,"This is terrifying.  You're going to be raped again for sure.  Definitely go to the police.  You may be worried about ruining your life but it's already happened, don't allow it to become worse.  Your father will use your confused emotions to continue to abuse and control you.  Get help before things get much much worse.

Run, now, seriously.",ADVICE
1191,"I'm sorry for your loss :( Thank you for taking the time to respond. I really appreciate it. I'm not the best with super emotional stuff, and didn't want to do/say the wrong thing. 

",EMOTIONAL_SUPPORT
1192,"Stop meeting my 9 other friends because of the ex? I agree leg wrestling was dumb as hell, but I'm not sure cutting out the rest of my friends is either fair or reasonable
",ANECDOTE
1193,">Basically, I'm not sure if this is a red flag

This *is* a red flag. She is literally telling you she has ended multiple relationships in the past due to her own issues and is presently telling you she will end this one in the future. You can't change your partner honestly. But you can either try to enjoy this while it lasts, despite her negativity, OR you can leave now and find someone who wants to be with you and isn't actively planning to ditch you.",ANECDOTE
1194,"Confidence is really important, if you are relaxed and seem to give off an air of knowing what you are doing, students respect that. ",ANECDOTE
1195,"As /u/sundsin said. It does depend on how often this happens normally. They may be bipolar, maybe they're going through some stuff and it's having a hard time.

Just ask if they're doing OK and let them know if somethings up you might be able to help.",ADVICE
1196,"“I am all for believing victims but I don’t even know if my BF was a victim.” Okay, so you’re really just for believing victims who fit your assumptions about who victims are. Sexual harassment and abuse against men by women is a silent epidemic because men are scared to report out of fear of reactions like yours, and might not even consider what has happened to be a violation because of the social expectation for men to always be up for sex. You need to dump your boyfriend, because he deserves better than you.",ADVICE
1197,"Not yielding to a honk is serious.  She was around a bus (be it city or school).  What if it was a little kid she hit and not a car? 

Yeah, she could have been anyone who was stressed out.  But that's the point.  It doesn't matter your age.  She was asking for an accident by getting behind the wheel distressed.",APPRAISAL
1198,"No you see yourself as a burden because you're depressed and stressed. You look through a narrow perspective when you're sad and you feel as if everything is against you and everything is going to shit when it's not. But I can't stop you, go ahead. Leave.",APPRAISAL
1199,"Assuming it’s less than $15k, you can sue him in conciliation court, which is what those crazy folks in Minnesota call small claims court.

You have the agreement, albeit unsigned, and the event happened. 

Once you win you have to collect which isn’t always trivial.

http://www.mncourts.gov/help-topics/conciliation-court.aspx",ADVICE
1200,"Banks have always advised me to never spend more than 1/3 of my income on home debt.  Obviously, a high monthly income would give a lot more leeway, but it's still a decent benchmark. 

Might want to buy a home & consider a roommate to rent a room from you if you're single.",ADVICE
1201,"Since you are looking for college hours then it changes the definition a bit I feel, basically they are looking for ""good causes"" I'd guess. As your friend did, he was able to do both experience and volunteer in one.

I'd definitely say that not getting paid to help ""child welfare and neglected children"" would be a good cause. If you're doing it for free, it definitely sounds like volunteer in a ""college"" sense.

If the place you're doing it at is a corporation and not a ""non for profit"" place, it might not look as great as a nonforprofit but I'd still say yes personally. 

Especially since you are helping **people** without pay, it makes it more volunteer like. As opposed to just doing normal work without pay.",APPRAISAL
1202,"You might want to look for a local lawyer and ask if any have dealt with said store (who are known for being hardasses with LP).  You can usually get a low cost consultation that hopefully can give you some piece of mind on a.) what to do, and b.) what the likely consequences are.

That said, given your completely crap negotiating position, you should not tempt fate by just ignoring any demand letters. ",ADVICE
1203,"Thanks for your feedback.  I definitly see how the wording of the question objectified women.  I apologize, I'm just a little frustrated by my plight.  
    If I were to experience a deep relationship with a women I desired and she had the same mutual feelings, I would look at it as one of the greatest gifts God could give.  I would feel a dept of gratitude first to this women and second to her Creator.  
  I don't think I'm alone as a man by looking at a women as the greatest reward life has to offer, looking at her as the crown of creation, to be adored not objectified.  A women is to be prized but not in the sense of placing her on your mantel but in experiencing her. I hope I could thank her for this by treating her as she would like to be treated.",ANECDOTE
1204,"He touched someone in an intimate way that wasn't you, very inappropriate.  Under the umbrella of things you don't do when you're in a relationship I can see where this is cheating.  Extra sick that he did it with you right there.  Friends are gonna take side.  I'd just distance myself from them. ",APPRAISAL
1205,"No, that's not what I said at all. Rounding is legal, but if 5 minutes early (7:55) rounds up (8:00), 10 minutes late (4:40) needs to round up to (4:45). So yes, you have a valid wage claim for 15 minutes, which you can choose to file. Your employer is rounding incorrectly. ",APPRAISAL
1206,"It's all about what fits you personally. Myself personally, I love my credit union and hated banking at Wells Fargo before I came here. My brother on the other hand loves chase, it works well for him. So the best advice is not to pick where you choose to bank based on what other people think, do it based on which one fits your personal needs.",ADVICE
1207,"I feel like all the other comments about the situation were leaning in this direction.

I know it’s hard to hear, darling, but it’s time to leave before he gets physically abusive.

That’s the next logical progression for his behavior, as he already doesn’t respect your boundaries.....

Please understand that you are too amazing of
A human being to put up with such nonsense.
Any partner you’re involved with should treat you like the prize you are. Please understand that you are too incredible of a human being to be worthy of the physical abuse that this will escalate too.  I’m not saying it might. I’m saying it will.

Get out while you can.",WARNING
1208,"Why not wait until you have reliable transportation, and income?",ADVICE
1209,It just seems to be relying on the unknown too much. “Let’s take on more than we can handle financially and hope nothing happens”. ,APPRAISAL
1210,"I'm saying whether or not he's actually interested in you doesn't matter. 

Ask yourself this: do you want someone who plays with your emotions to get what they want as your partner?",APPRAISAL
1211,"Oh no worries! 
I'd lose my shit if people told me those things, you are not a drama queen what so ever! You stick to your guns girl.",APPRAISAL
1212,"Are you part of any social network with kids from your school? Put out the word there and on the Craigslist nearest your school that you’re looking for certain books and in a tight spot. Are you good with dogs or other animals? Rover is an app where you can offer dog walking and similar services that pay pretty decent for minimal time commitments. On the relationship side, I would give him a couple days to cool off and see if a third party can talk to him on your behalf.",ADVICE
1213,"Thank you :) I have said to her a lot that I am here, she has had it by email, card, text...I am giving her her space and am just hoping she will contact me eventually when she is ready. I shall be patient and keep moving my own life onwards :)",ANECDOTE
1214,"What would be the penalty for not paying fees?  That should be noted in your lease.

And when you didn't hear back, did you ever follow up with them?  Talk to someone in person?  Or did you just plan on skating by without paying the fee because no one got back to you?",ADVICE
1215,"> Do I put in into mutual funds, index funds, self managed stocks, passive or actively managed funds, bonds (i dont see the point in bonds as the money wont affect our ability to survive financially if we lose it).

Several of those are the same thing, of course.  If you put the money into a 2030 target date fund, it would cover many of those categories.  

https://investor.vanguard.com/mutual-funds/profile/VTHRX",ANECDOTE
1216,"plan is solid, but the key is finding a good unit, good tenants, etc. it will be work to get it set up, but if you can set it up as you're imagining, then yes, it's realistic and a solid plan. just realize that not everything will go smoothly and you should be prepared to do work when things go sideways. ",APPRAISAL
1217,"If you have the funds, sooner beats later on average so skip the DCA",ADVICE
1218,"ok i live in a family of 4 sisters. this happened with one of my sister. sucked she was older. i did admit to my faults expecting shed do the same nope, empowered her more to pick at me more. ya know what i did though. ignored her. i did this for 3 months, no talking, avoided her, didnt pay any mind even if she brought this attention didnt care. you need to literally not feed into this just step back ignore it and commit to this. yea it was tough doing this cause i love my sisters but if they messed with me nope 3 months of silent treatment. i do this and tell my parents so they know why i do this in advance before shed tell her victim story.

like i committed to this silent treatment id got to a friends house a lot, give my self me time away from her cause i was SICK of this. i say give youself space from her so in turn whats not there, she has no power over it. just ignore it and focus on you in time shell give up and crack dont pay any mind to this. take controll of the situation. this was a way i in a sense gain balance between me and my sister. i got me time being away A LOT and vacation time and was surrounded by people who gave me confidence and happiness, she had time to think and cause i did tell my parents before hand i am mad at her for treating me this way when she came complaining acting as a victim parents deflected this and said ""thats your problem"" so she in turn learned an important lesson.",ADVICE
1219,Don’t cash it out. Let that money grow in an IRA.,ADVICE
1220,"thanks bro, i’ve just talked to a bunch of people multiple times & i feel like i’m annoying them but i guess i gotta pursue it otherwise it won’t get sorted out ",ANECDOTE
1221,"If you want to buy new, something versatile for towing, fun, kids, adventures, and lasts forever if you take care of it- Toyota 4Runner.  Shit MPG though.  Just buy those new.  They hold their resale insanely well.  Only drawback (and the reason they are insanely reliable) is they get bad mpg.",ADVICE
1222,She can’t handle them for the most part and I will come home to her crying about how bad her day was. ,APPRAISAL
1223,"This is true and interesting. But in my experience, at least in South East Asian countries like India this never works. Employers insist on knowing your salary before they proceed. You're expected to tell them your salary and then ask for a 30% hike. It's not how it should be, but with no dearth of talent, employers still have the upper hand here.",APPRAISAL
1224,Had this problem a couple months ago. Pull an all nighter then go to sleep the next day around 9 or 10 pm ,ADVICE
1225,Wait a sec. Have him go to personal counseling. It seems he is at a crisis point and he is the problem. If he can work out his problems that might lead to your couple problems being fixed. Its not you its him. He seems depressed and doesnt know what to do with his career. This is something ive recently went through and im 20. ,APPRAISAL
1226,"I work in the same industry, but in Alabama, but the application process is fairly universal. The app fee usually gives little to no profit to the company, it usually just covers the cost of running your application (credit/background/rental history check, filing, etc.). Even in apartments, the application process is competitive so don't be surprised if you see that again. ",APPRAISAL
1227,I mean it was also a bit out of line for him to cheat on you so just call it even with him. Definitely break it up with him. That's a scummy thing to do.,ADVICE
1228,"It's going to vary on a few different things - the share class, any asset charges/required revenue that may apply, etc.

You're getting caught up in the typical game of hot potato.  Truth be told, they both should be able to answer your question.  Here is what I would do: ask your employer for an enrollment kit.  They usually list expense ratios in them.",ADVICE
1229,"My GF is sitting next to me and she told me to tell you. 2 days before, make sure you don't have allergies, make sure you get all the wax off so it does not get stuck to your underwear, get an appointment later in the day so you can rest after.",ADVICE
1230,"Bring a pillow, ear plugs, headphones, etc for the flights. You want to make sure you're comfortable. And bring comfy shoes for all your adventuring. Don't be afraid to try new foods. Bring enough money to change for local currency at the airport or bring a debit card so that you can take local currency out of ATM. Don't be afraid to explore! ",ADVICE
1231,"Who cares if your too old to go to high school, you're thinking with your ego here.

In addition, if you're really interested or passionate about programming I suggest go to high-school which you can go to college/university where more opportunities arises. 

There are 40 year olds who go back to college because they want a career change. 
Age is just a number bud, you do you and get what YOU want out of life, don't make the mistake and live in regret wishing you could've worked harder on getting what you wanted. 

Oh yeah, switch the words from I want to be a programmer to... I am going to be a programmer. It help you stay motivated. 

Good luck and don't give up. :) be the best programmer there can ever offer. ",ADVICE
1232,Had a similar experience with BoA. Switched to Ally 4 years ago and haven't looked back.,ANECDOTE
1233,"Who ever you decide to talk to, do you think they may need to hear the whole story in order to give useful advice?",APPRAISAL
1234,"Next time she says that, just repeat what she says as a question ... like ""do you want me to be mean to you?""  ",ADVICE
1235,I fly United a lot since I live in Denver. It's really worth it for me. I've been upgraded a bunch of times because of the card. ,ANECDOTE
1236,"The first red flag was her making him cut ties with friends, even in a relationship a guy can still have friends with people of the opposite sex.",ANECDOTE
1237,"Had an ex like that, I went through a psychotic meldown as a result 3 months later and her saying you've changed. Choose the medicine and keep healthy, anyone can walk out of your like, but health and mental health are so quintessential that it is never worth compromising it for work, love or anything. Love yourself and you will fond someone better.",ADVICE
1238,"I could talk all night how doing a healthy activity with the one he loves for forty minutes a day, getting out of the house, building endurance, getting fresh air, burning seventy two thousand calories is going to help. Or I could point out that humans tend to eat a certain amount, since he's not gaining weight he's neutral now, so burning calories will put him in a net negative.

But why bother? Yes, if his response to his loving wife spending an hour a day with him helping him lose weight in a low impact healthy way is to eat more, then yes, he'll fail.

Or he might be inspired to capitalize on success, and wind up losing one to two pounds of weight per month, a very healthy and sustainable amount.",APPRAISAL
1239,On the bright side filing for bankruptcy is only about $1000 and is a lot better than spending the next 20 years paying off a bullshit hospital debt.  It will take about 3-5 years for your credit to start to build back up and 10 for it to fully disappear from your credit report.  Medical bills are the number 1 cause for bankruptcy.  ,WARNING
1240,"Unfortunately, they know everything about you already even though you haven't signed anything or given them permission to have your personal and financial information. ",APPRAISAL
1241,"Very good idea. I should look into contacting my local Sheriffs office come down to take a look before they potentially get called down here by the neighbor. The berm was built by the previous property owner to be used for this purpose, and is much larger than most I have seen be used.",APPRAISAL
1242,"OP, what state are you in? Do you have friends that can help you? I'd seriously suggest avoiding your family at all costs. ",ADVICE
1243,"If you have a  noncompete in place you should probably speak with an attorney and have the noncompete reviewed. I understand you are wanting to go into a different area, but whether it’s different enough to be outside of the scope of the noncompete, and any potential duties you owe to your employer, is going to be a determination that requires more specifics. ",ADVICE
1244,"User error.

You can't just enter your third income as if it's like a W-2 job. So your taxable income isn't 30745. The self-employment income is going to have a deduction of half the SE taxes before you get to see your AGI. And you'll have to add the SE taxes in. You also might qualify for the 20% QBI deduction on the 1020 and apply that before you calculate income tax.

",ADVICE
1245,"The jail staff should be able to tell you whether he is going to be able to bail out tonight or will have to see the judge in the morning (or Wednesday). Getting released tonight is almost certainly going to cost a chunk of money; depending on his situation and record, he may be able to convince the judge to let him out on his own recognizance or for less money. ",APPRAISAL
1246,Have you presented copies of your leases and the  24 month extension signed by your previous landlord to the new landlord? ,APPRAISAL
1247,"Some hit the nail on the head, she's seeing someone. I'd follow her and find out more about it. This way you can confront her while she's fucking up. Cause your dad's gonna get hurt the most. And if he is the nice guy, do it all for their woman type then he will forgive her and continue to care for her while she gets more and more unhappy and treats him like shit.",ADVICE
1248,"It's one week.

He clearly had issues you weren't aware of because someone doesn't do this for such a reason alone. ",ANECDOTE
1249,The ideal emergency fund is 3-6 months of expenses. ,ANECDOTE
1250,"Man up and talk to her, text her. If you like her then just do it...don't chicken out. 
If you like her, say that to her....girls like someone who is direct and confident.
Best of luck!",ADVICE
1251,"Really super proud of you! It’s easier than some people think to get caught up in the emotions/time invested/lies/hope when it comes to exes but cheaters specifically. It takes a lot to say fuck that, try to help other people realize what’s going on, and move on without them. You’ll feel better and better about it every day and good luck with your self care routine! ",EMOTIONAL_SUPPORT
1252,What does supporting myself mean? As in sources of income or a plan on how I’m living/where I’m living? ,APPRAISAL
1253,If you'd love to say that. Then say it and don't sleep with her.,ADVICE
1254,"Ah, well... even more of a reason to let her handle it. :/",APPRAISAL
1255,"Is it really wasting?  You can give up a few days now, or give up an entire other semester.  Try.",ADVICE
1256,"Well, your boyfriend was married to their daughter, but it seems like the MIL has glombed onto him like a son-in-law.  It's up to him to disattach himself from these people.

Where's his ex wife in all this?  Does she show up in his life at all?  Do they not like her choice in boyfriends and are still hoping to get your boyfriend and his ex back together?",APPRAISAL
1257,"Your friend's a weirdo. So what? He's also young, so he hasn't learned to keep that shit at home.. Everybody makes mistakes, and most aren't lucky enough to let them go. Tell your friend you lied about the cameras, and forgive him for being so strange. After all, strange is infinitely better than boring.",ADVICE
1258,"Do what feels right man! You don’t know what’s going to happen in the future so don’t dwell on it, live in the moment. Seems like things are different now than they were in high school and your relationship could be amazing! ",ADVICE
1259,"I do the same exact thing, its so nice to know i am not alone! For so long I have felt there was something wrong with me (besides the obvious) because no one else I’ve spoken to has ever felt this way or understood what I felt! I have recently started reading Cognitive Behavior Therapy Workbook for Dummies and it’s helped me so far! Hope this helps and best of luck! ",APPRAISAL
1260,"You already know what to do my Bro.

I have been in my current relationship since August. If I were to talk to another woman about my sex life, it would destroy my GF, and it would destroy me if she talked with another guy.

I feel that your ""girlfriend"" has already checked out and that she is willing to cheat. move on before you get too hurt. Maybe you can pull an awesome line like, ""Hey, I saw on your phone that you would date new guy if you had the chance. Well, here's your chance. We're done.""",ADVICE
1261,"24M, single, no kids. Just started my first real job out of school, making just shy of $40k in a HCOL area, but that should bump up to somewhere in the ballpark of $50k in a few months. The job also has ample opportunity for overtime, so I'll likely make another 10-15% more than I'm expecting just looking purely at the wage.

I'm fortunate enough to be able to move back in with my dad for the time being, so my expenses are only like $500 a month plus the occasional splurge thing for him as a way to show my appreciation for living rent free.

Currently have around $1000 in the bank and only debt is a little over $7500 in student loans that I don't strictly have to start paying until 2020 anyway. I'm driving a 2006 VW Jetta with around 110k miles on it, so there's a possibility that I may need to look into getting something a little more reliable towards the latter part of the year, but I can cross that bridge when I come to it.

Numeric goals for 2019. Perhaps a bit lofty given my current income, but not impossible:

* $10000 saved in the bank
* full $6000 contributed to IRA
* pay off student loans",ANECDOTE
1262,"Clearly he wasn't extending the same courtesy to you.  You don't have to be mean about it, but make it clear that you don't share his views and you don't want any of those emails.  If he gets offended by that then you shouldn't have a relationship with such a self centered, close minded asshole.",ADVICE
1263,"I've never seen it. And in fact, what I do see is when sex fails, so does the relationship.

I got GF's for NOT having sex with LOL...who wants a romantic partner with no romance??",ANECDOTE
1264,"Im sorry this is so funny

I dont have a dick so i cant help you 

Sorry for your pain 

Hope you get better 
",EMOTIONAL_SUPPORT
1265,"So long as you don't suggest violence. Say that they should just speak about it, even once so that you can tell the dean/principal that you suggested non-violence.",ADVICE
1266,"You should join Chase. I had $1,800 stolen from me at a local grocery store and they reimbursed me within a few days and never contracted me back about it. ",ADVICE
1267,"Sounds like an emotional affair. Which, IMO constitutes cheating. ",APPRAISAL
1268,That sucks.  All I can say is try to look at it as a challenge.  Like one of those experiments where they put a millionaire on the street with no money and see if he can make money from nothing.  Just see how successful you can become after starting from the bottom.,ADVICE
1269,She's a legal adult so you're in a bad spot. You cannot force her to do anything. She needs help though.,APPRAISAL
1270,"Math's the big one in high school. Take AP Calculus and AP Physics (Mechanics and E&M). Make sure you really really understand all your math assignments. Obvious top picks for schools are MIT and Caltech; you can get whole lists of schools ranked by program quality, Google it. The school name is less important than what you do there, though (take relevant classes, get good grades, do a good capstone project). Plan to apply for internships every summer in college; STEM interns actually get paid and it looks really good on your resume to graduate with experience. 

(Source: am electrical engineer)",ADVICE
1271,"It's the right thing to do. Also know that the worst she could do if she found out was to sue you for the value of the cat, which is nothing. Since you live together, cops wouldn't bother. They would tell her it is a civil dispute. ",APPRAISAL
1272,"I was waiting to tell you what your 3rd to last sentence said. 

You don't have to go to college to have a good job. You need a skill or a trade. If you have an interest in anything there is generally a job for it. If you like cars think about a profession that revolves around cars. Mechanic's need training and be paid quite well if they have certifications and experience. Car sales can be lucrative for people who have only a HS degree. Just an example. 

So that's my suggestion. Figure out where you will fit into society so you can make money, have a happy life and have stability. Find the path to get there. Trade school, apprenticeship, self-taught, etc. 

You're starting down the path to make change for the better. Don't let anyone tell you no or you can't, just do it. If there is some career you are interested in there is usually a way to get involved. Maybe you won't be an architect but construction workers on large commercial projects do pretty well for themselves. 

Good luck! ",ADVICE
1273,"If you don't have an emergency fund, put some in a high yield savings account at an on-line bank like Marcus or Ally.

Consider putting $5,500 in an IRA for 2018 and another $6,000 in an IRA for 2019.

Consider maxing your TSP next year at $19k/yr, and using some of the $30k for living expenses if you need to.

Good luck.",ADVICE
1274,"Stay strong, I know breaking up with friends can be tough.

Are all your post about your brother, then, or different people? If so, the answer is yes, it's normal for siblings to get on each other's nerves all the time, though usually they just forgive and move on unless it's a major issue that they can't move past. Did your brother do something in particular that was friendship-ruining?


",EMOTIONAL_SUPPORT
1275,I've done the four-hour roundtrip and that shit *sucks*. You will hate everything and everyone and the money won't be worth it.,ANECDOTE
1276,"Make sure you get a handle on this.  It's not unusual for banks/businesses to do credit checks as part of their hiring process for people working in finance positions.

See if you can find higher paying tutoring jobs if you're a good student.",ADVICE
1277,So if they said too high they wouldn’t even interview?,APPRAISAL
1278,"Hello, this has just happened to me so I'm wondering if anything else has come of this situation? I won't be able to call until after work today because of their hours... I'm pretty freaked out by this.",ANECDOTE
1279,"I think if you've discussed this more than once and it sounds like she was very clear, then for now, it's reasonable to trust what she has said. If she makes a physical move that confuses you, it's appropriate to mention it at the time it occurs: ""Hey- this closeness feels a little different than just friends to me right now. I'm not saying no, I just want to be clear and upfront with you so you can adjust your boundaries according to what seems best to you."" Something like that--

Also, you have your own boundaries so if you're discomfitted by anything, it's ok to gently tell her: ""Roomie, this particular interaction feels a little on the intimate side to me. Let's adjust a little."" --you know, in your own words but gently.

Past that, you may find yourself wanting an intimate relationship with her and if that's the case, at some point you may feel it necessary to make that known. The result may be that you have to break off contact but it is possible that she'd be willing to continue your present relationship with the understanding that you will both slowly move toward intimacy.

I just wouldn't spend too much time trying to match up her words with her actions or doing detective work to figure out what she's feeling. So far, it is a more intimate relationship than tends to be typical between members of opposite sex, but if it feels nice and it's not causing you undue stress, then that's ok. If it begins to cause you some stress or you're really getting the mixed signals, it's better to alert her to the fact, and discuss an adjustment of boundaries for you both. ",ADVICE
1280,"I also feel this creeping sense that if anything ever were to become serious, I'd be taking advantage of him? Despite the typical teenage guy showboating, he is still very innocent and I can't shake this sense of ""deflowering"" him lol ",ANECDOTE
1281,"Absolutely not, he does this to multiple people and she’s one of his best waitresses, I think he’s just a shitty boss honestly. She just got her masters degree so luckily we’re trying to get her out of there but it sounds like the consensus is it’s legal but immoral.",APPRAISAL
1282,"This is emotional infidelity. 
You need to tell her what happened. And be honest about how you feel. And give her a chance to explain. Leave no detail out. Tell her you saw the part that said she finds him attractive. Ask her about the pics. Everything. Otherwise these details will haunt you! 

I’ve bed through this so many times in my marriage. 

It’s just too easy for people to get caught up in their own head with someone online and compartmentalize an entire relationship. They aren’t seeing the person IRL, so it feels harmless. And with younger people, they have been chatting online to strangers for so long, it’s just part of their daily life. It sounds like this went too far, as it often does. It speaks volumes that she wasn’t afraid to let you use you her phone, like she wasn’t paranoid to get caught. 

You’ve got to tell her what you saw and how it’s affecting you. Then, be prepared for trust to be broken in the relationship and it will take you a while to heal. But you can heal. It just takes time. ",ADVICE
1283,"What I found really helpful was meditation and self care. I know it sounds easy to dismiss, but if it's stupid and it works, it ain't stupid. ",ANECDOTE
1284,"It's even harder to win when it's your own fault, I would say...",ANECDOTE
1285,"Some bills can't be paid by credit card, others may charge extra fees that are worth more than any rewards you'd earn.",ANECDOTE
1286,im willing to put in the work,ANECDOTE
1287,Have you tried cleaning it to speed it up? Not that much effort tbh and I can run you through things,ADVICE
1288,"Honestly, if my SO made an ultimatum like that I'd call their fucking bluff and tell them to leave if they want to. 

Don't drop your meds for this girl or her batshit crazy mother. ",ADVICE
1289,Yes me too. It was a very close call. It may be nothing but chest pain should never be ignored. Also mention getting an endoscopy because it could be acid reflux casting spasms in your esophagus ,ADVICE
1290,"No reason she can’t try to do it on her own, but there’s no reason she can’t look into therapy either.  I did it on my own before therapy for OCD was a thing.  They used to simply hand you medication. ",APPRAISAL
1291,"Yeah man, it happens. Before I was with my current bf, I was head over heals in love with a manipulative man who completely ruined me emotionally. I was in no way ready for a relationship, and told everyone so. One particularly bad night, my current bf saw me feeling bad and asked if I wanted to talk about it, and we ended up spending the whole night talking, and I realized I really liked him a lot. I asked him out, but quickly backtracked because I didn't feel it was fair to be in a relationship with one person while in love with another. We kept hanging out as friends, at first platonic and then as FWB, until one day he introduced me as his girlfriend, then looked at me with this adorably panicked expression as if to ask if I would be. It's been 7 years together now, and I love him dearly still. ",ANECDOTE
1292,"Man. I feel you on another level. You know exactly how I’m feeling then. It’s not worth it bruh. I’m starting to thinking if she had the mindset to break up with me, I need to just stop coming after her. I’m losing my dignity doing that. It’s hard when she’s comes to me , wants to see me, calls me, act like everything’s cool just to get shit on again. Part of me thinks she’s not doing it on purpose and she’s just confused but smh. We don’t deserve that. 

I hope better days are ahead. It definitely does get better each day though. ",ANECDOTE
1293,"> If you have knowledge on the subject, post payment is their a confirmation or do I need to wait for them to finalize the cp2000 to show the debt settled?

Once the case is closed, the IRS Very Old Computer will issue an adjustment notice showing the tax change, your payment, and a zero balance due. ",APPRAISAL
1294,"you might not agree, and that's totally fair, but i just wouldn't. whenever i lose or gain weight, i really don't like for anyone to make any comments, not even my family. I rarely think it's appropriate or helpful to talk about people's weight, in a positive or negative way. Just my two cents, from my own experience only",APPRAISAL
1295,Making you Jealous? Isn't it obvious? Block him and move on,ADVICE
1296,"You WANT a nicer car. You don't need it. They'll both get you from point A to point B, dont waste 30k",ADVICE
1297,"Sometimes this does work.  Most times of you correct the mistake or get back up to date or even when it's paid in full, those places will be more inclined to clear two negative marks",ANECDOTE
1298,"That’s harsh man.  I’d buy you a beer if I could.  

Focus on making yourself feel good about yourself.  It doesn’t sound like trying to show her how much you love her is going to help here. 

Do you work out? Have hobbies? Friends? Try to focus on that stuff.  She’s gotta make up her own mind.  

Best of luck ",ADVICE
1299,"You personally probably won't ever know why it happened. Stating it was simply the booze also takes away him being answerable to his actions and should never be an excuse for behaviour fullstop let alone when a woman is left feeling violated, husband or not.
 People have an amazing ability to mask who they truly are until they're ready to show it, whether purposefully or not. By mentioning her not seeing signs of this previously also seems to out some of the blame as such back on the victim here. Which is what she is. 

OP I hope you are ok. Stay strong. ",EMOTIONAL_SUPPORT
1300,"They can't turn you down, and the program's still running.  Trump and the GOP can't shut it down until they have something to replace it with, and they're going to have a very hard time replacing it with an ""improved"" version that doesn't take away insurance from a lot of people.  They don't want to take the heat for that.  Everybody says they have a plan, but there is no plan.

Obamacare offers health care to everyone; you can't be turned down.  If you're really low income, you may get it inexpensively.  But it isn't always the cheapest option.  

Go to an insurance agent who offers plans through the ACA and get some quotes.  

If you need insurance mainly for catastrophic care and are okay paying a few grand yourself, you could get cheaper plans with a huge deductible, like $10-15K.  It's not going to help you unless something really bad happens to you, though, because you'd pay thousands yourself before the insurance kicks in.  Depends on what you need it for.",ADVICE
1301,"Sounds like he is moving on from the event. Sounds like he had a year, a year and a half to deal with the demons you gave birth to after the affair, and by now he managed to slay most of them.

Rest assured, he has not forgiven you. You don't just forgive infidelity.

But he had enough time to deal with the situation in his own way and is now moving forward, and like it or not, he is dragging you with him.

By which I mean he is most likely not going to dump your ass. He got in a fight because some other guy touched your ass. If he didn't care, he would have had another beer when he got home.

He is asking how to help your sister. A man that is getting ready to move on is not doing things that would tie him to you even after a divorce.

He gave you back access to his finances. If I were to prepare to divorce you, the last thing you would be aware of is my financial status.

If I were you, I'd count my lucky stars and thank them all.

If you need to have the talk with him, just tell him what bothers you. Worst thing that can happen is he confirms your fears. But from the reading of your post I am pretty sure he has no intentions to liberate himself from you.

Good luck to you.",ADVICE
1302,"Best thing to do is lower your tax impact as much as possible by stowing funds into IRA and solo-401k options. Not sure how truck driver business structures work, but if you’re self employed then look at incorporating or some other structure to get the most bang for your buck. Incorporating is really intriguing because then you can start buying rental property or get into other investments and really grow your portfolio. If you want to keep it all personal, you can still get into that stuff too. Either way, start looking at passive income and portfolio income streams: owning businesses, buying and renting residential or business property, dividend income from stock, etc. There are lots of options out there, so play to your strengths.

The only thing I would caution against is trying to save a big pile of money to “live off your savings” for the rest of your life. Money gets spent quick if it isn’t working for you. And it’s easier to retire so early when you’re generating the income you need rather than draining your cash during, what should be, the most profitable decades of your life (30-50). ",ADVICE
1303,"Do you need a car in the new location? If not, might as well sell it.

If yes, what is the balance of the loan on this car? What is it worth private sale? What is your annual household income? A combination of that is the math I like to determine if it makes sense to keep or sell the car.",ADVICE
1304,"I would, but he's always in his room. 
Maybe putting it all in front of his door?
And I was thinking about bringing it up to management. What could they do though?",ANECDOTE
1305,"By stock account are you buying individual stocks or mutual funds? Multiple studies show that over time mutual funds will perform better than individual stocks, just FYI

Probably a good strategy to do it the way you are until you are comfortable with it. I’d put that other $250/mo into a high yield savings (like ally at 2%) so it’s at least growing at the same rate as inflation. 

Some good reading on investing can be Found at Mr Money Mustaches’ blog and JL Collins’ blog.  ",ADVICE
1306,"He just spoke to the fact that he has dealt with girls like this. You're saying he used the word ""girls"" and thus ""brought up gender"" in a conversation about his experiences in relationships?",APPRAISAL
1307,I don't understand why is getting a job not an option? Are you depressed? It sounds like you have no drive and ambitions... I'm wondering why. I wish you could elaborate more on your post. ,APPRAISAL
1308,Ideally keeping your mortgage in this range leaves the room to contribute 15%to Savings.,ANECDOTE
1309,"The picture was an old picture, that he sent her recently. The text to his friend was in real time. I’m so naive. Thank you for your advise, kind stranger ",APPRAISAL
1310,"Great to see you have an entrepreneurial mindset, but you are trying to solve a minor problem from the wrong direction, man. 

First of all, let me poke an obvious hole in your math. If I can buy brand new furniture for $760, and if it costs $1,200 to hire movers to move it, then if I had to move, I would call Goodwill to pick up my furniture for free and then buy new furniture for another $760. Under no circumstances is it rational for someone to pay more to move something from place to place than it would cost to buy a new version of that thing. 

You are marketing a service to a demographic that doesn't exist. People who are moving nearly every year are almost certainly younger and with less disposable income. These people *do not hire movers*. Paying for convenience isn't a concept because they can't afford it. People who are willing and able to pay for movers likely don't move all that often and have more valuable belongings, meaning that they would prefer *their own belongings*, not rentals.

I also want to address your assertion that it is a generational thing that young people move around so much ... it's not. People 22-30 move around, sure, but as people get older, they naturally settle into careers and living situations that are, in general, more stable. To be clear, though, there is not an entire generation of people who routinely move every 1-2 years as a matter of course. When my friends and I got out of college, most of us moved at least once a year... eight years later, my only friends and family who have moved in the past year have a) moved cities due to job relocation, b) purchased homes or c) gotten married/divorced. It just isn't reasonable to expect that people will use your service, were it to exist, for more than a few years before they are in a stable situation.

When I moved into my apartments in college, I moved myself with my own car since I just bought my furniture from the person who was in the apartment before me, and I sold it to the person who came after me when I left. After college, I moved by borrowing a friend's pickup truck once and using a U-haul twice. Three moves cost a combined $500, and it was only that much because one of the times I dropped off at a different location than I rented the U-haul.

If you want to look to rent furniture, don't look to individuals; look to landlords. You can contract with a landlord, who can offer to furnish an apartment for an added cost. Of course, this service has been around for years, so your entry into the market would be to build a better mouse trap, not create a whole new thing.",ADVICE
1311,Three months is not that much and if she really loves you she will be ok with it. ,APPRAISAL
1312,"I definitely think your anxiety is creating a really negative space in your head. The best thing you can do for yourself and for your relationship is seek help. There is no shame in going to talk to someone about your anxiety, but realize that while your boyfriend might be trying to figure out how to help, he’s not a trained professional, so you can’t be upset that he doesn’t really understand. ",ADVICE
1313,"Could be a lot of things. He could be trying not to seem too interested or desperate and taking some time to reply. Could just be nervous and doesn't know what to say. Could just not be that interested and doing the bare minimum to keep you interested, I've seen that one before. Hard to tell. Just play it cool and see where it goes.",ADVICE
1314,Where in the world does it say you have to confess every damn thing that ever happens? Why are you going to hurt his feelings over a drunken kiss? I'd be more concerned about your drinking too much than your kissing too much.,APPRAISAL
1315,"Just forget about it and most importantly just keep it to yourself. There are always personal secrets you (including myself) don't want to tell to anybody, even to your close ones. You didn't desire that experience anyway, it was opposite side who moved. Cheer up.",ADVICE
1316,Your issue was that you googled your issues. Never google your issues. ,ADVICE
1317,"If OP has to hire a P.I. to find his mom, why would she pay for OP's school? Zero obligation, and obviously wants nothing to do with OP. ",APPRAISAL
1318,Talk to a therapist. Seriously.,ADVICE
1319,"Forming an LLC has nothing to do with the cost of insurance, you would still need the appropriate insurance for a rental property either way.",APPRAISAL
1320,"I have listened to my lawyer. She says that they know they don't have anything on me for DUI. The refusal is the only concern. What I want to know is, what constitutes a refusal? I do not consider my actions a refusal. I wish I had the video to show and eventually I will.",ANECDOTE
1321,I was afraid asking them not to contact my current employer would suspicious but I guess it’s not really a big deal?,ANECDOTE
1322,"Take out a personal loan. Make the payments to them. You’d have to pay interest, but it would be over and done with less headache. ",ADVICE
1323,I’m conflicted.,ANECDOTE
1324,"Do you happen to know if there are interest rates on payment plans? (I’m ignorant to this stuff, I do apologize) ",ANECDOTE
1325,"I personally couldn't be with someone like that and if I were you, I would document his behavior to establish a pattern of abusive potential to prevent him from taking custody of your child, although it doesn't sound like he is interested. This doesn't sound like a safe or healthy situation for baby. Alcoholics often snap. You should seek help from your family and never let anyone shame you for your choices to be with him or have a baby, you can only move forward with your life. I bet your baby is beautiful, I wish you the best of luck. ",ADVICE
1326,"that you liked her so much that you thought if you said 23...she'd not give you the time of day & you didn't realize you'd feel so strongly for her so quickly

and say, ""please forgive me & I'll never lie to you again""",APPRAISAL
1327,"People are so cold hearted. I obey no law that stands to prevent me from helping any life, human or animal, back to health. Tell a vet a friend gave you the bird and you noticed it has a limp. Quite sure it's not illegal to have a pet pigeon.",ADVICE
1328,"It may help to post where you are and possibly the terms of the NDA in more detail.
IANAL, but if it states the timeframe being before the general release of the movie - this is something I would pay attention to. The NDA doesn't make sense if the movie is available to all customers.",ADVICE
1329,First it was withheld at 30%. Likely you owe far less than that in taxes,APPRAISAL
1330,"1. You can benefit from the knowledgeable advice by asking questions related to your situation.

2. 95% of the knowledgeable advice you see in the sub can be found by sorting by new and reading posts that are an hour old for a few days. 

3. You'll also see that there's a whole swathe of people who are not knowledgeable.  But that's fine, that's why people come here and ask questions.

Beyond that, realize that the advice will change as time goes on (eg, in response to new laws), and that being ""good enough"" but consistent will get you into a better place than being really good but inconsistent, especially for retirement savings.
",APPRAISAL
1331,"Ok, You've got a sociopath on your hands. Best to cut it off and move on. She will never change. You did nothing wrong. It was her intention to make you feel guilty about distancing yourself from her.
This is just how a sociopath operates. They feel that anything they do to get what they want is justified. No matter how wrong the action is.
Just let it go and move on. Don't look back. It's ok and even beneficial to hold a grudge when dealing with an obsessed sociopath. My X wife was this same way. They aware to change over and over. But never do because they are what they are. Move on before she drawls you back into
her web of manipulation. That feeling in your heart? That heavy feeling? Will subside if you give it some time too. Best to keep yourself busy with friends and social activities until you feel better.
When you meet a new girl you like even better it will be that much easier.",ADVICE
1332,"If you can call the MN bar, you can ask to speak to an employment lawyer for a nominal fee (usually under $50) for 30 minutes. Just for advice ",ADVICE
1333,"If not for the certificate at the end, do it for the socialising.
School friends and parties were some of the best times in my life, but in reality if you don’t need it then you are basically wasting time.",ADVICE
1334,You shouldn't have kept your mouth shut. But you have to realize that the boss's goals aren't the same as yours and that they get to make the decisions and don't have to explain to you why they make them. ,APPRAISAL
1335,"She’s thinking of her ex, while you and her are having sex. I don’t think she’s over him.",APPRAISAL
1336,They can’t unilaterally void the lease. What exactly happened at 4:27 that makes you think they did?,APPRAISAL
1337,This is not just because your skills have increased but because your batn (best alternative to negotiation) is better when you have a job then when you do not.,APPRAISAL
1338,"I think you should take advantage of your cynicism and recognise there are a lot of people out there who will be just like you, even if you haven't found them yet. Maybe doing charity volunteering for example (something sad/people with negative experiences) might help you engage with them more, take more interest and not have to feel like you're doing something wrong. I'm not sure what your interests are but perhaps a career change or new activities like emotional photography/art exhibitions/movie clubs could help.",ADVICE
1339,"Other guy just suggested it, gonna have to try it, thanks!",APPRAISAL
1340,Do you have access to an academic councelor or advisor?,APPRAISAL
1341,"Hey man; from one dude to another, want to let you know that it sounds like your thinking skills are intact, and it's time to act on what you know and not what you feel. Try and rip the band-aid off fast. Remind yourself that you are saving future you a lot of pain and heartache, and it will absolutely suck for awhile. It is what it is. Commit to learn, grow, and not grow bitter. You will make it through, and youve got a whole lot of faceless internet strangers rooting you on.",ADVICE
1342,"Have you tried talking to your mother so she can discuss this with your father? It's not healthy to be subject to critic all day long for doing what's normal in a girl your age.

This can cause you self steem problems later on, and it's important that you get to act according your age.

If your mother won't listen, try a school counselor, a teacher, or an aunt (preferably one on your father's side of the family)",ADVICE
1343,"I'd rather not. It isn't morally right, and I run the risk of being called out for it and them not making the connection.

Thank you though.",APPRAISAL
1344,"Yea I figured as much, its gonna take willpower though lol, thanks for the response",APPRAISAL
1345,"I generally recommend going to a 4 year university and making the most of it. It's got a ton of benefits over a community college. Some of that depends on the desirability of the school, etc. There's a ton of networking benefits from a university education and lots of them are magnified by going for all 4 years.

The time when I think a CC is worth it tends to be for a more marginal student who needs to pick up some better grades or skills before moving on.

Environmental studies might not be the highest end career path, but there's work in the space. If the school has a good program, the career center at the school should be able to put your sister in contact with recruiters for companies seeking those skills. Students who don't work with the career center to find jobs and internship opportunities are missing out.

(For reference, I graduated with $60k in loans in 2001, majored in philosophy, consider it the best investment I've made.)",ADVICE
1346,"Have the conversation ASAP. And don't push her to be okay with it either. Be open, answer any questions, and then give her time to think about it in private. ",ADVICE
1347,"First step is to give her the space she asked for. I would go a step further and instead of asking her when it's OK to contact her again, tell her that you are going to wait for her to feel ready to contact you first. And then you're going to stick to that and respect her boundaries by not contacting her and waiting for her to contact you.

While she's getting her space, you can self reflect on your actions. Drinking to the point where you sexually assault your girlfriend is unacceptable. It should have never happened and it should never happen again. Do you often drink excessively? Have you ever done things that you later regret when under the influence of alcohol? Has anyone ever made comments about you drinking excessively in the past? 

Do you understand that you are not entitled to sex? Not just intellectually, like do you **really understand** deep down that sexual contact with a partner is a privilege and not a right? Have you ever pressed or nagged or talked her into having sex when she wasn't interested? Do you get frustrated with her because she's not interested when you are? Has that happened with any previous partners? Are you always the one who initiates sexual contact?

These and other questions are things that you need to ask yourself. I'm sure there's more that I'm missing, as well as the other things that would form the basis of the conversation that you need to have with your girlfriend once she's ready to talk to you again.

Please note that you might not be having sex for a long time after this, so you better get used to masturbating and doing other things to get your sex drive in hand. ",ADVICE
1348,"Are you sure you can't have it fixed? If not, have her pay a percentage of the replacement cost, and you pay the rest of it.",ADVICE
1349,"You'll still end up having to deal with some of the fallout & it might end up being worse because of just approaching your roommate & trying to work it out like rational adults you're basically snitching on her, which is kind of poopy. ",APPRAISAL
1350,"I think you should tell your girlfriend before you do it, say it really violates your code of ethics and you just can't feel good about yourself if you actively decide to keep it a secret from him. If she refuses to understand that then maybe she's not meant to be your life partner. I think if you really explain why you feel the need to tell him your gf will understand.

I would also take into consideration how drunk his gf was when she cheated. Not that it excuses anything, but she might not even remember most of these events occurring. Personally if I didn't know these people that well I wouldn't get involved, but that's up to you.",ADVICE
1351,"I think that your best bet is to talk to her about going to a salon and asking the professionals there what would best allow your hair to heal.  Try to be open yourself and ask her to be open to shaving it if that is what they recommend.

If you can get her to agree to that, it doesn't mean that you will get the shaved head that you want, but at least the worst case scenario is that you end up with a nice haircut that a professional thinks will help heal your hair, plus a scalp massage.",ADVICE
1352,"I currently make 33K a  year, and have to commute 70 minutes each way. It's not horrible if you know for sure how long you will have to do it. Since I will be moving in 6 months for school, I'm looking at the light at the end of the tunnel. 

Pros: Lots of time to catch up on radio news, listen to podcasts, new albums, learn a language, etc. Energized and ready to work when I arrive, since I've been awake for a while.

Cons: Pissed and drained when I get home, hard to muster energy to work-out and enjoy my evening. Lots of miles on car (gas, maintenance, devaluation). 

Overall I hate it and wouldn't suggest it long term. If you want the income bump, seriously consider moving closer to work location. 

Another plan of action would be to use that job offer to have a discussion with your boss about a possible raise? If there is growth potential, you can discuss that in greater detail in the meeting. ",ANECDOTE
1353,Stop abusing drugs and alcohol and you'll feel better.,ADVICE
1354,"In America this is completely normal for heterosexual men. I’m not sure where you’re from, but it’s widespread and smiled upon here. ",ANECDOTE
1355,Your parents have probably added to this by convincing you that you aren’t worth more than this guy’s wishy washy treatment.,APPRAISAL
1356,"Nope. Don't let him stay. Clearly he still wants to try his charm around you when is with you in a same  house.
Better be careful with this guy. ",ADVICE
1357,"You really need to speak to a lawyer. Since you didn't tell us your state, we don't know whether she was old enough for you to be having sex with. You can look up age of consent laws easily enough.",ADVICE
1358,I'm going to add that you definitely need to seek out an authority figure. Child pornography is not a victimless crime. ,ADVICE
1359,"Do not follow Dave Ramsey's investment advice. He specializes in getting people who have royally screwed up out of debt. He's best for those who need to be told not to spend more than they make. As for more advanced stuff he doesn't really cover much on that. Mostly covers extremely basic commonsensical stuff like make a budget. He doesn't believe you should ever use a credit cards or care about your credit score. That's not something I'd follow either. If you're just starting out then yeah he has some basic material like budgeting, but I'd ignore the not caring about your credit score and his investment MF recommendations as he only endorses them, because he gets a piece of the pie on commission if you go that route. Definitely, look out for that.",ADVICE
1360,I'm not sure I understand. What was the goal here? What do the 161 $5 bills contribute to your personal finance vs having $805 in a bank account?,APPRAISAL
1361,"Try going to the gym its a fun hobby! And you learn so much self knowledge. 

It teaches you confidence, self discipline, respect etc! I'm sure the journey will make you enjoy it more, and that goes with anything in life. 

Literally, the world is at your hands, just gotta go out there and do it and not think too much. ",ADVICE
1362,"I've rented for years and after buying my first house, I saw the value in opening property. If I break something, I don't want to have to call the repair guy to come and fix it only to charge me for it anyway when I could have fixed it myself. My wife and I also want to be able to paint, change the floors, landscape and overall make it ours. Like I said, if we have to rent we will but we're going to cross this same bridge sooner or later.",ANECDOTE
1363,">Pay it off?

Well yeah I'm trying that :/

I would like to know if there's a cheaper way to pay it off. 

>How quickly can you wipe this out with your income?

19 months. Sallie Mae would like me to wipe it out in 108 months, but I'm calculating 19. (Provided they stop increasing it by .1% every month like they have been for the past year...)

>What do you have available in non-retirement savings?

2,200. But uh... I'm not sure if I'm willing to touch that money. It's for emergencies.

I'm really just looking for some refinance or personal loan opinions. ",ANECDOTE
1364,"I don't trust the calculators either. I'd recommend forecasting your goals and potential larger expenses for the next 0-30 years. Example: Your cars won't last forever - what is the cost of your ideal replacement vehicle every 5-10 years?  More expensive houses generally mean more expensive maintenance... Property tax increases are guaranteed (if you have them)... You child will be more expensive as he/she gets older - do you plan on having another (which would increase child care and other costs)?

I am probably not telling you anything you don't already know but this is how I personally budget these scenarios.

Don't look so much at your expenses now but try to estimate the lifestyle you want to live in the future and budget backwards from that. Those online calculators do not take into account all of those specific details of your financial life (and goals) so I find them useful as a guideline at best.

Hope this helps! 

&#x200B;",ADVICE
1365,"I got my passport in 3 days. Check where the passport office is in your state. I went to the one in D.C. because it's close and by showing my ticket for a trip that week, was able to get it quickly. It did cost more. (Every state has an office) ",ADVICE
1366,"I would have already been doing so on a regular basis if that was an option. Unfortunately because of her current living situation, that isn't possible. ",ANECDOTE
1367,">  office of taxpayer advocacy

Office of the **taxpayer advocate**, u/bendingmarlin69. There are a lot. A lot. A **lot** of scammy ""tax fixer"" places that use ""advocacy"" or ""tax advocate"", etc.

The taxpayer advocate is your representative within the IRS and associated with IRS.Gov. Not a private/commercial site.",WARNING
1368,"My dad wanted to name me his ex's name. Thankfully mum put a quick stop to that. He ended up cheating on her and was fairly abusive. They got divorced six months after I was born. 

I realise situations are different but the fact he doesnt care how this would make you feel is really indicative of his character and priorities. Maybe after you leave him he'll want to name his next kid after you.",ANECDOTE
1369,Leave her alone. I’m an introvert and it’s not complicated we just don’t like going out.,ADVICE
1370,">Before you downvote, this is NOT an antivax situation. 

Thank god for that header, I was getting a bit steamy at the title

First off, what were you told when you called the doctors office/insurance ",APPRAISAL
1371,"Dude, what is it w men wanting to name their kids after their exes?? Like what kind of weird-ass creepy comfort does that give them, bc this is not the 1st time I've heard of them doing this shit??   


Him blaming something reasonable on your hormones is manipulative and douchey and you're totally right to be considering divorce b/c everything he's putting you through is insane and I can promise you a normal, loving man wouldn't do this. These are major red flags, but the biggest flag is the fact that it sounds like the ONLY reason ur relationship was stable to begin w/ was b/c his ex moved away. ",APPRAISAL
1372,"You can't let someone else insecurities dictate the relationship.  Tell her this is her problem to deal with, not yours.  And when she is ready to move forward, you'll be waiting.",ADVICE
1373,Just realize that when you break up with her she is going to come running back in less than 3 months when it crashes and burns with this other guy and she realizes what she messed up.. ,APPRAISAL
1374,"timing belt stretched or about to bust? 

subaru motors need timing belt and waterpump replaced at 100k or 10years.

they are interference style motor so if it goes it takes valves with it.",ANECDOTE
1375,"It’s good that you started to move on.  It’s likely that the reason she was becoming distant in the first place is because she detected these feelings you were having and felt uncomfortable.  That’s also probably why the sister answered the door.

The easiest way to get over these feelings is to outright avoid her.  That shouldn’t be too hard as it seems she has already started avoiding you.",ADVICE
1376,If I move it then aren’t I accepting the loss of 7k from my 403b or are you saying I would make it up by purchasing TSP at a Lower cost.,ANECDOTE
1377,"> Is he being paid overtime?

> He started working as a supervisor 

Probably classified as exempt. Likely correctly too.",ANECDOTE
1378,Take the one you think you would enjoy more. It is okay if you get a B here or there. This is a time in life to be brave!,ADVICE
1379,Why don't you ask him?,ADVICE
1380,Enjoying a certain level of affection and NEEDING it are two very different things.,APPRAISAL
1381,"She seems very self absorbed..  It's common for young adults to crave attention and approval; But this takes it to a new level. Trying to compete with the feelings of gratification that she is getting from the thousands of horny guys  isn't something worth fighting for. Simply explain and leave, she will reach out if you are important to her. ",ADVICE
1382,That's a really good idea. For some reason that section of your comment didnt load earlier but I'm probably going to go with that plan. ,APPRAISAL
1383,"You may have enough credit history to apply for a card or cards with 0% intro rates for 12 or 18 months. If additional student loans or co-signers aren't an option, this could be an option. Not a great one but an option.",APPRAISAL
1384," He went to a 4 year university and got two degrees while he was there (so basically, he did well in school and learned a lot). I don't know how he got the internship exactly- that is, I don't know if he had signed up for something at school or not, but Microsoft reached out to him in the end and he took the internship job for a year then applied for a full time position and got the job. It wasn't exactly what he wanted to do at first, but MS is a huge company and he knew he'd be able to move around in the company after a while and hopefully get into gaming and eventually he did. That is, he first worked on Kinect, and then on Holo-lens. He worked WITH some game devs who worked on Halo and stuff but he's never worked on a game like that. Now he's working with a studio (Against Gravity). They've got some games out for Vive. He's done some other VR work as well, also for Vive. 

I'm sure some people go right from college to a large gaming company but I haven't heard great things from people who have gone that route. I'd get very familiar with subreddits for people interested in software engineering, look for people close to your age who are a few steps in front of you to gather up some info about what you can expect from school and so on. But first thing is school and a lot can change once you're there too. Best thing you can do for yourself if you're not in college yet, is to get ok with studying and focusing on schoolwork and actually learning rather than just sort of skating by. The biggest issue I see with people IN college is that they're treating it like highschool. They're half-assing the work and trying to get a passing grade rather than actually trying to learn the subject matter. If you can teach yourself to learn, you'll be ahead of the game. Lots of people are developers but there are only so many good ones and even fewer great ones. You HAVE to do the work, and you HAVE to be interested in it to be great at it. 

As far as specific step-by-step ""how to become a developer"" you'll have to talk with a lot of developers and find out what they did, what decisions they made that were good and bad, and how they dealt with failures along the way. Don't just focus on the superstars, or reading about that one guy who spun up a game company and became rich over night- Talk with any software developer you can and get their input on the industry as a whole and gaming specifically. I'd have my husband talk to you with my reddit account but he's at work and I'm at home. Good luck!!


",ADVICE
1385,"You're already taking college credit which should help decrease the number of credits you have to pay tons of money for in college.  So I'd say, since you're probably going to have student loans eventually anyway, just play baseball and try to work at least 10-15 hours.",ADVICE
1386,It doesn't hurt to ask and it's a very fair way to deal with a situation where someone moves out mid month.,APPRAISAL
1387,"Can you save up for the phone instead?

For me, the trap of credit cards came about in thinking that my credit limit represents *purchasing power.*

It does NOT.  Debt does not equal purchasing power, if anything it represents the current limit of how deeply you can become enslaved to the lender.",ANECDOTE
1388,"Pay the minimum required amounts on all debts (of course), and then put all extra money that you have towards the loan/debt with the highest interest rate. 

 This will help you pay the least amount of interest, and thus help you pay off the loans fastest with the least amount of total money.

http://unbury.us can help you with making the calculations. ",ADVICE
1389,This is a scam. Block them and move on.,ADVICE
1390,"Close your eyes, op. To your left you see some paper, some pencils, a flip book, animation stuffs.  To your right you see a camera, some lens, video editing software, and a director's chair, filmmaker stuffs.

Now, which one do you want to work on in this moment?


I've recently faced a similar dilemma - full time music producer or full time dj.  I found myself closing my eyes and doing the same thing.  I knew that at different times my mood could sway which activity I chose.  So I did this several times.  

Almost every time I chose music production and I'm very happy with my decision.  Only you can choose! You love both, but you must find yourself feeling truly passionate about one more than the other!:) good luck, I hope this helps ",ADVICE
1391,Before this happened. Did you want contact with him?,APPRAISAL
1392,"There is no set definition for pain and suffering. All of those things you've mentioned are generally a part of it: length of time in pain, any continued pain, mental distress, inability to do any parts of your daily routine, and other similar things. So you're on the right track there. 

PI lawyers will usually take cases like yours on contingency FYI if you're being dissuaded due to thinking you don't have the money to pay for one. 

",APPRAISAL
1393,"Well it can't read or comprehend language yet so anything for now is pointless. Having a colourful card is all you can do for it.

This would be something for the future so write about what you hope it grows up to be etc and keep it for a special occasion like a 10th birthday or something.",ADVICE
1394, I think the takeaway point here is to not marry someone you’ve only been dating a year,APPRAISAL
1395,"The best way to deal with your parents is to be straight-forward with them. Instead of making excuses, try coming up with some ideas on how to move forward. Obviously going to college now wasn't a good idea, so outline a plan for getting a job. Yes, they are going to be disappointed, but if you show an increased maturity, I bet you are able to minimize the damage. 

It would have been nice to have some time off, but it doesn't seem like your parents were willing to fund it. Know that this setback is just short-term. You don't know what you're supposed to do yet, but you will. And you will be able to get out from under your parents house and not have to worry about them taking away your stuff. Just work like crazy so you can get to that point.",ADVICE
1396,"Maybe like 6 months... The sad part is that even though I've been trying to change my behaviour and improve, I kind of just....fail. I don't stand up for her and back her up in the right momenta that are important to her and she ends up feeling all alone when all I want is for her to feel like we're in this together, like a real partnership. ",ANECDOTE
1397,"As someone who has brief encounters with dementia patients for my job I tend to treat them professionally and do not go along with them as a rule. I always introduce myself ""Hi Mrs Patient, I'm (profession and name) and I'm here to (service I am there to perform)"" This sets up the encounter, the confused person knows who they are supposed to be and who I am in relation to them by my verbal cues and orients them to the task we are about to perform. Of course if they are too far gone to understand I still explain as if they might, then say whatever it takes to get the job done.",ANECDOTE
1398,"i could never do that though. i love him way to much to even think of leaving him. i want to ask him about it again, but then i don’t since i know he’s gonna get defensive and an argument will start",ANECDOTE
1399,"You're not supposed to do it objectively. It can have things like 'I love bikes' with a score of 10. 

I like to do this all the time with difficult choices and it works great for me. It's about making a final decision, not about what the reasons are.",ANECDOTE
1400,"It’s a pretty established boundary that she should not have someone of the opposite sex in her bed cuddling with her.  She may not think it’s a big deal, but you do (rightfully).  If she can’t understand why this bothers you, you have different ideas of what a committed relationship is.  Getting married will not change this.",APPRAISAL
1401,"Unless the title to the truck was registered to the NEW owner, it still belongs to the trucking company. if was an ""under the table"" sale, there will also be no record of the sale.

sounds like Lawyer time for the trucking company and you....NAL, BTW",ANECDOTE
1402,"It might not be viable financially, but you could always hire a private detective.  This stuff is pretty much what they do 90% of the time.  Follow them around in NY, see what they get up to, bring photo's back for you.  You might find out that she's carrying bags for the Boss and his Boyfriend.  You might find out that there really IS another woman and they are having hot threesomes in his hotel room.  Either way you'll know.  ",ADVICE
1403,So you’ve been on 6-10 dates? I wouldn’t say you’re properly dating if she doesn’t feel the need to increase the frequency. You seem more into this than her based on what you’ve written. ,APPRAISAL
1404,I do snowball just because I need motivation (pay off the smallest debt first),ANECDOTE
1405,"My opinion probably goes against the grain of this sub, but I reckon that even if you pay sticker price on a fancy new car, if you then keep it for the next 20 years then you're getting your money's worth out of it. It's the people who finance a brand new car with no down-payment and then immediately get rid of it after they've just paid it off that are being dumb with their money.

That being said, I also think that if you're able to get a near-new model of the car you want with the previous owner discount and it has no faults, you're better off doing that than getting a completely brand new car. Although this can be very hard with Toyota and Honda model cars.",ADVICE
1406,Okay thank you for the advice! I think I'll spend the next couple of days writing them,ANECDOTE
1407,Then you file separately. You can not force someone to file joint. ,ADVICE
1408,"> Questions again: How can I legally gather evidence of wrongdoing that is not directly traceable to me? 

The answer is you don't. The police have a process they need to follow. You trying to help will only get in their way, and hurt any case

&#x200B;",WARNING
1409,"Keep driving. Get as much practice in as you can. Learn from what you did wrong on your previous driving. It you can, practice on roads that aren't as well-used, so you can get legitimate experience in without having to worry about other drivers.

Continue studying the book (you should be able to find one for your state online if you don't have a physical copy anymore. Make sure you absolutely know what to do in certain situations- how to turn your wheels on a slope, turning your blinkers on properly, how to switch lanes, how to parallel park.

Practice.",ADVICE
1410,"OP, how you frame this will make all the difference in the world. ""You smell strongly and not in a good way"" will hurt her feelings. ""Your natural smell has changed dramatically and that's not a good sign"" keeps you on her team and expresses your concern for her health. Maybe still a little embarrassing for her, but focus on the change rather than the horror ",ADVICE
1411,"For completely exact I’d have to answer after a month or two now that I’m tracking. I estimate about $100 in gas as I drive a bit to work, then I guess about 300 for food and fun. 

I can try to talk to them but they will definitely not pay it as they’re trying to retire. I’m not sure I can accurately explain to them without getting mad or crying so maybe I can text them pics and budgets that I have. 

Ok yes at 6.5% they’re approx 8500, 2500, 1200, 2000. The 3.15% at 5500, 2800, 5700. 

That makes sense that I should pay them individually as the snowball, I’ve just been thinking of it as one. I’d have to figure out how to direct all my payment to the specific ones. I guess it’s true I should save more instead of paying the car. ",ANECDOTE
1412,you need to get professional help. talk to a therapist.,ADVICE
1413,"Stay out of it. Don’t pay, don’t ask how it went, just stay out. ",ADVICE
1414,"So... you had an ultimatum you didnt see through and you think HE'S weak and immature?? Ok.....

Whelp your life is gonna keep sucking until you decide to DO something about it and leave the person who is causing you the most stress and misery in your life. Find soemone who is the greatest joy and source of support in your life. Join the rest of us who are in healthy sustainable marriages. It's great on this side. But you need to sever your ties with this bum first. ",ADVICE
1415,"Have you seen him to confirm if he is sick or not? If he isn't, I would stick to telling her that. You never actually saw him smoking the joint so you can't prove it's his. Did whoever it was smoke it inside? Because damn near the whole house would reek of weed. Seems kind of stupid to me to smoke a joint in someone else's house, who I gather probably doesn't smoke weed and will definitely smell it. Therefore they will handle it and you wouldn't need to.",ADVICE
1416,"Oh it’s too late I apologised 😅 but thanks for being there for me! My intentions was for everybody to have fun, but some didn’t. I actually had a great time before lilly’s friend showed up. Then I got stressed and wanted to fix things up. Lilly’s group was  also giving threats to people including me so yeah it could have ended bad but I managed to confront them and they left... 

The only people I could say had lots of fun was Lilly not everybody else... ",ANECDOTE
1417,"Alright my man,  she is young and so are you.  You have a good monogamous mind but she isn’t there yet.  Let her have her fun and in the mean time, you work on whatever you can I.e. your body, your hobbies etc.  if she comes around she come around.  If she doesn’t then fuck her and move on.  Cut off all contact.  It will likely drive her crazy and she will come crawling back but in the event that she doesn’t then you will have improved yourself and will be stronger and better. Believe in yourself. ",ADVICE
1418,"First: make sure you're not encouraging any behavior her mom wouldn't approve of, whether it's having sex or smoking or whatever. That's going to be a tough hole to dig yourself out of.

Tell her mom that you want to be a source of support for your cousin. You care about her, and you're a good person for her to look to for advice because you've been where she is recently. You'd never encourage her to make bad decisions; you want to give her information you think she'll need to make good ones, based on your own experience.",ADVICE
1419,"One of my exes called his daughter after me
And persisted to find a way to talk me after 11 years after breaking up! How creepy 
My husband finally told him off
It sent chills down my spine that the motivation behind name picking was his obsession with me 
He after was still saying how much he loved me that was insane 
I’m afraid your husband and that guy have this in common. Creepy. ",ANECDOTE
1420,"Give the fire chief a call, and he’d be probably very delighted to tear some lanlord a new asshole for closing up a fire exit for a handicapped person.",ADVICE
1421,That is a different degree of fucked up! I hate to say this but I think you need to defer a year. ,ADVICE
1422,"Yeah. This is good advice. I mentioned in another post that we already have plans to hang out tomorrow, so I'm gonna talk to her about this then. I plan on telling her that I'm interested in her still (I trust her on some level, despite that probably being a bad idea. I've been friends with her for well over a year and she's only ever been reliable.) but I'd like to have some space so we can think about this. 

&#x200B;

My plan is to talk to her and tell her that I want space until she decides. ",ANECDOTE
1423,"Did this hotel not take a credit card from you initially? Most do for possible damages. In fact, I have never rented a hotel room without giving a card for possible incidentals. Do they want an additional card from you? 

It seems like for some reason you were let in to stay without the usual preparations and now the hotel is responding by keeping your phone unless you do give a card for damages that aren't even in your room. I would ask if there is any video evidence of you damaging the pool area. 

In any case, they cant take your property even if you did do any damage. I would ask for it back once more, while also asking for footage/evidence showing you destroyed hotel property. If they refuse, call the police for help in retrieving your property. ",ADVICE
1424,That’s perfectly fine. I want joint custody. My daughter has every right to a healthy happy relationship with her dad whom she adores. I’m just scared he’ll be spiteful and try to use me living with my parents against me. ,ANECDOTE
1425,"she was playing with you like a cat plays with a mouse before it kills it

I don't know why people do this - but some do

did you do something horrible to her? in the past?",APPRAISAL
1426,"""it’s not that big of a deal even though I’ve lost sleep over it.""

You just contradicted yourself. It is a big deal, you're just trying to tell yourself it isn't to preserve the relationship. ",APPRAISAL
1427,A lawyer could probably help OP navigate the unique issues associated with getting a restraining order on a non-partner who is also a police officer.,ADVICE
1428,"Agreed, if that's what the girlfriend wants. Ultimately it's her decision.",APPRAISAL
1429,"It's difficult. You become addicted to it. I still consider cutting myself when I feel even slightly upset.

I quit kinda cold turkey. I saw how much it was hurting my fiancé. He saw the cuts and I hated seeing him upset about it. ",ANECDOTE
1430,"Well the fact that all the ""good"" things you listed were around sex, cleaning and cooking doesn't help you come across as a loving SO. You also clearly say you kept her at a distance on purpose. Not saying cheating is justified at all but maybe she felt as though she wasn't getting out of the relationship what she was putting in. ",APPRAISAL
1431,"Thanks for this!!!

Im renting a room and the place is furnished I just need to get my individual room furnished. Included in the 1600 is all utilities as well as cleaning supplies, laundry detergent as well as occasional cleaning services. The master tenant is taking care of all of this which is super awesome. 

On the car: my good friend from college lives in SF right now and has a car so hopefully for the first year or two we can squad and hit some of the more far away destinations. 

Forgot cellphone + spotify/ netflix - will add this to my budget. 

Will also budget some $ for travel. Going to try and travel hack a little with rewards so hoping to keep that budget low. 

On my grocery/food/eating out budget - do my estimates seem reasonable? I’m a big Trader Joe’s Fan but will probably try and get produce elsewhere. ",ANECDOTE
1432,"Hmm I know where I live teachers make a decent wage that certainly can afford travel and luxuries if they aren't reckless, and do get pay increases the longer they have been working. Does she live outside her means? Because that isn't a good idea if she does. I mean you can always find a higher earner but who knows if they will always be in that position. ",APPRAISAL
1433,ok I am actually pregnant and taking anti seizure meds. They gave me 2 choices as the safest for pregnancy LAMICTAL as the BEST option and Keppra as a close second.  Lamictal is also used for other issues and I haven't reacted well to it in the past it made me a total zombie so I went with Keppra. He's straight up lying to you. ,ANECDOTE
1434,"There is no good way to put a number on what your wife is going through.  If you sue, that is for the jury to decide and usually women fair better in that category, but you are going to have to prove distress, not just say you are.  Psych reports, medical records, etc will all be needed to convince a jury her distress is worth more than $1500.  If you think $1500 is a lowball offer, and it probably is, you need to hire a PI lawyer.  They will take 30% or more depending on how the case rolls, but the payout will most likely be higher.",ADVICE
1435,I had my lost card used for $300. I called the bank right away and reported it stolen. Filed with police too. Got all but $50 back. The bank's rules are they keep that $50. Fine with me. ,ANECDOTE
1436,It sounds like the landlord wants them out for whatever reason. The notice is just the start of the process. The landlord has to take them to court to actually evict them. That normally takes a month or more. So your folks should get a lawyer and fight the eviction in court. ,ADVICE
1437,"Being in a new city I would imagine there are lots of new things to explore. Parks, libraries, museums, etc. ",ANECDOTE
1438,"Ahhh that US Marine guy you replied to below deleted his comment. I wanted to thank him for putting in the effort to reply.

Your reply is much appreciated and I will copy and paste it into a txt file, if you don't mind so I can review it and take it all into mind. Thanks for putting in the effort. As that Marine stated, having to follow orders is an issue in all different styles of career. but within Police and Military, more so.
The various orders and situations within the military are what really hold me back on that side of the advance. Hence I feel I would rather go with Police training. That and the fact that I haven't been through any training, nor been in many high risk/quick decision scenario's such as you mentioned. I'm completely untested.

There will be lots to learn and humility will be needed. I may not be able to hack it. I don't know yet.

""You'll have to do things you never wanted to do"" At the end of your fourth paragraph. Can you elaborate please?
 
As for your comment below. I have no disillusionment's about saving the world my friend. Global warming will spark mass migration, walls will be built and shots will be fired. Bombs will fall.
I want to try and make a difference, as I stated, even if its just a small thing for one person a day. But yes your right, as of yet, I know nothing about serving.

One more question for you actually. I had a lung collapse a few years back and its still somewhat weak. I.E I could have a potential lung collapse again at any time. Though I have run, walked miles non stop etc since it's still a thing. You think this will be a no go? As I say, I can run and lift weights, its just an unfortunate possibility. I mean I see overweight police walking around so?

Once again. Many thanks and many more! :)",ANECDOTE
1439,"Hmm, guess you're right, now when I think about it, we had similar talks, but that was at the very begenning, now I'm avoiding that talks. Sorry for misinformation, my bad",ANECDOTE
1440,Thanks for the response. Just need some reinforcement of my thoughts. Thank you. ,ANECDOTE
1441,"You're 18, the child isn't yours, and you two presumably haven't even been seeing each other for very long. Sorry, man, but I think you know what you have to do. You've got your whole life ahead of you. Become a father if and when you feel ready.",ADVICE
1442,"I think you’re a great human being for thinking of someone else’s feelings without knowing them. However, IF you tell him & your GF & RM find out It could cause chaos in your relationship. The RM will be mad at you & probably want to cut off GF. GF is gonna be mad at your for breaking her trust because she told you this in secret & it may fuck up her living situation. Not saying you shouldn’t tell the guy because he does deserve to know but you should be aware of the consequences it may come with. ",ADVICE
1443,You could end up sent out to battle and it'll be killed or be killed. You might not get a cushy job. Are you prepared for that?,WARNING
1444,Been through the same shit. Bottom line is she doesn't want you to do to her what she is doing to you. Do yourself a favor and move on.,ADVICE
1445,You don’t seem to realize that the “evidence ” is in response to your behavior and attitude rather than a decaying or your physical attractiveness.   You should go back with this as the main issue now.  ,ADVICE
1446,"They were less helpful than you'd think, beleive it or not.

They seem less inclined to help unless I am in serious need of medical attention, been arrested, or . 

Their solution is a loan with 30% interest for flight tickets, and it takes them a decent amount of time to arrange said loan (if I even qualify). I will return to them if I end up in what they consider an ""emergency"" condition.

Basically as far as they're concerned, as long as I can walk and talk, I should be able to find a way.",ANECDOTE
1447,"Do you care more about fostering a healthy relationship wherein emotion and love take precedent, or is being the best sexual partner she's had really that important?

Find your balance between the two. She's with you and not him. That does speak a volume louder than words could. ",ADVICE
1448,What are the other factors involved? Do you like the job you have now? Why are you trying to leave? What is the new job title versus your current job title? How would it look on a resume? How much is more pay? What are your current expenses?,ADVICE
1449,You can go for it if you expect nothing really serious between you both but if you can't take it as nothing more than a game well read the other comments,ADVICE
1450,"Oh, I’m sorry to hear about that :(
As far as our conversation went, I told him about my concerns and asked if he wanted to go on a break. He said no, he definitely wants to keep dating, and that he’s sorry things have been weird lately. I’m not 100% satisfied with how it went, but I’m gonna see how things feel over the next week and act from there.",ANECDOTE
1451,This is most likely the case because the two of you have different love languages. It's a really interesting topic that I can't explain here but once you find out his love language you'll be able to see how he shares his affection and learn to appreciate it,ADVICE
1452,"Electric is billed after use.  So it's usually behind a month or more. There are dates on the bills of the month or dates of service.  Cable, water, sanitation etc are often billed for the month of., meaning from the day you move in. That is possibly why there's a difference. How often you are  there does not affect you percentage of the bills.  If it's three ways or five or whatever, you pay your percentage, not per days of use.  That's how it always worked in any apartment share I did.  Your asking for the villa to be posted is a good idea and will make collecting bit easier.  Write everyone's share and date due. In big red sharpie.  Then they send a image to all.  Harder to say I forgot.  ",ADVICE
1453,"You're right, it's very passionate and I did enjoy it very much, it's only when I stop to think about it, maybe overthink it, is when it actually became an issue.  Maybe I should just enjoy the experience and be grateful that she trusts me enough to let me have my way with her.",ANECDOTE
1454,"> My lawyer is clearly on friendly terms with the court and the officers and seems to want to please them.

These people spend day in and day out with each other. Of course, they are friendly. With that being said, your lawyer is duty-bound to act in your best interest. If they are recommending pleaing, I would listen to them. No one here is going to disagree with an actual lawyer. 

Also, keep in mind that the prosecution will often settle for far less than they expect to get if the case went to trial, to avoid seeing a million DUI's clogging up the court system. For this reason, I hazard to guess that the plea is probably in your best interest. 

With that being said, the ultimate choice is up to you. If this is the hill you want to die on, that is your right. I suspect the lawyer is suggesting a plea as it'll likely cost you more to fight it (with a lawyer) then the plea. ",ADVICE
1455,"Inquiries can also be a black mark on your file, so don’t mention anything about the accident or any hypothetical claims.",WARNING
1456,You need to move out.  Figure out how to do that.  ,ADVICE
1457,"Thank you, I'll be patient and make our own memories.",ANECDOTE
1458,"only advice ive ever gotten is to suck it up until you get used to it. i can work a 60 hour week on my feet no problem, but it takes a bit to get used to it if its not consistent or you've been off your feet for a while. I knew a chef once who I had seen work 100 hour work weeks on his feet when we were short on staff, great man too its just too bad people start to lose their sanity after that much work. Every so often ill do a stretch at work to loosen up and it seems to help. Goodluck",ANECDOTE
1459,"Okay Thank You, I will try and keep this in mind",ANECDOTE
1460,As long as you're not naked or doing g some horrible sexual act I think you should be fine. Just be careful next time when putting photos on the interwebs,ADVICE
1461,You both get a name and the kid chooses which they like later. ,ADVICE
1462,Or a portion of the rental proceeds for a pre-defined period of time.  Don’t sign that contract.,ADVICE
1463,"I have no idea if Betterment looks across all your Betterment accounts, good question to ask them.  But if they did tax harvesting automatically I doubt they are going to block or alert you if you try to purchase the same security, but maybe they do",ADVICE
1464,"The fuck are you still doing with her mate? Shes a cunt with a big ego that'll disappear when her ass n tits start to sag n she gets wrinkles. 

I really hate to say it but she definitely does not love you. Someone who loves you will never put ""fame"" or Instagram before their partner. Ever. And things are not gonna get better. You need to move on now. Like i mean in the next 10 minutes now. ",ADVICE
1465,This is helping me lot since I tend to wash my bed accessories like once a month.,ANECDOTE
1466,"Do the 401k to max the match, then fund the IRA, then if you can max the IRA and still are able to save more for retirement, go back to the 401k.",ADVICE
1467,"sorry. Neither of us called the police. They threatened to ( I was looking for my phone so i couldnt). 

They didnt take photos  and i dindt have a phone to take one with. (and i was so shocked from the impact/sound of the impact i wasnt thinking straight ). 

We exchanged info. Then they left. My damage is minimay. they hit their mirror I didnt even get a good look. 

It's my fault i didnt push for photos or police, but she was saying i opened my car door onto her mirror and when i said no i was standing the door was already open she said she had 2 witneses in her car what are you going to say and then her 2 friends got out and started threatening me, the girl with police and the guy like ""you really not going to argue here?"" 

And they left. I didnt have my phone (I know its ridiculous but thats why i was out there in the first place)

I wish i let them call the police because then it could have been sorted out. I was literally parked on my street where i have residential parking, getting something out of my car when i heard the bang!. And in retrospect i feel really lucky they werent a little closer and hit me instead of just my door",ANECDOTE
1468,"This is excellent advice. I would add though, ask you boyfriend to play the monster child role and rehearse your technique before going back. It will be hard to do, so try to practice first. ",ADVICE
1469,Go to police and get a lawyer. Make sure to save the video also.,ADVICE
1470,"Go see a school counselor immediately. You are fucking up by taking way too many classes. There's no reason to take more than 12 or 15 credits a semester. It isn't better or clever. It's just, as you see, causing you to fuck everything up.",ADVICE
1471,"don't sweat it, man. just don't stoop to your brother's level. if he gets angry again, don't continue to add fuel to his flame. just try and remain calm. and tell your mom that you're sorry, even if it wasn't entirely your fault. try to be mature, is all I can say. hope this helps",ADVICE
1472,"Honestly man, finish high school at least.",ADVICE
1473,Maybe I guess? Just seems like the worst possible move,APPRAISAL
1474,"Not at all true. Moving requires credit checks, first and last months rent in advance, security deposits, and other hassles.

The monthly rent is literally the least of the issues. ",APPRAISAL
1475,"Personally, if i was 24 years old, i would drop the bonds and go 60/40 on the domestic/intl funds.  Dont own bonds until you turn 30, start at 2% and up it 2% a year.  Simple",ADVICE
1476,"Rape should never be rationalized. And he isn't much of a feminist if he gets sexually violent just because someone pays you a compliment. Him being intoxicated is not an excuse. Would you still stay with him if he does this again? What if in the future you split up, would he do this to someone else? Call the police, he should be charged.",ADVICE
1477,Go for it man.  What is the absolute worst thing that can happen?  She and her friends think you're weird/awkward and you weren't actually invited?  The only thing at stake here is your feelings and if things go well you could have a cool girl in your life.,ADVICE
1478,She helped because she stayed home . Childcare is ridiculously expensive and how could your dad work if if she didn't stay home to be with the kids,APPRAISAL
1479,"I hope to put $20,000 into either paying off my student and other loans or in emergency funds. 

I (24) started my first career position at a state agency in October last year after getting my masters degree, and I have been putting over half of my money toward this goal so far ($2,000 a month). 

I anticipate taking at least one bigger vacation this year so I'm shooting for just under that amount on average all year.

If I do this, I will be halfway out of debt after just over a year of working, and will be left with lower interest debts that will allow me to focus a bit on saving.",ANECDOTE
1480,Oh my god! My brother in law just went through this exact situation!! Even though it's his house (owns it) the druggies not only got to stay they had him arrested for assault. Placed a no contact order on him and it took months for him to get his house back! It's ridiculous and completely insane. ,ANECDOTE
1481,"There’s no legal reason, most just don’t as a matter of policy. It’s really a shame how much harder it’s become to have safe teen travel adventures like today’s adults did thirty years ago. ",APPRAISAL
1482,No- getting a new car is a dumb idea for you. You have an 18% interest rate which tells me your credit is terrible. How much do you have saved up? How are you going to afford $300/ month car payment plus probably another $100/ mnth for full insurance? ,ADVICE
1483,"If you can't make it where you are how in the heck do you think you're going to make it in California?  Sure he'll make more money but everything else will cost more as well.  Much more depending on what part you move to.

If you want to move out there then you should start saving and have a decent nest egg for yourself and a plan on how you can both work.  That gets a lot easier once your daughter is in school.  ",ADVICE
1484,"You sister must have gone to college to be an officer.

 If you join any service, such as the Air Force, it will only be for 4 years and you can take tests and choose a career field that may give you a real foundation for the rest of your life. Being stationed anywhere in the world is a crap shoot but there are real opportunities for travel and adventure so that's the luck of the draw. 

It's okay to make mistakes and try out new things because you can always make changes and moves that will enrich your life. If you don't make choices they others will make them for you.",ADVICE
1485,You do not need to take out a loan to build credit.  You're wasting your own money.  Pay it off now and save yourself the interest.  Read the wiki on credit building. ,ADVICE
1486,Not every situation needs a fist. You stood up for her got the apology. If hes a repeat offender that's when it becomes an issue,ADVICE
1487,"Ask this question to your self:

1. Do you have money? Are you rich? (Money is not the answer to everything, but sure do solve lot of problems)
2. At least do you have steady job?
3. Will you love this kid as you own? (I doubt this since you already said that you felling sick that she is pregnant with someone else child)
4. how many ex you have? (I read something online, average a man will date 10-20 woman before they get married)

it is not fair if I tell you to walk away from the girl you love when she is in time needed you the most. but I am sure want you to think about your future too. ",ADVICE
1488,"IANAL but am EMS personnel in Illinois. I worked for a private company that would not charge for refusals however, a rival company in the area did charge for any type of response to a 911 call, refusal or not. As of late, fire departments have begun to do this as well to help curb unnecessary call volume and the cost it takes to man the response. Although you didn’t call, you are still liable for the charges. However, as others have pointed out, the party at faults insurance should cover it fully. To cover yourself, I would call the service and explain the situation. Inform them of the other persons instance information if you have it, and tell them that’s who they can hunt down for the balance. I’ve known some services to receive a call/complaint similar to this and just waive the charge entirely. Good luck to you!",ADVICE
1489,"Umm, yeah, that's a criminal offence in a lot of jurisdictions  (including mine). Please report this guy. 

He's knowingly endangered your health. ",ADVICE
1490,Hygiene. Learn that washing is not the same as merely rinsing yourself and that you don't smell the same to others as you smell to yourself.,ADVICE
1491,"So, from your comments I gathered:


- your dad has completely isolated you, no friends, no contact to other family members on either side
- homeschooled
- you live in a remote area
- you're not allowed to leave on your own, under the pretense that it's too dangerous outside (= you're not even allowed to walk to the bus-stop) and your dad is the only one that drives
- your dad is angry when he finds out that you have made online-friends


o_O You have more problems than your dad not wantig you to act feminine. Please, check out [/r/raisedbynarcissists/](https://www.reddit.com/r/raisedbynarcissists/).",ADVICE
1492,Thank you.  I'll try my best and I'll try to ask for help I'm not used to this!  ,ANECDOTE
1493,"Common interest & hobbies? 
Food?
Music, shows, movies?

Honestly... just let it flow. Be yourself. So cliche but normal human convos usually work that way. If it’s forced or not compatible then on to the next.",ADVICE
1494,Don’t forget that she’s the one with the “part time job”,APPRAISAL
1495,"Invite him out to do stuff outside of work, it'll help strengthen your friendship.",ADVICE
1496,"Okay, then I apologize. I don't know why I thought you said they did in the comments. My bad. I agree with your friend but I think his motives are not because he wants to protect you. ",APPRAISAL
1497,"Love this idea. Depending on the person asking, I’m definitely adding it to my arsenal. ",APPRAISAL
1498,"Personally, I'd be fine with it. Sex wouldn't be a thing that I'd need. I don't know about everyone else though. To bring it up seems like any other thing that should be brought up in order to set the standards for one another. Also, if someone new is really sexually active and needs that sorta thing, to find that out later on as the relationship goes farther probably wouldn't be good. Best to get it out of the way.

By the way, zero dating and relationship experience, so, you know, ignore all that if you'd like.",ADVICE
1499,"I see a recurring theme.

Your parents have you wrapped around their fingers and you regularly fight with your husband over this.

If you want to keep sowing seeds of resentment and see your marriage fail keep fighting with your husband over your parents. Otherwise, stop feeling guilty. You have to be there for him before your parents (and he for you before his), and then your kids and their future.

You are married. At this point you owe nothing to your parents. Nothing at all.",ADVICE
1500,"Use a note or email to tell the owner and the girl who he's been taking pictures of at the same time and let them work out what they want to do about it. Use a new anonymous email address. 

Definitely not okay. Not illegal, but not okay. Especially if he's her boss. ",ADVICE
